{"type":"FeatureCollection","features":[{"type":"Feature","geometry":{"type":"Polygon","coordinates":[[[47.92488591304215,20.86258589238884],[48.02088361500376,20.864285296362343],[48.019099426523894,20.954519927477794],[47.923044449384804,20.95281250081656],[47.92488591304215,20.86258589238884]]]},"id":"18,231","properties":{"lon":47.97197897371524,"lat":20.90855759799799,"grid_id":"AHN-00001"}},{"type":"Feature","geometry":{"type":"Polygon","coordinates":[[[48.02088361500376,20.864285296362343],[48.1168907933977,20.86593097791693],[48.11516390580393,20.956173378271885],[48.019099426523894,20.954519927477794],[48.02088361500376,20.864285296362343]]]},"id":"19,231","properties":{"lon":48.06801003822912,"lat":20.910234089656207,"grid_id":"AHN-00002"}},{"type":"Feature","geometry":{"type":"Polygon","coordinates":[[[48.1168907933977,20.86593097791693],[48.21290714423132,20.86752291513719],[48.211237582412494,20.95777283116369],[48.11516390580393,20.956173378271885],[48.1168907933977,20.86593097791693]]]},"id":"20,231","properties":{"lon":48.16405043982355,"lat":20.911856721163065,"grid_id":"AHN-00003"}},{"type":"Feature","geometry":{"type":"Polygon","coordinates":[[[47.82699927902605,20.95105112103781],[47.923044449384804,20.95281250081656],[47.921193178916866,21.043038000021035],[47.8250904554463,21.04126833463758],[47.82699927902605,20.95105112103781]]]},"id":"17,232","properties":{"lon":47.874082483467035,"lat":20.99704921354551,"grid_id":"AHN-00004"}},{"type":"Feature","geometry":{"type":"Polygon","coordinates":[[[47.923044449384804,20.95281250081656],[48.019099426523894,20.954519927477794],[48.01730573587378,21.044753458671316],[47.921193178916866,21.043038000021035],[47.923044449384804,20.95281250081656]]]},"id":"18,232","properties":{"lon":47.97016132076431,"lat":20.998787697109915,"grid_id":"AHN-00005"}},{"type":"Feature","geometry":{"type":"Polygon","coordinates":[[[48.019099426523894,20.954519927477794],[48.11516390580393,20.956173378271885],[48.11342782085331,21.046414687714808],[48.01730573587378,21.044753458671316],[48.019099426523894,20.954519927477794]]]},"id":"19,232","properties":{"lon":48.06624982566324,"lat":21.000472089318613,"grid_id":"AHN-00006"}},{"type":"Feature","geometry":{"type":"Polygon","coordinates":[[[48.11516390580393,20.956173378271885],[48.211237582412494,20.95777283116369],[48.20955912821777,21.048021664996252],[48.11342782085331,21.046414687714808],[48.11516390580393,20.956173378271885]]]},"id":"20,232","properties":{"lon":48.16234769302862,"lat":21.002102367708847,"grid_id":"AHN-00007"}},{"type":"Feature","geometry":{"type":"Polygon","coordinates":[[[48.211237582412494,20.95777283116369],[48.307320151369574,20.959318264833286],[48.30569935216092,21.049574369079505],[48.20955912821777,21.048021664996252],[48.211237582412494,20.95777283116369]]]},"id":"21,232","properties":{"lon":48.25845461752679,"lat":21.003678510551612,"grid_id":"AHN-00008"}},{"type":"Feature","geometry":{"type":"Polygon","coordinates":[[[48.307320151369574,20.959318264833286],[48.403411307533126,20.960809658676677],[48.40184818671358,21.05107277924825],[48.30569935216092,21.049574369079505],[48.307320151369574,20.959318264833286]]]},"id":"22,232","properties":{"lon":48.35457029372655,"lat":21.005200496817764,"grid_id":"AHN-00009"}},{"type":"Feature","geometry":{"type":"Polygon","coordinates":[[[47.8250904554463,21.04126833463758],[47.921193178916866,21.043038000021035],[47.91933207493217,21.13326238575548],[47.82317149306467,21.13148442511768],[47.8250904554463,21.04126833463758]]]},"id":"17,233","properties":{"lon":47.87219744373989,"lat":21.087270042449962,"grid_id":"AHN-00010"}},{"type":"Feature","geometry":{"type":"Polygon","coordinates":[[[47.921193178916866,21.043038000021035],[48.01730573587378,21.044753458671316],[48.01550251717155,21.134985885751664],[47.91933207493217,21.13326238575548],[47.921193178916866,21.043038000021035]]]},"id":"18,233","properties":{"lon":47.96833400018251,"lat":21.089016689572723,"grid_id":"AHN-00011"}},{"type":"Feature","geometry":{"type":"Polygon","coordinates":[[[48.01730573587378,21.044753458671316],[48.11342782085331,21.046414687714808],[48.11168251348928,21.136654902108244],[48.01550251717155,21.134985885751664],[48.01730573587378,21.044753458671316]]]},"id":"19,233","properties":{"lon":48.06448025059923,"lat":21.090708991509004,"grid_id":"AHN-00012"}},{"type":"Feature","geometry":{"type":"Polygon","coordinates":[[[48.11342782085331,21.046414687714808],[48.20955912821777,21.048021664996252],[48.207871757416825,21.138269412549473],[48.11168251348928,21.136654902108244],[48.11342782085331,21.046414687714808]]]},"id":"20,233","properties":{"lon":48.16063588904272,"lat":21.092346925680825,"grid_id":"AHN-00013"}},{"type":"Feature","geometry":{"type":"Polygon","coordinates":[[[48.20955912821777,21.048021664996252],[48.30569935216092,21.049574369079505],[48.304069942316204,21.13982939552263],[48.207871757416825,21.138269412549473],[48.20955912821777,21.048021664996252]]]},"id":"21,233","properties":{"lon":48.25680060935014,"lat":21.093930470242768,"grid_id":"AHN-00014"}},{"type":"Feature","geometry":{"type":"Polygon","coordinates":[[[48.30569935216092,21.049574369079505],[48.40184818671358,21.05107277924825],[48.40027676138554,21.141334830198733],[48.304069942316204,21.13982939552263],[48.30569935216092,21.049574369079505]]]},"id":"22,233","properties":{"lon":48.35297410524506,"lat":21.095459604055108,"grid_id":"AHN-00015"}},{"type":"Feature","geometry":{"type":"Polygon","coordinates":[[[48.40184818671358,21.05107277924825],[48.49800532574915,21.052516875506722],[48.49649190766466,21.142785696473247],[48.40027676138554,21.141334830198733],[48.40184818671358,21.05107277924825]]]},"id":"23,233","properties":{"lon":48.44915607024072,"lat":21.096934306703346,"grid_id":"AHN-00016"}},{"type":"Feature","geometry":{"type":"Polygon","coordinates":[[[47.82317149306467,21.13148442511768],[47.91933207493217,21.13326238575548],[47.91746111054499,21.223485653779072],[47.821242364166636,21.22169938817979],[47.82317149306467,21.13148442511768]]]},"id":"17,234","properties":{"lon":47.87030240420644,"lat":21.177489750974637,"grid_id":"AHN-00017"}},{"type":"Feature","geometry":{"type":"Polygon","coordinates":[[[47.91933207493217,21.13326238575548],[48.01550251717155,21.134985885751664],[48.01368974436134,21.225217204533788],[47.91746111054499,21.223485653779072],[47.91933207493217,21.13326238575548]]]},"id":"18,234","properties":{"lon":47.966496985576065,"lat":21.179244571181208,"grid_id":"AHN-00018"}},{"type":"Feature","geometry":{"type":"Polygon","coordinates":[[[48.01550251717155,21.134985885751664],[48.11168251348928,21.136654902108244],[48.10992795848678,21.226894017321165],[48.01368974436134,21.225217204533788],[48.01550251717155,21.134985885751664]]]},"id":"19,234","properties":{"lon":48.06270128748988,"lat":21.180944792081753,"grid_id":"AHN-00019"}},{"type":"Feature","geometry":{"type":"Polygon","coordinates":[[[48.11168251348928,21.136654902108244],[48.207871757416825,21.138269412549473],[48.206175445616374,21.22851606974461],[48.10992795848678,21.226894017321165],[48.11168251348928,21.136654902108244]]]},"id":"20,234","properties":{"lon":48.158915003140685,"lat":21.1825903909793,"grid_id":"AHN-00020"}},{"type":"Feature","geometry":{"type":"Polygon","coordinates":[[[48.207871757416825,21.138269412549473],[48.304069942316204,21.13982939552263],[48.30243189827481,21.230083340134456],[48.206175445616374,21.22851606974461],[48.207871757416825,21.138269412549473]]]},"id":"21,234","properties":{"lon":48.25513782557095,"lat":21.18418134590494,"grid_id":"AHN-00021"}},{"type":"Feature","geometry":{"type":"Polygon","coordinates":[[[48.304069942316204,21.13982939552263],[48.40027676138554,21.141334830198733],[48.39869700882197,21.23159580754869],[48.30243189827481,21.230083340134456],[48.304069942316204,21.13982939552263]]]},"id":"22,234","properties":{"lon":48.351369447611084,"lat":21.185717635609585,"grid_id":"AHN-00022"}},{"type":"Feature","geometry":{"type":"Polygon","coordinates":[[[48.40027676138554,21.141334830198733],[48.49649190766466,21.142785696473247],[48.49497046945851,21.233053451773685],[48.39869700882197,21.23159580754869],[48.40027676138554,21.141334830198733]]]},"id":"23,234","properties":{"lon":48.44760956201146,"lat":21.187199239565306,"grid_id":"AHN-00023"}},{"type":"Feature","geometry":{"type":"Polygon","coordinates":[[[48.49649190766466,21.142785696473247],[48.59271507404068,21.144181974966774],[48.59125197223152,21.23445625332487],[48.49497046945851,21.233053451773685],[48.49649190766466,21.142785696473247]]]},"id":"24,234","properties":{"lon":48.54385786126536,"lat":21.188626137987644,"grid_id":"AHN-00024"}},{"type":"Feature","geometry":{"type":"Polygon","coordinates":[[[48.59271507404068,21.144181974966774],[48.68894595325358,21.145523647025716],[48.68754120904014,21.235804193447393],[48.59125197223152,21.23445625332487],[48.59271507404068,21.144181974966774]]]},"id":"25,234","properties":{"lon":48.64011403780119,"lat":21.189998311795577,"grid_id":"AHN-00025"}},{"type":"Feature","geometry":{"type":"Polygon","coordinates":[[[47.821242364166636,21.22169938817979],[47.91746111054499,21.223485653779072],[47.91558025868905,21.313707799856957],[47.81930304085152,21.311913219531295],[47.821242364166636,21.22169938817979]]]},"id":"17,235","properties":{"lon":47.868397337473546,"lat":21.267708334833927,"grid_id":"AHN-00026"}},{"type":"Feature","geometry":{"type":"Polygon","coordinates":[[[47.91746111054499,21.223485653779072],[48.01368974436134,21.225217204533788],[48.01186739121226,21.315447410838818],[47.91558025868905,21.313707799856957],[47.91746111054499,21.223485653779072]]]},"id":"18,235","properties":{"lon":47.96465025039552,"lat":21.26947133771013,"grid_id":"AHN-00027"}},{"type":"Feature","geometry":{"type":"Polygon","coordinates":[[[48.01368974436134,21.225217204533788],[48.10992795848678,21.226894017321165],[48.10816413045129,21.31713202922896],[48.01186739121226,21.315447410838818],[48.01368974436134,21.225217204533788]]]},"id":"19,235","properties":{"lon":48.06091291059535,"lat":21.27117948687354,"grid_id":"AHN-00028"}},{"type":"Feature","geometry":{"type":"Polygon","coordinates":[[[48.10992795848678,21.226894017321165],[48.206175445616374,21.22851606974461],[48.20447016825924,21.318761632509553],[48.10816413045129,21.31713202922896],[48.10992795848678,21.226894017321165]]]},"id":"20,235","properties":{"lon":48.15718501043808,"lat":21.27283275950007,"grid_id":"AHN-00029"}},{"type":"Feature","geometry":{"type":"Polygon","coordinates":[[[48.206175445616374,21.22851606974461],[48.30243189827481,21.230083340134456],[48.30078519631786,21.32033619889361],[48.20447016825924,21.318761632509553],[48.206175445616374,21.22851606974461]]]},"id":"21,235","properties":{"lon":48.25346624211509,"lat":21.274431133494325,"grid_id":"AHN-00030"}},{"type":"Feature","geometry":{"type":"Polygon","coordinates":[[[48.30243189827481,21.230083340134456],[48.39869700882197,21.23159580754869],[48.39710890614313,21.321855707325746],[48.30078519631786,21.32033619889361],[48.30243189827481,21.230083340134456]]]},"id":"22,235","properties":{"lon":48.34975629763234,"lat":21.27597458749498,"grid_id":"AHN-00031"}},{"type":"Feature","geometry":{"type":"Polygon","coordinates":[[[48.39869700882197,21.23159580754869],[48.49497046945851,21.233053451773685],[48.49344098909098,21.323320137482888],[48.39710890614313,21.321855707325746],[48.39869700882197,21.23159580754869]]]},"id":"23,235","properties":{"lon":48.44605486885887,"lat":21.27746310086759,"grid_id":"AHN-00032"}},{"type":"Feature","geometry":{"type":"Polygon","coordinates":[[[48.49497046945851,21.233053451773685],[48.59125197223152,21.23445625332487],[48.58978113636282,21.32472946977496],[48.49344098909098,21.323320137482888],[48.49497046945851,21.233053451773685]]]},"id":"24,235","properties":{"lon":48.54236164750879,"lat":21.27889665369943,"grid_id":"AHN-00033"}},{"type":"Feature","geometry":{"type":"Polygon","coordinates":[[[48.59125197223152,21.23445625332487],[48.68754120904014,21.235804193447393],[48.68612903901131,21.326083685345566],[48.58978113636282,21.32472946977496],[48.59125197223152,21.23445625332487]]]},"id":"25,235","properties":{"lon":48.63867632510484,"lat":21.280275226838846,"grid_id":"AHN-00034"}},{"type":"Feature","geometry":{"type":"Polygon","coordinates":[[[48.68754120904014,21.235804193447393],[48.78383787164117,21.237097254116776],[48.782484387945985,21.3273827660726],[48.68612903901131,21.326083685345566],[48.68754120904014,21.235804193447393]]]},"id":"26,235","properties":{"lon":48.73499859307782,"lat":21.281598801839746,"grid_id":"AHN-00035"}},{"type":"Feature","geometry":{"type":"Polygon","coordinates":[[[47.72303604548697,21.310063693839062],[47.81930304085152,21.311913219531295],[47.81735349503151,21.40212591488534],[47.7210277486954,21.4002678099761],[47.72303604548697,21.310063693839062]]]},"id":"16,236","properties":{"lon":47.77018074653024,"lat":21.356099509826073,"grid_id":"AHN-00036"}},{"type":"Feature","geometry":{"type":"Polygon","coordinates":[[[47.81930304085152,21.311913219531295],[47.91558025868905,21.313707799856957],[47.91368949211646,21.403928819760242],[47.81735349503151,21.40212591488534],[47.81930304085152,21.311913219531295]]]},"id":"17,236","properties":{"lon":47.866482215961625,"lat":21.357925789775155,"grid_id":"AHN-00037"}},{"type":"Feature","geometry":{"type":"Polygon","coordinates":[[[47.91558025868905,21.313707799856957],[48.01186739121226,21.315447410838818],[48.01003543131742,21.40567650049411],[47.91368949211646,21.403928819760242],[47.91558025868905,21.313707799856957]]]},"id":"18,236","properties":{"lon":47.962793767895704,"lat":21.35969698497118,"grid_id":"AHN-00038"}},{"type":"Feature","geometry":{"type":"Polygon","coordinates":[[[48.01186739121226,21.315447410838818],[48.10816413045129,21.31713202922896],[48.10639100381791,21.40736893371346],[48.01003543131742,21.40567650049411],[48.01186739121226,21.315447410838818]]]},"id":"19,236","properties":{"lon":48.059115094031874,"lat":21.361413071739676,"grid_id":"AHN-00039"}},{"type":"Feature","geometry":{"type":"Polygon","coordinates":[[[48.10816413045129,21.31713202922896],[48.20447016825924,21.318761632509553],[48.202755900623465,21.409006096778842],[48.10639100381791,21.40736893371346],[48.10816413045129,21.31713202922896]]]},"id":"20,236","properties":{"lon":48.15544588587305,"lat":21.36307402714333,"grid_id":"AHN-00040"}},{"type":"Feature","geometry":{"type":"Polygon","coordinates":[[[48.20447016825924,21.318761632509553],[48.30078519631786,21.32033619889361],[48.29912981256724,21.410587967785595],[48.202755900623465,21.409006096778842],[48.20447016825924,21.318761632509553]]]},"id":"21,236","properties":{"lon":48.25178583476953,"lat":21.3646798289526,"grid_id":"AHN-00041"}},{"type":"Feature","geometry":{"type":"Polygon","coordinates":[[[48.30078519631786,21.32033619889361],[48.39710890614313,21.321855707325746],[48.39551243031572,21.412114525564597],[48.29912981256724,21.410587967785595],[48.30078519631786,21.32033619889361]]]},"id":"22,236","properties":{"lon":48.34813463190644,"lat":21.366230455701572,"grid_id":"AHN-00042"}},{"type":"Feature","geometry":{"type":"Polygon","coordinates":[[[48.39710890614313,21.321855707325746],[48.49344098909098,21.323320137482888],[48.49190344437439,21.41358574968298],[48.39551243031572,21.412114525564597],[48.39710890614313,21.321855707325746]]]},"id":"23,236","properties":{"lon":48.44449196827652,"lat":21.367725886641722,"grid_id":"AHN-00043"}},{"type":"Feature","geometry":{"type":"Polygon","coordinates":[[[48.49344098909098,21.323320137482888],[48.58978113636282,21.32472946977496],[48.588302545093384,21.41500162044484],[48.49190344437439,21.41358574968298],[48.49344098909098,21.323320137482888]]]},"id":"24,236","properties":{"lon":48.54085753475162,"lat":21.36916610176751,"grid_id":"AHN-00044"}},{"type":"Feature","geometry":{"type":"Polygon","coordinates":[[[48.58978113636282,21.32472946977496],[48.68612903901131,21.326083685345566],[48.68470942267322,21.416362118891893],[48.588302545093384,21.41500162044484],[48.58978113636282,21.32472946977496]]]},"id":"25,236","properties":{"lon":48.637231022021425,"lat":21.370551081793685,"grid_id":"AHN-00045"}},{"type":"Feature","geometry":{"type":"Polygon","coordinates":[[[48.68612903901131,21.326083685345566],[48.782484387945985,21.3273827660726],[48.78112376717045,21.417667226804127],[48.68470942267322,21.416362118891893],[48.68612903901131,21.326083685345566]]]},"id":"26,236","properties":{"lon":48.7336121206446,"lat":21.371880808183885,"grid_id":"AHN-00046"}},{"type":"Feature","geometry":{"type":"Polygon","coordinates":[[[48.782484387945985,21.3273827660726],[48.87884687393888,21.328626694568907],[48.877545268503376,21.418916926700433],[48.78112376717045,21.417667226804127],[48.782484387945985,21.3273827660726]]]},"id":"27,236","properties":{"lon":48.83000052103201,"lat":21.37315526314129,"grid_id":"AHN-00047"}},{"type":"Feature","geometry":{"type":"Polygon","coordinates":[[[47.7210277486954,21.4002678099761],[47.81735349503151,21.40212591488534],[47.815393698430555,21.492337469960784],[47.71900889267835,21.490470775654064],[47.7210277486954,21.4002678099761]]]},"id":"16,237","properties":{"lon":47.768196623113845,"lat":21.446307374691074,"grid_id":"AHN-00048"}},{"type":"Feature","geometry":{"type":"Polygon","coordinates":[[[47.81735349503151,21.40212591488534],[47.91368949211646,21.403928819760242],[47.91178878339675,21.49414870926603],[47.815393698430555,21.492337469960784],[47.81735349503151,21.40212591488534]]]},"id":"17,237","properties":{"lon":47.86455701192014,"lat":21.44814211154722,"grid_id":"AHN-00049"}},{"type":"Feature","geometry":{"type":"Polygon","coordinates":[[[47.91368949211646,21.403928819760242],[48.01003543131742,21.40567650049411],[48.00819383809292,21.495904469333222],[47.91178878339675,21.49414870926603],[47.91368949211646,21.403928819760242]]]},"id":"18,237","properties":{"lon":47.960927511166595,"lat":21.449921508768714,"grid_id":"AHN-00050"}},{"type":"Feature","geometry":{"type":"Polygon","coordinates":[[[48.01003543131742,21.40567650049411],[48.10639100381791,21.40736893371346],[48.10460855285035,21.497604726662928],[48.00819383809292,21.495904469333222],[48.01003543131742,21.40567650049411]]]},"id":"19,237","properties":{"lon":48.05730781170935,"lat":21.45164554255069,"grid_id":"AHN-00051"}},{"type":"Feature","geometry":{"type":"Polygon","coordinates":[[[48.10639100381791,21.40736893371346],[48.202755900623465,21.409006096778842],[48.20103261782132,21.499249458493686],[48.10460855285035,21.497604726662928],[48.10639100381791,21.40736893371346]]]},"id":"20,237","properties":{"lon":48.15369760421286,"lat":21.453314189821352,"grid_id":"AHN-00052"}},{"type":"Feature","geometry":{"type":"Polygon","coordinates":[[[48.202755900623465,21.409006096778842],[48.29912981256724,21.410587967785595],[48.29746572298475,21.50083864280279],[48.20103261782132,21.499249458493686],[48.202755900623465,21.409006096778842]]]},"id":"21,237","properties":{"lon":48.25009657917073,"lat":21.454927428259875,"grid_id":"AHN-00053"}},{"type":"Feature","geometry":{"type":"Polygon","coordinates":[[[48.29912981256724,21.410587967785595],[48.39551243031572,21.412114525564597],[48.393907558151945,21.502372258307012],[48.29746572298475,21.50083864280279],[48.29912981256724,21.410587967785595]]]},"id":"22,237","properties":{"lon":48.3465044268988,"lat":21.456485236263,"grid_id":"AHN-00054"}},{"type":"Feature","geometry":{"type":"Polygon","coordinates":[[[48.39551243031572,21.412114525564597],[48.49190344437439,21.41358574968298],[48.49035781297228,21.503850284463358],[48.393907558151945,21.502372258307012],[48.39551243031572,21.412114525564597]]]},"id":"23,237","properties":{"lon":48.44292083756557,"lat":21.45798759297558,"grid_id":"AHN-00055"}},{"type":"Feature","geometry":{"type":"Polygon","coordinates":[[[48.49190344437439,21.41358574968298],[48.588302545093384,21.41500162044484],[48.58681617693892,21.50527270146975],[48.49035781297228,21.503850284463358],[48.49190344437439,21.41358574968298]]]},"id":"24,237","properties":{"lon":48.5393455011675,"lat":21.45943447827953,"grid_id":"AHN-00056"}},{"type":"Feature","geometry":{"type":"Polygon","coordinates":[[[48.588302545093384,21.41500162044484],[48.68470942267322,21.416362118891893],[48.683282339394516,21.5066394902657],[48.58681617693892,21.50527270146975],[48.588302545093384,21.41500162044484]]]},"id":"25,237","properties":{"lon":48.63577810755234,"lat":21.46082587279012,"grid_id":"AHN-00057"}},{"type":"Feature","geometry":{"type":"Polygon","coordinates":[[[48.68470942267322,21.416362118891893],[48.78112376717045,21.417667226804127],[48.779755989536966,21.507950632532975],[48.683282339394516,21.5066394902657],[48.68470942267322,21.416362118891893]]]},"id":"26,237","properties":{"lon":48.7322183464221,"lat":21.46216175788078,"grid_id":"AHN-00058"}},{"type":"Feature","geometry":{"type":"Polygon","coordinates":[[[48.78112376717045,21.417667226804127],[48.877545268503376,21.418916926700433],[48.87623681642512,21.50920611069621],[48.779755989536966,21.507950632532975],[48.78112376717045,21.417667226804127]]]},"id":"27,237","properties":{"lon":48.82866590731374,"lat":21.46344211564056,"grid_id":"AHN-00059"}},{"type":"Feature","geometry":{"type":"Polygon","coordinates":[[[48.877545268503376,21.418916926700433],[48.973973616457776,21.42011120183918],[48.97272450898455,21.510405907923502],[48.87623681642512,21.50920611069621],[48.877545268503376,21.418916926700433]]]},"id":"28,237","properties":{"lon":48.925120479696595,"lat":21.46466692891733,"grid_id":"AHN-00060"}},{"type":"Feature","geometry":{"type":"Polygon","coordinates":[[[47.815393698430555,21.492337469960784],[47.91178878339675,21.49414870926603],[47.90987810491577,21.58436746415737],[47.81342362258332,21.582547880482196],[47.815393698430555,21.492337469960784]]]},"id":"17,238","properties":{"lon":47.8626216973953,"lat":21.53835729589027,"grid_id":"AHN-00061"}},{"type":"Feature","geometry":{"type":"Polygon","coordinates":[[[47.91178878339675,21.49414870926603],[48.00819383809292,21.495904469333222],[48.00634258477687,21.586131313195914],[47.90987810491577,21.58436746415737],[47.91178878339675,21.49414870926603]]]},"id":"18,238","properties":{"lon":47.95905145310824,"lat":21.54014490489278,"grid_id":"AHN-00062"}},{"type":"Feature","geometry":{"type":"Polygon","coordinates":[[[48.00819383809292,21.495904469333222],[48.10460855285035,21.497604726662928],[48.10281675163997,21.58783940397206],[48.00634258477687,21.586131313195914],[48.00819383809292,21.495904469333222]]]},"id":"19,238","properties":{"lon":48.055491037394596,"lat":21.54187689514466,"grid_id":"AHN-00063"}},{"type":"Feature","geometry":{"type":"Polygon","coordinates":[[[48.10460855285035,21.497604726662928],[48.20103261782132,21.499249458493686],[48.199300294798405,21.58949171360194],[48.10281675163997,21.58783940397206],[48.10460855285035,21.497604726662928]]]},"id":"20,238","properties":{"lon":48.15194014006569,"lat":21.543553243459876,"grid_id":"AHN-00064"}},{"type":"Feature","geometry":{"type":"Polygon","coordinates":[[[48.20103261782132,21.499249458493686],[48.29746572298475,21.50083864280279],[48.29579290337118,21.591088219944435],[48.199300294798405,21.58949171360194],[48.20103261782132,21.499249458493686]]]},"id":"21,238","properties":{"lon":48.24839845075146,"lat":21.545173927373735,"grid_id":"AHN-00065"}},{"type":"Feature","geometry":{"type":"Polygon","coordinates":[[[48.29746572298475,21.50083864280279],[48.393907558151945,21.502372258307012],[48.39229426630871,21.592628901601852],[48.29579290337118,21.591088219944435],[48.29746572298475,21.50083864280279]]]},"id":"22,238","properties":{"lon":48.344865658924725,"lat":21.54673892518091,"grid_id":"AHN-00066"}},{"type":"Feature","geometry":{"type":"Polygon","coordinates":[[[48.393907558151945,21.502372258307012],[48.49035781297228,21.503850284463358],[48.48880407239855,21.594113737920704],[48.39229426630871,21.592628901601852],[48.393907558151945,21.502372258307012]]]},"id":"23,238","properties":{"lon":48.44134145388678,"lat":21.54824821591763,"grid_id":"AHN-00067"}},{"type":"Feature","geometry":{"type":"Polygon","coordinates":[[[48.49035781297228,21.503850284463358],[48.58681617693892,21.50527270146975],[48.58532201027114,21.59554270899241],[48.48880407239855,21.594113737920704],[48.49035781297228,21.503850284463358]]]},"id":"24,238","properties":{"lon":48.53782552477265,"lat":21.549701779353928,"grid_id":"AHN-00068"}},{"type":"Feature","geometry":{"type":"Polygon","coordinates":[[[48.58681617693892,21.50527270146975],[48.683282339394516,21.5066394902657],[48.681847768405596,21.596915795653963],[48.58532201027114,21.59554270899241],[48.58681617693892,21.50527270146975]]]},"id":"25,238","properties":{"lon":48.6343175605711,"lat":21.551099596008612,"grid_id":"AHN-00069"}},{"type":"Feature","geometry":{"type":"Polygon","coordinates":[[[48.683282339394516,21.5066394902657],[48.779755989536966,21.507950632532975],[48.77838103513539,21.59823297948858],[48.681847768405596,21.596915795653963],[48.683282339394516,21.5066394902657]]]},"id":"26,238","properties":{"lon":48.73081725012447,"lat":21.552441647128425,"grid_id":"AHN-00070"}},{"type":"Feature","geometry":{"type":"Polygon","coordinates":[[[48.779755989536966,21.507950632532975],[48.87623681642512,21.50920611069621],[48.87492149865419,21.599494242826342],[48.77838103513539,21.59823297948858],[48.779755989536966,21.507950632532975]]]},"id":"27,238","properties":{"lon":48.82732428211793,"lat":21.553727914735877,"grid_id":"AHN-00071"}},{"type":"Feature","geometry":{"type":"Polygon","coordinates":[[[48.87623681642512,21.50920611069621],[48.97272450898455,21.510405907923502],[48.971468847021605,21.600699568744812],[48.87492149865419,21.599494242826342],[48.87623681642512,21.50920611069621]]]},"id":"28,238","properties":{"lon":48.923838345126946,"lat":21.554958381575098,"grid_id":"AHN-00072"}},{"type":"Feature","geometry":{"type":"Polygon","coordinates":[[[47.81342362258332,21.582547880482196],[47.90987810491577,21.58436746415737],[47.9079574288747,21.674585080223302],[47.81144323883411,21.67275714217991],[47.81342362258332,21.582547880482196]]]},"id":"17,239","properties":{"lon":47.860676244254364,"lat":21.628571338572538,"grid_id":"AHN-00073"}},{"type":"Feature","geometry":{"type":"Polygon","coordinates":[[[47.90987810491577,21.58436746415737],[48.00634258477687,21.586131313195914],[48.004481644428346,21.676357027928177],[47.9079574288747,21.674585080223302],[47.90987810491577,21.58436746415737]]]},"id":"18,239","properties":{"lon":47.95716556643637,"lat":21.63036716917044,"grid_id":"AHN-00074"}},{"type":"Feature","geometry":{"type":"Polygon","coordinates":[[[48.00634258477687,21.586131313195914],[48.10281675163997,21.58783940397206],[48.101015574104785,21.678072961542007],[48.004481644428346,21.676357027928177],[48.00634258477687,21.586131313195914]]]},"id":"19,239","properties":{"lon":48.0536647446576,"lat":21.632107125411764,"grid_id":"AHN-00075"}},{"type":"Feature","geometry":{"type":"Polygon","coordinates":[[[48.10281675163997,21.58783940397206],[48.199300294798405,21.58949171360194],[48.19755890633269,21.67973285805816],[48.101015574104785,21.678072961542007],[48.10281675163997,21.58783940397206]]]},"id":"20,239","properties":{"lon":48.15017346786011,"lat":21.633791183965588,"grid_id":"AHN-00076"}},{"type":"Feature","geometry":{"type":"Polygon","coordinates":[[[48.199300294798405,21.58949171360194],[48.29579290337118,21.591088219944435],[48.29411132936539,21.681336695216682],[48.19755890633269,21.67973285805816],[48.199300294798405,21.58949171360194]]]},"id":"21,239","properties":{"lon":48.24669142481893,"lat":21.63541932227203,"grid_id":"AHN-00077"}},{"type":"Feature","geometry":{"type":"Polygon","coordinates":[[[48.29579290337118,21.591088219944435],[48.39229426630871,21.592628901601852],[48.39067253128669,21.68288445150508],[48.29411132936539,21.681336695216682],[48.29579290337118,21.591088219944435]]]},"id":"22,239","properties":{"lon":48.34321830413024,"lat":21.636991518496878,"grid_id":"AHN-00078"}},{"type":"Feature","geometry":{"type":"Polygon","coordinates":[[[48.39229426630871,21.592628901601852],[48.48880407239855,21.594113737920704],[48.48724220001658,21.684376106159014],[48.39067253128669,21.68288445150508],[48.39229426630871,21.592628901601852]]]},"id":"23,239","properties":{"lon":48.43975379425181,"lat":21.63850775155883,"grid_id":"AHN-00079"}},{"type":"Feature","geometry":{"type":"Polygon","coordinates":[[[48.48880407239855,21.594113737920704],[48.58532201027114,21.59554270899241],[48.583820023317045,21.685811639163063],[48.48724220001658,21.684376106159014],[48.48880407239855,21.594113737920704]]]},"id":"24,239","properties":{"lon":48.536297583439094,"lat":21.639968001124778,"grid_id":"AHN-00080"}},{"type":"Feature","geometry":{"type":"Polygon","coordinates":[[[48.58532201027114,21.59554270899241],[48.681847768405596,21.596915795653963],[48.68040568879784,21.687191031251356],[48.583820023317045,21.685811639163063],[48.58532201027114,21.59554270899241]]]},"id":"25,239","properties":{"lon":48.632849359806535,"lat":21.64137224759879,"grid_id":"AHN-00081"}},{"type":"Feature","geometry":{"type":"Polygon","coordinates":[[[48.681847768405596,21.596915795653963],[48.77838103513539,21.59823297948858],[48.7769988839223,21.688514263908267],[48.68040568879784,21.687191031251356],[48.681847768405596,21.596915795653963]]]},"id":"26,239","properties":{"lon":48.7294088113483,"lat":21.642720472150998,"grid_id":"AHN-00082"}},{"type":"Feature","geometry":{"type":"Polygon","coordinates":[[[48.77838103513539,21.59823297948858],[48.87492149865419,21.599494242826342],[48.873599296013126,21.68978131936902],[48.7769988839223,21.688514263908267],[48.77838103513539,21.59823297948858]]]},"id":"27,239","properties":{"lon":48.825975625890344,"lat":21.644012656681184,"grid_id":"AHN-00083"}},{"type":"Feature","geometry":{"type":"Polygon","coordinates":[[[48.87492149865419,21.599494242826342],[48.971468847021605,21.600699568744812],[48.970206612258174,21.69099218062033],[48.873599296013126,21.68978131936902],[48.87492149865419,21.599494242826342]]]},"id":"28,239","properties":{"lon":48.92254949109556,"lat":21.645248783852974,"grid_id":"AHN-00084"}},{"type":"Feature","geometry":{"type":"Polygon","coordinates":[[[48.971468847021605,21.600699568744812],[49.06802276816898,21.60184894106958],[49.06682051971632,21.692146831400958],[48.970206612258174,21.69099218062033],[48.971468847021605,21.600699568744812]]]},"id":"29,239","properties":{"lon":49.01913009455921,"lat":21.64642883707145,"grid_id":"AHN-00085"}},{"type":"Feature","geometry":{"type":"Polygon","coordinates":[[[47.9079574288747,21.674585080223302],[48.004481644428346,21.676357027928177],[48.0026109899264,21.766581609382232],[47.90602672728894,21.764801553258863],[47.9079574288747,21.674585080223302]]]},"id":"18,240","properties":{"lon":47.95526982370079,"lat":21.72058829742854,"grid_id":"AHN-00086"}},{"type":"Feature","geometry":{"type":"Polygon","coordinates":[[[48.004481644428346,21.676357027928177],[48.101015574104785,21.678072961542007],[48.09920499398853,21.7683053952804],[48.0026109899264,21.766581609382232],[48.004481644428346,21.676357027928177]]]},"id":"19,240","properties":{"lon":48.051828906901136,"lat":21.722336229222833,"grid_id":"AHN-00087"}},{"type":"Feature","geometry":{"type":"Polygon","coordinates":[[[48.101015574104785,21.678072961542007],[48.19755890633269,21.67973285805816],[48.19580842703355,21.769972887823567],[48.09920499398853,21.7683053952804],[48.101015574104785,21.678072961542007]]]},"id":"20,240","properties":{"lon":48.148397561858275,"lat":21.72402800729025,"grid_id":"AHN-00088"}},{"type":"Feature","geometry":{"type":"Polygon","coordinates":[[[48.19755890633269,21.67973285805816],[48.29411132936539,21.681336695216682],[48.2924209764434,21.77158406463259],[48.19580842703355,21.769972887823567],[48.19755890633269,21.67973285805816]]]},"id":"21,240","properties":{"lon":48.24497547648785,"lat":21.725663608944508,"grid_id":"AHN-00089"}},{"type":"Feature","geometry":{"type":"Polygon","coordinates":[[[48.29411132936539,21.681336695216682],[48.39067253128669,21.68288445150508],[48.38904232942947,21.77313890407978],[48.2924209764434,21.77158406463259],[48.29411132936539,21.681336695216682]]]},"id":"22,240","properties":{"lon":48.34156233851348,"lat":21.72724301223973,"grid_id":"AHN-00090"}},{"type":"Feature","geometry":{"type":"Polygon","coordinates":[[[48.39067253128669,21.68288445150508],[48.48724220001658,21.684376106159014],[48.48567217303842,21.774637385289612],[48.38904232942947,21.77313890407978],[48.39067253128669,21.68288445150508]]]},"id":"23,240","properties":{"lon":48.438157835512264,"lat":21.728766195976604,"grid_id":"AHN-00091"}},{"type":"Feature","geometry":{"type":"Polygon","coordinates":[[[48.48724220001658,21.684376106159014],[48.583820023317045,21.685811639163063],[48.582310194157984,21.77607948813946],[48.48567217303842,21.774637385289612],[48.48724220001658,21.684376106159014]]]},"id":"24,240","properties":{"lon":48.5347616548745,"lat":21.730233139711064,"grid_id":"AHN-00092"}},{"type":"Feature","geometry":{"type":"Polygon","coordinates":[[[48.583820023317045,21.685811639163063],[48.68040568879784,21.687191031251356],[48.678956079522806,21.777465193260273],[48.582310194157984,21.77607948813946],[48.583820023317045,21.685811639163063]]]},"id":"25,240","properties":{"lon":48.63137348385739,"lat":21.73164382375551,"grid_id":"AHN-00093"}},{"type":"Feature","geometry":{"type":"Polygon","coordinates":[[[48.68040568879784,21.687191031251356],[48.7769988839223,21.688514263908267],[48.775609515720234,21.778794482037252],[48.678956079522806,21.777465193260273],[48.68040568879784,21.687191031251356]]]},"id":"26,240","properties":{"lon":48.7279930095597,"lat":21.73299822915686,"grid_id":"AHN-00094"}},{"type":"Feature","geometry":{"type":"Polygon","coordinates":[[[48.7769988839223,21.688514263908267],[48.873599296013126,21.68978131936902],[48.8722701891962,21.780067336610475],[48.775609515720234,21.778794482037252],[48.7769988839223,21.688514263908267]]]},"id":"27,240","properties":{"lon":48.82461991893689,"lat":21.734296337738964,"grid_id":"AHN-00095"}},{"type":"Feature","geometry":{"type":"Polygon","coordinates":[[[48.0026109899264,21.766581609382232],[48.09920499398853,21.7683053952804],[48.097384984859566,21.858536701101315],[48.00073059396902,21.85680505341651],[48.0026109899264,21.766581609382232]]]},"id":"19,241","properties":{"lon":48.04998349734466,"lat":21.812564202456343,"grid_id":"AHN-00096"}},{"type":"Feature","geometry":{"type":"Polygon","coordinates":[[[48.09920499398853,21.7683053952804],[48.19580842703355,21.769972887823567],[48.1940488313408,21.860211798866086],[48.097384984859566,21.858536701101315],[48.09920499398853,21.7683053952804]]]},"id":"20,241","properties":{"lon":48.146612396155135,"lat":21.81426370936346,"grid_id":"AHN-00097"}},{"type":"Feature","geometry":{"type":"Polygon","coordinates":[[[48.19580842703355,21.769972887823567],[48.2924209764434,21.77158406463259],[48.290721819917415,21.86183032421212],[48.1940488313408,21.860211798866086],[48.19580842703355,21.769972887823567]]]},"id":"21,241","properties":{"lon":48.24325058072459,"lat":21.815906783384175,"grid_id":"AHN-00098"}},{"type":"Feature","geometry":{"type":"Polygon","coordinates":[[[48.2924209764434,21.77158406463259],[48.38904232942947,21.77313890407978],[48.387403636922606,21.86339225539616],[48.290721819917415,21.86183032421212],[48.2924209764434,21.77158406463259]]]},"id":"22,241","properties":{"lon":48.33989773789428,"lat":21.81749340245336,"grid_id":"AHN-00099"}},{"type":"Feature","geometry":{"type":"Polygon","coordinates":[[[48.38904232942947,21.77313890407978],[48.48567217303842,21.774637385289612],[48.48409396852388,21.86489757143113],[48.387403636922606,21.86339225539616],[48.38904232942947,21.77313890407978]]]},"id":"23,241","properties":{"lon":48.436553554369226,"lat":21.819023545264283,"grid_id":"AHN-00100"}},{"type":"Feature","geometry":{"type":"Polygon","coordinates":[[[48.48567217303842,21.774637385289612],[48.582310194157984,21.77607948813946],[48.58079250072892,21.866346252086863],[48.48409396852388,21.86489757143113],[48.48567217303842,21.774637385289612]]]},"id":"24,241","properties":{"lon":48.533217716666925,"lat":21.82049719126233,"grid_id":"AHN-00101"}},{"type":"Feature","geometry":{"type":"Polygon","coordinates":[[[48.582310194157984,21.77607948813946],[48.678956079522806,21.777465193260273],[48.67749891939139,21.8677382778908],[48.58079250072892,21.866346252086863],[48.582310194157984,21.77607948813946]]]},"id":"25,241","properties":{"lon":48.62988991115679,"lat":21.821914320645508,"grid_id":"AHN-00102"}},{"type":"Feature","geometry":{"type":"Polygon","coordinates":[[[48.678956079522806,21.777465193260273],[48.775609515720234,21.778794482037252],[48.774212910216875,21.869073630128646],[48.67749891939139,21.8677382778908],[48.678956079522806,21.777465193260273]]]},"id":"26,241","properties":{"lon":48.72656982406584,"lat":21.823274914378057,"grid_id":"AHN-00103"}},{"type":"Feature","geometry":{"type":"Polygon","coordinates":[[[48.775609515720234,21.778794482037252],[48.8722701891962,21.780067336610475],[48.870934158768655,21.870352290845013],[48.774212910216875,21.869073630128646],[48.775609515720234,21.778794482037252]]]},"id":"27,241","properties":{"lon":48.82325714147626,"lat":21.824578954172154,"grid_id":"AHN-00104"}},{"type":"Feature","geometry":{"type":"Polygon","coordinates":[[[48.8722701891962,21.780067336610475],[48.968937786261016,21.781283739875512],[48.96766235047367,21.871574242844044],[48.870934158768655,21.870352290845013],[48.8722701891962,21.780067336610475]]]},"id":"28,241","properties":{"lon":48.91995154930761,"lat":21.825826422499446,"grid_id":"AHN-00105"}},{"type":"Feature","geometry":{"type":"Polygon","coordinates":[[[47.80745143204855,21.85317220205421],[47.90408597198708,21.855016879065058],[47.90213513460983,21.945231053448886],[47.80543995073912,21.943377991720105],[47.80745143204855,21.85317220205421]]]},"id":"17,242","properties":{"lon":47.85477876897853,"lat":21.89920657428466,"grid_id":"AHN-00106"}},{"type":"Feature","geometry":{"type":"Polygon","coordinates":[[[47.90408597198708,21.855016879065058],[48.00073059396902,21.85680505341651],[47.998840429072025,21.947027355895692],[47.90213513460983,21.945231053448886],[47.90408597198708,21.855016879065058]]]},"id":"18,242","properties":{"lon":47.95144865924667,"lat":21.90102712916414,"grid_id":"AHN-00107"}},{"type":"Feature","geometry":{"type":"Polygon","coordinates":[[[48.00073059396902,21.85680505341651],[48.097384984859566,21.858536701101315],[48.09555552010998,21.94876687492529],[47.998840429072025,21.947027355895692],[48.00073059396902,21.85680505341651]]]},"id":"19,242","properties":{"lon":48.04812848903033,"lat":21.902791041018556,"grid_id":"AHN-00108"}},{"type":"Feature","geometry":{"type":"Polygon","coordinates":[[[48.097384984859566,21.858536701101315],[48.1940488313408,21.860211798866086],[48.19228009352373,21.950449587160335],[48.09555552010998,21.94876687492529],[48.097384984859566,21.858536701101315]]]},"id":"20,242","properties":{"lon":48.144817944666315,"lat":21.904498286137933,"grid_id":"AHN-00109"}},{"type":"Feature","geometry":{"type":"Polygon","coordinates":[[[48.1940488313408,21.860211798866086],[48.290721819917415,21.86183032421212],[48.28901383493493,21.952075469982155],[48.19228009352373,21.950449587160335],[48.1940488313408,21.860211798866086]]]},"id":"21,242","properties":{"lon":48.24151671231651,"lat":21.90614884158159,"grid_id":"AHN-00110"}},{"type":"Feature","geometry":{"type":"Polygon","coordinates":[[[48.290721819917415,21.86183032421212],[48.387403636922606,21.86339225539616],[48.38575642979274,21.95364450153156],[48.28901383493493,21.952075469982155],[48.290721819917415,21.86183032421212]]]},"id":"22,242","properties":{"lon":48.338224477946135,"lat":21.90774268518217,"grid_id":"AHN-00111"}},{"type":"Feature","geometry":{"type":"Polygon","coordinates":[[[48.387403636922606,21.86339225539616],[48.48409396852388,21.86489757143113],[48.48250756337968,21.95515666070956],[48.38575642979274,21.95364450153156],[48.387403636922606,21.86339225539616]]]},"id":"23,242","properties":{"lon":48.43494092736671,"lat":21.90927979551569,"grid_id":"AHN-00112"}},{"type":"Feature","geometry":{"type":"Polygon","coordinates":[[[48.48409396852388,21.86489757143113],[48.58079250072892,21.866346252086863],[48.5792669208175,21.956611927178102],[48.48250756337968,21.95515666070956],[48.48409396852388,21.86489757143113]]]},"id":"24,242","properties":{"lon":48.53166574622579,"lat":21.91076015190706,"grid_id":"AHN-00113"}},{"type":"Feature","geometry":{"type":"Polygon","coordinates":[[[48.58079250072892,21.866346252086863],[48.67749891939139,21.8677382778908],[48.67603418707308,21.958010281360774],[48.5792669208175,21.956611927178102],[48.58079250072892,21.866346252086863]]]},"id":"25,242","properties":{"lon":48.62839862000624,"lat":21.91218373446813,"grid_id":"AHN-00114"}},{"type":"Feature","geometry":{"type":"Polygon","coordinates":[[[48.67749891939139,21.8677382778908],[48.774212910216875,21.869073630128646],[48.772809046964305,21.95935170444347],[48.67603418707308,21.958010281360774],[48.67749891939139,21.8677382778908]]]},"id":"26,242","properties":{"lon":48.72513923405736,"lat":21.913550524052038,"grid_id":"AHN-00115"}},{"type":"Feature","geometry":{"type":"Polygon","coordinates":[[[48.774212910216875,21.869073630128646],[48.870934158768655,21.870352290845013],[48.869591185166,21.960636178375033],[48.772809046964305,21.95935170444347],[48.774212910216875,21.869073630128646]]]},"id":"27,242","properties":{"lon":48.8218872735509,"lat":21.914860502267217,"grid_id":"AHN-00116"}},{"type":"Feature","geometry":{"type":"Polygon","coordinates":[[[48.870934158768655,21.870352290845013],[48.96766235047367,21.871574242844044],[48.966380286215795,21.961863685867872],[48.869591185166,21.960636178375033],[48.870934158768655,21.870352290845013]]]},"id":"28,242","properties":{"lon":48.91864242355195,"lat":21.916113651486782,"grid_id":"AHN-00117"}},{"type":"Feature","geometry":{"type":"Polygon","coordinates":[[[47.80543995073912,21.943377991720105],[47.90213513460983,21.945231053448886],[47.90017418660891,22.035444072223328],[47.80341804497933,22.033582615540933],[47.80543995073912,21.943377991720105]]]},"id":"17,243","properties":{"lon":47.852792476261385,"lat":21.98941600798764,"grid_id":"AHN-00118"}},{"type":"Feature","geometry":{"type":"Polygon","coordinates":[[[47.90213513460983,21.945231053448886],[47.998840429072025,21.947027355895692],[47.99694046756813,22.03724851269068],[47.90017418660891,22.035444072223328],[47.90213513460983,21.945231053448886]]]},"id":"18,243","properties":{"lon":47.94952318168831,"lat":21.99124482432777,"grid_id":"AHN-00119"}},{"type":"Feature","geometry":{"type":"Polygon","coordinates":[[[47.998840429072025,21.947027355895692],[48.09555552010998,21.94876687492529],[48.09371657295447,22.038995912679358],[47.99694046756813,22.03724851269068],[47.998840429072025,21.947027355895692]]]},"id":"19,243","properties":{"lon":48.04626385483044,"lat":21.993016740781332,"grid_id":"AHN-00120"}},{"type":"Feature","geometry":{"type":"Polygon","coordinates":[[[48.09555552010998,21.94876687492529],[48.19228009352373,21.950449587160335],[48.19050218768008,22.04068624868764],[48.09371657295447,22.038995912679358],[48.09555552010998,21.94876687492529]]]},"id":"20,243","properties":{"lon":48.14301418113154,"lat":21.994731733538625,"grid_id":"AHN-00121"}},{"type":"Feature","geometry":{"type":"Polygon","coordinates":[[[48.19228009352373,21.950449587160335],[48.28901383493493,21.952075469982155],[48.287296996477735,22.042319497976518],[48.19050218768008,22.04068624868764],[48.19228009352373,21.950449587160335]]]},"id":"21,243","properties":{"lon":48.239773845891314,"lat":21.99638977954396,"grid_id":"AHN-00122"}},{"type":"Feature","geometry":{"type":"Polygon","coordinates":[[[48.28901383493493,21.952075469982155],[48.38575642979274,21.95364450153156],[48.384100683906674,22.04389563857047],[48.287296996477735,22.042319497976518],[48.28901383493493,21.952075469982155]]]},"id":"22,243","properties":{"lon":48.336542534167464,"lat":21.997990856490837,"grid_id":"AHN-00123"}},{"type":"Feature","geometry":{"type":"Polygon","coordinates":[[[48.38575642979274,21.95364450153156],[48.48250756337968,21.95515666070956],[48.480912934358535,22.04541464925824],[48.384100683906674,22.04389563857047],[48.38575642979274,21.95364450153156]]]},"id":"23,243","properties":{"lon":48.43331993089921,"lat":21.99953494284029,"grid_id":"AHN-00124"}},{"type":"Feature","geometry":{"type":"Polygon","coordinates":[[[48.48250756337968,21.95515666070956],[48.5792669208175,21.956611927178102],[48.57773343206329,22.04687650959355],[48.480912934358535,22.04541464925824],[48.48250756337968,21.95515666070956]]]},"id":"24,243","properties":{"lon":48.53010572082794,"lat":22.001022017831215,"grid_id":"AHN-00125"}},{"type":"Feature","geometry":{"type":"Polygon","coordinates":[[[48.5792669208175,21.956611927178102],[48.67603418707308,21.958010281360774],[48.674561861095086,22.04828119989578],[48.57773343206329,22.04687650959355],[48.5792669208175,21.956611927178102]]]},"id":"25,243","properties":{"lon":48.6268995885692,"lat":22.0024520614423,"grid_id":"AHN-00126"}},{"type":"Feature","geometry":{"type":"Polygon","coordinates":[[[48.67603418707308,21.958010281360774],[48.772809046964305,21.95935170444347],[48.771397905378265,22.049628701250693],[48.674561861095086,22.04828119989578],[48.67603418707308,21.958010281360774]]]},"id":"26,243","properties":{"lon":48.723701218556975,"lat":22.00382505442737,"grid_id":"AHN-00127"}},{"type":"Feature","geometry":{"type":"Polygon","coordinates":[[[48.772809046964305,21.95935170444347],[48.869591185166,21.960636178375033],[48.86824124869324,22.050918995511047],[48.771397905378265,22.049628701250693],[48.772809046964305,21.95935170444347]]]},"id":"27,243","properties":{"lon":48.820510295103134,"lat":22.005140978303803,"grid_id":"AHN-00128"}},{"type":"Feature","geometry":{"type":"Polygon","coordinates":[[[48.869591185166,21.960636178375033],[48.966380286215795,21.961863685867872],[48.96509157468244,22.05215206529724],[48.86824124869324,22.050918995511047],[48.869591185166,21.960636178375033]]]},"id":"28,243","properties":{"lon":48.917326502343734,"lat":22.006399815369797,"grid_id":"AHN-00129"}},{"type":"Feature","geometry":{"type":"Polygon","coordinates":[[[47.80341804497933,22.033582615540933],[47.90017418660891,22.035444072223328],[47.898203099245976,22.125655931207376],[47.80138568514513,22.123786069275692],[47.80341804497933,22.033582615540933]]]},"id":"17,244","properties":{"lon":47.8507959014233,"lat":22.079624278901353,"grid_id":"AHN-00130"}},{"type":"Feature","geometry":{"type":"Polygon","coordinates":[[[47.90017418660891,22.035444072223328],[47.99694046756813,22.03724851269068],[47.995030681605805,22.127468519678636],[47.898203099245976,22.125655931207376],[47.90017418660891,22.035444072223328]]]},"id":"18,244","properties":{"lon":47.94758773636382,"lat":22.08146136680261,"grid_id":"AHN-00131"}},{"type":"Feature","geometry":{"type":"Polygon","coordinates":[[[47.99694046756813,22.03724851269068],[48.09371657295447,22.038995912679358],[48.09186811642939,22.12922381029703],[47.995030681605805,22.127468519678636],[47.99694046756813,22.03724851269068]]]},"id":"19,244","properties":{"lon":48.044389567411905,"lat":22.083241297665243,"grid_id":"AHN-00132"}},{"type":"Feature","geometry":{"type":"Polygon","coordinates":[[[48.09371657295447,22.038995912679358],[48.19050218768008,22.04068624868764],[48.18871508773513,22.130921779436054],[48.09186811642939,22.12922381029703],[48.09371657295447,22.038995912679358]]]},"id":"20,244","properties":{"lon":48.14120107913634,"lat":22.084964047558266,"grid_id":"AHN-00133"}},{"type":"Feature","geometry":{"type":"Polygon","coordinates":[[[48.19050218768008,22.04068624868764],[48.287296996477735,22.042319497976518],[48.285571279361,22.13256240423596],[48.18871508773513,22.130921779436054],[48.19050218768008,22.04068624868764]]]},"id":"21,244","properties":{"lon":48.238021955901125,"lat":22.086629593282275,"grid_id":"AHN-00134"}},{"type":"Feature","geometry":{"type":"Polygon","coordinates":[[[48.287296996477735,22.042319497976518],[48.384100683906674,22.04389563857047],[48.382436374970446,22.134145662604546],[48.285571279361,22.13256240423596],[48.287296996477735,22.042319497976518]]]},"id":"22,244","properties":{"lon":48.3348518819071,"lat":22.088237912430046,"grid_id":"AHN-00135"}},{"type":"Feature","geometry":{"type":"Polygon","coordinates":[[[48.384100683906674,22.04389563857047],[48.480912934358535,22.04541464925824],[48.47931005805831,22.1356715332179],[48.382436374970446,22.134145662604546],[48.384100683906674,22.04389563857047]]]},"id":"23,244","properties":{"lon":48.431690541187635,"lat":22.089788983352822,"grid_id":"AHN-00136"}},{"type":"Feature","geometry":{"type":"Polygon","coordinates":[[[48.480912934358535,22.04541464925824],[48.57773343206329,22.04687650959355],[48.57619201195683,22.13713999552115],[48.47931005805831,22.1356715332179],[48.480912934358535,22.04541464925824]]]},"id":"24,244","properties":{"lon":48.52853761759942,"lat":22.091282785157667,"grid_id":"AHN-00137"}},{"type":"Feature","geometry":{"type":"Polygon","coordinates":[[[48.57773343206329,22.04687650959355],[48.674561861095086,22.04828119989578],[48.67308191984155,22.138551029729165],[48.57619201195683,22.13713999552115],[48.57773343206329,22.04687650959355]]]},"id":"25,244","properties":{"lon":48.62539279484512,"lat":22.09271929773551,"grid_id":"AHN-00138"}},{"type":"Feature","geometry":{"type":"Polygon","coordinates":[[[48.674561861095086,22.04828119989578],[48.771397905378265,22.049628701250693],[48.769979464737276,22.13990461682723],[48.67308191984155,22.138551029729165],[48.674561861095086,22.04828119989578]]]},"id":"26,244","properties":{"lon":48.72225575648206,"lat":22.09409850173585,"grid_id":"AHN-00139"}},{"type":"Feature","geometry":{"type":"Polygon","coordinates":[[[48.771397905378265,22.049628701250693],[48.86824124869324,22.050918995511047],[48.8668843295241,22.141200738571715],[48.769979464737276,22.13990461682723],[48.771397905378265,22.049628701250693]]]},"id":"27,244","properties":{"lon":48.81912618591446,"lat":22.095420378582308,"grid_id":"AHN-00140"}},{"type":"Feature","geometry":{"type":"Polygon","coordinates":[[[47.80138568514513,22.123786069275692],[47.898203099245976,22.125655931207376],[47.89622184359153,22.21586662622599],[47.799342841415424,22.213988348689103],[47.80138568514513,22.123786069275692]]]},"id":"17,245","properties":{"lon":47.84878901517986,"lat":22.169831382814483,"grid_id":"AHN-00141"}},{"type":"Feature","geometry":{"type":"Polygon","coordinates":[[[47.898203099245976,22.125655931207376],[47.995030681605805,22.127468519678636],[47.99311104314822,22.217687372742944],[47.89622184359153,22.21586662622599],[47.898203099245976,22.125655931207376]]]},"id":"18,245","properties":{"lon":47.945642294898235,"lat":22.171676752446768,"grid_id":"AHN-00142"}},{"type":"Feature","geometry":{"type":"Polygon","coordinates":[[[47.995030681605805,22.127468519678636],[48.09186811642939,22.12922381029703],[48.090010123391664,22.219450563718286],[47.99311104314822,22.217687372742944],[47.995030681605805,22.127468519678636]]]},"id":"19,245","properties":{"lon":48.0425055992902,"lat":22.173464707580706,"grid_id":"AHN-00143"}},{"type":"Feature","geometry":{"type":"Polygon","coordinates":[[[48.09186811642939,22.12922381029703],[48.18871508773513,22.130921779436054],[48.186918767440616,22.22115617540033],[48.090010123391664,22.219450563718286],[48.09186811642939,22.12922381029703]]]},"id":"20,245","properties":{"lon":48.139378612053314,"lat":22.175195224134434,"grid_id":"AHN-00144"}},{"type":"Feature","geometry":{"type":"Polygon","coordinates":[[[48.18871508773513,22.130921779436054],[48.285571279361,22.13256240423596],[48.283836658232296,22.22280418480819],[48.186918767440616,22.22115617540033],[48.18871508773513,22.130921779436054]]]},"id":"21,245","properties":{"lon":48.236261016627424,"lat":22.17686827881562,"grid_id":"AHN-00145"}},{"type":"Feature","geometry":{"type":"Polygon","coordinates":[[[48.285571279361,22.13256240423596],[48.382436374970446,22.134145662604546],[48.38076347852841,22.224394569732592],[48.283836658232296,22.22280418480819],[48.285571279361,22.13256240423596]]]},"id":"22,245","properties":{"lon":48.33315249634215,"lat":22.17848384907996,"grid_id":"AHN-00146"}},{"type":"Feature","geometry":{"type":"Polygon","coordinates":[[[48.382436374970446,22.134145662604546],[48.47931005805831,22.1356715332179],[48.47769891092108,22.225927308736612],[48.38076347852841,22.224394569732592],[48.382436374970446,22.134145662604546]]]},"id":"23,245","properties":{"lon":48.43005273431268,"lat":22.18004191316703,"grid_id":"AHN-00147"}},{"type":"Feature","geometry":{"type":"Polygon","coordinates":[[[48.47931005805831,22.1356715332179],[48.57619201195683,22.13713999552115],[48.57464263783885,22.227402381156434],[48.47769891092108,22.225927308736612],[48.47931005805831,22.1356715332179]]]},"id":"24,245","properties":{"lon":48.52696141349555,"lat":22.181542450080766,"grid_id":"AHN-00148"}},{"type":"Feature","geometry":{"type":"Polygon","coordinates":[[[48.57619201195683,22.13713999552115],[48.67308191984155,22.138551029729165],[48.671594341552684,22.228819767102053],[48.57464263783885,22.227402381156434],[48.57619201195683,22.13713999552115]]]},"id":"25,245","properties":{"lon":48.62387821671525,"lat":22.182985439593566,"grid_id":"AHN-00149"}},{"type":"Feature","geometry":{"type":"Polygon","coordinates":[[[48.67308191984155,22.138551029729165],[48.769979464737276,22.13990461682723],[48.76855370418192,22.230179447457967],[48.671594341552684,22.228819767102053],[48.67308191984155,22.138551029729165]]]},"id":"26,245","properties":{"lon":48.72080282659075,"lat":22.18437086226265,"grid_id":"AHN-00150"}},{"type":"Feature","geometry":{"type":"Polygon","coordinates":[[[48.769979464737276,22.13990461682723],[48.8668843295241,22.141200738571715],[48.86552040770031,22.23148140388382],[48.76855370418192,22.230179447457967],[48.769979464737276,22.13990461682723]]]},"id":"27,245","properties":{"lon":48.81773492564441,"lat":22.185698699403268,"grid_id":"AHN-00151"}},{"type":"Feature","geometry":{"type":"Polygon","coordinates":[[[48.8668843295241,22.141200738571715],[48.963796196943306,22.142439377490682],[48.96249413394203,22.232725618815053],[48.86552040770031,22.23148140388382],[48.8668843295241,22.141200738571715]]]},"id":"28,245","properties":{"lon":48.91467419621513,"lat":22.186968933108886,"grid_id":"AHN-00152"}},{"type":"Feature","geometry":{"type":"Polygon","coordinates":[[[47.799342841415424,22.213988348689103],[47.89622184359153,22.21586662622599],[47.89423039052378,22.306076153110137],[47.79728948377097,22.304189449551632],[47.799342841415424,22.213988348689103]]]},"id":"17,246","properties":{"lon":47.846771788054475,"lat":22.260037315525334,"grid_id":"AHN-00153"}},{"type":"Feature","geometry":{"type":"Polygon","coordinates":[[[47.89622184359153,22.21586662622599],[47.99311104314822,22.217687372742944],[47.99118152397218,22.30790506777324],[47.89423039052378,22.306076153110137],[47.89622184359153,22.21586662622599]]]},"id":"18,246","properties":{"lon":47.94368682869931,"lat":22.261890977116252,"grid_id":"AHN-00154"}},{"type":"Feature","geometry":{"type":"Polygon","coordinates":[[[47.99311104314822,22.217687372742944],[48.090010123391664,22.219450563718286],[48.088142566517796,22.30967616888961],[47.99118152397218,22.30790506777324],[47.99311104314822,22.217687372742944]]]},"id":"19,246","properties":{"lon":48.04061192279188,"lat":22.263686966426608,"grid_id":"AHN-00155"}},{"type":"Feature","geometry":{"type":"Polygon","coordinates":[[[48.090010123391664,22.219450563718286],[48.186918767440616,22.22115617540033],[48.185113200373756,22.311389432581958],[48.088142566517796,22.30967616888961],[48.090010123391664,22.219450563718286]]]},"id":"20,246","properties":{"lon":48.13754675309793,"lat":22.2654252592545,"grid_id":"AHN-00156"}},{"type":"Feature","geometry":{"type":"Polygon","coordinates":[[[48.186918767440616,22.22115617540033],[48.283836658232296,22.22280418480819],[48.28209310757058,22.31304483574787],[48.185113200373756,22.311389432581958],[48.186918767440616,22.22115617540033]]]},"id":"21,246","properties":{"lon":48.23449100219285,"lat":22.267105832163985,"grid_id":"AHN-00157"}},{"type":"Feature","geometry":{"type":"Polygon","coordinates":[[[48.283836658232296,22.22280418480819],[48.38076347852841,22.224394569732592],[48.37908196996227,22.31464235606061],[48.28209310757058,22.31304483574787],[48.283836658232296,22.22280418480819]]]},"id":"22,246","properties":{"lon":48.3314443524813,"lat":22.2687286625153,"grid_id":"AHN-00158"}},{"type":"Feature","geometry":{"type":"Polygon","coordinates":[[[48.38076347852841,22.224394569732592],[48.47769891092108,22.225927308736612],[48.476079469232225,22.316181971969865],[48.37908196996227,22.31464235606061],[48.38076347852841,22.224394569732592]]]},"id":"23,246","properties":{"lon":48.42840648618914,"lat":22.27029372841137,"grid_id":"AHN-00159"}},{"type":"Feature","geometry":{"type":"Polygon","coordinates":[[[48.47769891092108,22.225927308736612],[48.57464263783885,22.227402381156434],[48.573085286899335,22.317663662702525],[48.476079469232225,22.316181971969865],[48.47769891092108,22.225927308736612]]]},"id":"24,246","properties":{"lon":48.525377085340615,"lat":22.271801008758686,"grid_id":"AHN-00160"}},{"type":"Feature","geometry":{"type":"Polygon","coordinates":[[[48.57464263783885,22.227402381156434],[48.671594341552684,22.228819767102053],[48.67009910432397,22.319087408263364],[48.573085286899335,22.317663662702525],[48.57464263783885,22.227402381156434]]]},"id":"25,246","properties":{"lon":48.622355831873655,"lat":22.273250483230925,"grid_id":"AHN-00161"}},{"type":"Feature","geometry":{"type":"Polygon","coordinates":[[[48.671594341552684,22.228819767102053],[48.76855370418192,22.230179447457967],[48.76712060271397,22.320453189435757],[48.67009910432397,22.319087408263364],[48.671594341552684,22.228819767102053]]]},"id":"26,246","properties":{"lon":48.719342407499695,"lat":22.274642132258368,"grid_id":"AHN-00162"}},{"type":"Feature","geometry":{"type":"Polygon","coordinates":[[[48.76855370418192,22.230179447457967],[48.86552040770031,22.23148140388382],[48.8641494631308,22.321760987782316],[48.76712060271397,22.320453189435757],[48.76855370418192,22.230179447457967]]]},"id":"27,246","properties":{"lon":48.816336493820465,"lat":22.275975937065752,"grid_id":"AHN-00163"}},{"type":"Feature","geometry":{"type":"Polygon","coordinates":[[[48.86552040770031,22.23148140388382],[48.96249413394203,22.232725618815053],[48.96118536649546,22.32301078564555],[48.8641494631308,22.321760987782316],[48.86552040770031,22.23148140388382]]]},"id":"28,246","properties":{"lon":48.913337772273195,"lat":22.277251879662796,"grid_id":"AHN-00164"}},{"type":"Feature","geometry":{"type":"Polygon","coordinates":[[[48.96249413394203,22.232725618815053],[49.059474564607676,22.233912075463504],[49.05822799359461,22.32420256614846],[48.96118536649546,22.32301078564555],[48.96249413394203,22.232725618815053]]]},"id":"29,246","properties":{"lon":49.010345924189686,"lat":22.27846994282586,"grid_id":"AHN-00165"}},{"type":"Feature","geometry":{"type":"Polygon","coordinates":[[[49.059474564607676,22.233912075463504],[49.15646138127032,22.23504075781797],[49.15527702508667,22.32533631319513],[49.05822799359461,22.32420256614846],[49.059474564607676,22.233912075463504]]]},"id":"30,246","properties":{"lon":49.10736063073175,"lat":22.279630110101216,"grid_id":"AHN-00166"}},{"type":"Feature","geometry":{"type":"Polygon","coordinates":[[[47.89423039052378,22.306076153110137],[47.99118152397218,22.30790506777324],[47.98924209566705,22.398121600665416],[47.89222871072756,22.396284507696773],[47.89423039052378,22.306076153110137]]]},"id":"18,247","properties":{"lon":47.94172130900368,"lat":22.352104036676646,"grid_id":"AHN-00167"}},{"type":"Feature","geometry":{"type":"Polygon","coordinates":[[[47.99118152397218,22.30790506777324],[48.088142566517796,22.30967616888961],[48.08626541830278,22.39990062176398],[47.98924209566705,22.398121600665416],[47.99118152397218,22.30790506777324]]]},"id":"19,247","properties":{"lon":48.03870851002558,"lat":22.353908070131634,"grid_id":"AHN-00168"}},{"type":"Feature","geometry":{"type":"Polygon","coordinates":[[[48.088142566517796,22.30967616888961],[48.185113200373756,22.311389432581958],[48.183298359936245,22.401621546989166],[48.08626541830278,22.39990062176398],[48.088142566517796,22.30967616888961]]]},"id":"20,247","properties":{"lon":48.13570547531663,"lat":22.35565414888024,"grid_id":"AHN-00169"}},{"type":"Feature","geometry":{"type":"Polygon","coordinates":[[[48.185113200373756,22.311389432581958],[48.28209310757058,22.31304483574787],[48.28034060168528,22.40328435311662],[48.183298359936245,22.401621546989166],[48.185113200373756,22.311389432581958]]]},"id":"21,247","properties":{"lon":48.23271188654048,"lat":22.35734224936982,"grid_id":"AHN-00170"}},{"type":"Feature","geometry":{"type":"Polygon","coordinates":[[[48.28209310757058,22.31304483574787],[48.37908196996227,22.31464235606061],[48.377391824490154,22.40488901770177],[48.28034060168528,22.40328435311662],[48.28209310757058,22.31304483574787]]]},"id":"22,247","properties":{"lon":48.32972742518366,"lat":22.35897234881657,"grid_id":"AHN-00171"}},{"type":"Feature","geometry":{"type":"Polygon","coordinates":[[[48.37908196996227,22.31464235606061],[48.476079469232225,22.316181971969865],[48.47445170911956,22.40643551908054],[48.377391824490154,22.40488901770177],[48.37908196996227,22.31464235606061]]]},"id":"23,247","properties":{"lon":48.42675177255146,"lat":22.360544425234036,"grid_id":"AHN-00172"}},{"type":"Feature","geometry":{"type":"Polygon","coordinates":[[[48.476079469232225,22.316181971969865],[48.573085286899335,22.317663662702525],[48.571519936176685,22.407923836370156],[48.47445170911956,22.40643551908054],[48.476079469232225,22.316181971969865]]]},"id":"24,247","properties":{"lon":48.52378460979886,"lat":22.362058457400483,"grid_id":"AHN-00173"}},{"type":"Feature","geometry":{"type":"Polygon","coordinates":[[[48.573085286899335,22.317663662702525],[48.67009910432397,22.319087408263364],[48.66859618610527,22.40935394946983],[48.571519936176685,22.407923836370156],[48.573085286899335,22.317663662702525]]]},"id":"25,247","properties":{"lon":48.62082561790381,"lat":22.36351442487088,"grid_id":"AHN-00174"}},{"type":"Feature","geometry":{"type":"Polygon","coordinates":[[[48.67009910432397,22.319087408263364],[48.76712060271397,22.320453189435757],[48.76568013919567,22.410725839061474],[48.66859618610527,22.40935394946983],[48.67009910432397,22.319087408263364]]]},"id":"26,247","properties":{"lon":48.71787447768492,"lat":22.364912307999905,"grid_id":"AHN-00175"}},{"type":"Feature","geometry":{"type":"Polygon","coordinates":[[[48.76712060271397,22.320453189435757],[48.8641494631308,22.321760987782316],[48.862771475590925,22.412039486610347],[48.76568013919567,22.410725839061474],[48.76712060271397,22.320453189435757]]]},"id":"27,247","properties":{"lon":48.81493086982386,"lat":22.36625208790123,"grid_id":"AHN-00176"}},{"type":"Feature","geometry":{"type":"Polygon","coordinates":[[[48.8641494631308,22.321760987782316],[48.96118536649546,22.32301078564555],[48.959869875292874,22.41329487436572],[48.862771475590925,22.412039486610347],[48.8641494631308,22.321760987782316]]]},"id":"28,247","properties":{"lon":48.911994474857586,"lat":22.367533746487904,"grid_id":"AHN-00177"}},{"type":"Feature","geometry":{"type":"Polygon","coordinates":[[[48.96118536649546,22.32301078564555],[49.05822799359461,22.32420256614846],[49.056975018168195,22.414491985361476],[48.959869875292874,22.41329487436572],[48.96118536649546,22.32301078564555]]]},"id":"29,247","properties":{"lon":49.00906497317355,"lat":22.368757266443424,"grid_id":"AHN-00178"}},{"type":"Feature","geometry":{"type":"Polygon","coordinates":[[[49.05822799359461,22.32420256614846],[49.15527702508667,22.32533631319513],[49.15408658395452,22.415630803416686],[49.056975018168195,22.414491985361476],[49.05822799359461,22.32420256614846]]]},"id":"30,247","properties":{"lon":49.10614204503469,"lat":22.36992263124232,"grid_id":"AHN-00179"}},{"type":"Feature","geometry":{"type":"Polygon","coordinates":[[[49.15527702508667,22.32533631319513],[49.25233214150778,22.326412011471277],[49.25120425226657,22.416711313136194],[49.15408658395452,22.415630803416686],[49.15527702508667,22.32533631319513]]]},"id":"31,247","properties":{"lon":49.203225370580675,"lat":22.37102982513109,"grid_id":"AHN-00180"}},{"type":"Feature","geometry":{"type":"Polygon","coordinates":[[[47.89222871072756,22.396284507696773],[47.98924209566705,22.398121600665416],[47.98729272963363,22.488336967321608],[47.89021677469313,22.486491685828852],[47.89222871072756,22.396284507696773]]]},"id":"18,248","properties":{"lon":47.93974570685383,"lat":22.442315926998862,"grid_id":"AHN-00181"}},{"type":"Feature","geometry":{"type":"Polygon","coordinates":[[[47.98924209566705,22.398121600665416],[48.08626541830278,22.39990062176398],[48.08437865105903,22.49012391830087],[47.98729272963363,22.488336967321608],[47.98924209566705,22.398121600665416]]]},"id":"19,248","properties":{"lon":48.0367953329631,"lat":22.444128014640828,"grid_id":"AHN-00182"}},{"type":"Feature","geometry":{"type":"Polygon","coordinates":[[[48.08626541830278,22.39990062176398],[48.183298359936245,22.401621546989166],[48.18147421935319,22.49185251463691],[48.08437865105903,22.49012391830087],[48.08626541830278,22.39990062176398]]]},"id":"20,248","properties":{"lon":48.13385475157301,"lat":22.445881889017343,"grid_id":"AHN-00183"}},{"type":"Feature","geometry":{"type":"Polygon","coordinates":[[[48.183298359936245,22.401621546989166],[48.28034060168528,22.40328435311662],[48.278579114715235,22.49352273298305],[48.18147421935319,22.49185251463691],[48.183298359936245,22.401621546989166]]]},"id":"21,248","properties":{"lon":48.230923643428554,"lat":22.447577526460417,"grid_id":"AHN-00184"}},{"type":"Feature","geometry":{"type":"Polygon","coordinates":[[[48.28034060168528,22.40328435311662],[48.377391824490154,22.40488901770177],[48.37569301716565,22.495134550776456],[48.278579114715235,22.49352273298305],[48.28034060168528,22.40328435311662]]]},"id":"22,248","properties":{"lon":48.32800168911383,"lat":22.44921490407809,"grid_id":"AHN-00185"}},{"type":"Feature","geometry":{"type":"Polygon","coordinates":[[[48.377391824490154,22.40488901770177],[48.47445170911956,22.40643551908054],[48.47281560655236,22.49668794623894],[48.37569301716565,22.495134550776456],[48.377391824490154,22.40488901770177]]]},"id":"23,248","properties":{"lon":48.425088569018655,"lat":22.450793999763327,"grid_id":"AHN-00186"}},{"type":"Feature","geometry":{"type":"Polygon","coordinates":[[[48.47445170911956,22.40643551908054],[48.571519936176685,22.407923836370156],[48.5699465625568,22.49818289837769],[48.47281560655236,22.49668794623894],[48.47445170911956,22.40643551908054]]]},"id":"24,248","properties":{"lon":48.52218396336215,"lat":22.452314792167318,"grid_id":"AHN-00187"}},{"type":"Feature","geometry":{"type":"Polygon","coordinates":[[[48.571519936176685,22.407923836370156],[48.66859618610527,22.40935394946983],[48.66708556470003,22.499619386985998],[48.5699465625568,22.49818289837769],[48.571519936176685,22.407923836370156]]]},"id":"25,248","properties":{"lon":48.619287552216676,"lat":22.453777260760663,"grid_id":"AHN-00188"}},{"type":"Feature","geometry":{"type":"Polygon","coordinates":[[[48.66859618610527,22.40935394946983],[48.76568013919567,22.410725839061474],[48.76423229234881,22.50099739264399],[48.66708556470003,22.499619386985998],[48.66859618610527,22.40935394946983]]]},"id":"26,248","properties":{"lon":48.716399015481024,"lat":22.455181385767094,"grid_id":"AHN-00189"}},{"type":"Feature","geometry":{"type":"Polygon","coordinates":[[[48.76568013919567,22.410725839061474],[48.862771475590925,22.412039486610347],[48.86138642472172,22.50231689671925],[48.76423229234881,22.50099739264399],[48.76568013919567,22.410725839061474]]]},"id":"27,248","properties":{"lon":48.81351803291602,"lat":22.456527148238514,"grid_id":"AHN-00190"}},{"type":"Feature","geometry":{"type":"Polygon","coordinates":[[[48.862771475590925,22.412039486610347],[48.959869875292874,22.41329487436572],[48.95854764089532,22.503577881367494],[48.86138642472172,22.50231689671925],[48.862771475590925,22.412039486610347]]]},"id":"28,248","properties":{"lon":48.91064428412865,"lat":22.45781452995507,"grid_id":"AHN-00191"}},{"type":"Feature","geometry":{"type":"Polygon","coordinates":[[[48.959869875292874,22.41329487436572],[49.056975018168195,22.414491985361476],[49.05571561981018,22.504780329533187],[48.95854764089532,22.503577881367494],[48.959869875292874,22.41329487436572]]]},"id":"29,248","properties":{"lon":49.0077774485826,"lat":22.459043513526346,"grid_id":"AHN-00192"}},{"type":"Feature","geometry":{"type":"Polygon","coordinates":[[[49.056975018168195,22.414491985361476],[49.15408658395452,22.415630803416686],[49.15289004027712,22.505924224950117],[49.05571561981018,22.504780329533187],[49.056975018168195,22.414491985361476]]]},"id":"30,248","properties":{"lon":49.104917205632844,"lat":22.46021408233029,"grid_id":"AHN-00193"}},{"type":"Feature","geometry":{"type":"Polygon","coordinates":[[[49.15408658395452,22.415630803416686],[49.25120425226657,22.416711313136194],[49.250070580983255,22.507009552141973],[49.15289004027712,22.505924224950117],[49.15408658395452,22.415630803416686]]]},"id":"31,248","properties":{"lon":49.202063234483035,"lat":22.461326220538698,"grid_id":"AHN-00194"}},{"type":"Feature","geometry":{"type":"Polygon","coordinates":[[[47.98729272963363,22.488336967321608],[48.08437865105903,22.49012391830087],[48.08248223691536,22.580346054466254],[47.98533339708307,22.5785511636502],[47.98729272963363,22.488336967321608]]]},"id":"19,249","properties":{"lon":48.03487236335528,"lat":22.534346795852993,"grid_id":"AHN-00195"}},{"type":"Feature","geometry":{"type":"Polygon","coordinates":[[[48.08437865105903,22.49012391830087],[48.18147421935319,22.49185251463691],[48.17964075167214,22.5820823315469],[48.08248223691536,22.580346054466254],[48.08437865105903,22.49012391830087]]]},"id":"20,249","properties":{"lon":48.131994554526536,"lat":22.536108475632968,"grid_id":"AHN-00196"}},{"type":"Feature","geometry":{"type":"Polygon","coordinates":[[[48.18147421935319,22.49185251463691],[48.278579114715235,22.49352273298305],[48.27680862062775,22.58375997142272],[48.17964075167214,22.5820823315469],[48.18147421935319,22.49185251463691]]]},"id":"21,249","properties":{"lon":48.229126246455756,"lat":22.537811659489424,"grid_id":"AHN-00197"}},{"type":"Feature","geometry":{"type":"Polygon","coordinates":[[[48.278579114715235,22.49352273298305],[48.37569301716565,22.495134550776456],[48.373985522876836,22.58537895141225],[48.27680862062775,22.58375997142272],[48.278579114715235,22.49352273298305]]]},"id":"22,249","properties":{"lon":48.32626711880116,"lat":22.53945632439946,"grid_id":"AHN-00198"}},{"type":"Feature","geometry":{"type":"Polygon","coordinates":[[[48.37569301716565,22.495134550776456],[48.47281560655236,22.49668794623894],[48.471171137340455,22.586939249622773],[48.373985522876836,22.58537895141225],[48.37569301716565,22.495134550776456]]]},"id":"23,249","properties":{"lon":48.423416851003914,"lat":22.54104244813628,"grid_id":"AHN-00199"}},{"type":"Feature","geometry":{"type":"Polygon","coordinates":[[[48.47281560655236,22.49668794623894],[48.5699465625568,22.49818289837769],[48.5683651427722,22.588440844951098],[48.471171137340455,22.586939249622773],[48.47281560655236,22.49668794623894]]]},"id":"24,249","properties":{"lon":48.520575122391136,"lat":22.54257000926853,"grid_id":"AHN-00200"}},{"type":"Feature","geometry":{"type":"Polygon","coordinates":[[[48.5699465625568,22.49818289837769],[48.66708556470003,22.499619386985998],[48.66556721776435,22.58988371708426],[48.5683651427722,22.588440844951098],[48.5699465625568,22.49818289837769]]]},"id":"25,249","properties":{"lon":48.6177416120909,"lat":22.544038987136908,"grid_id":"AHN-00201"}},{"type":"Feature","geometry":{"type":"Polygon","coordinates":[[[48.66708556470003,22.499619386985998],[48.76423229234881,22.50099739264399],[48.76277704075396,22.59126784650022],[48.66556721776435,22.58988371708426],[48.66708556470003,22.499619386985998]]]},"id":"26,249","properties":{"lon":48.71491599908191,"lat":22.545449361877775,"grid_id":"AHN-00202"}},{"type":"Feature","geometry":{"type":"Polygon","coordinates":[[[48.76423229234881,22.50099739264399],[48.86138642472172,22.50231689671925],[48.85999429002905,22.59259321446858],[48.76277704075396,22.59126784650022],[48.76423229234881,22.50099739264399]]]},"id":"27,249","properties":{"lon":48.81209796220295,"lat":22.546801114399948,"grid_id":"AHN-00203"}},{"type":"Feature","geometry":{"type":"Polygon","coordinates":[[[48.86138642472172,22.50231689671925],[48.95854764089532,22.503577881367494],[48.957218643734734,22.593859803051192],[48.85999429002905,22.59259321446858],[48.86138642472172,22.50231689671925]]]},"id":"28,249","properties":{"lon":48.909287180112024,"lat":22.548094226436305,"grid_id":"AHN-00204"}},{"type":"Feature","geometry":{"type":"Polygon","coordinates":[[[48.95854764089532,22.503577881367494],[49.05571561981018,22.504780329533187],[49.05444977987939,22.5950675951028],[48.957218643734734,22.593859803051192],[48.95854764089532,22.503577881367494]]]},"id":"29,249","properties":{"lon":49.006483331385624,"lat":22.549328680479004,"grid_id":"AHN-00205"}},{"type":"Feature","geometry":{"type":"Polygon","coordinates":[[[49.05571561981018,22.504780329533187],[49.15289004027712,22.505924224950117],[49.15168737634084,22.596216574271626],[49.05444977987939,22.5950675951028],[49.05571561981018,22.504780329533187]]]},"id":"30,249","properties":{"lon":49.10368609440616,"lat":22.550504459831856,"grid_id":"AHN-00206"}},{"type":"Feature","geometry":{"type":"Polygon","coordinates":[[[49.15289004027712,22.505924224950117],[49.250070580983255,22.507009552141973],[49.2489311108725,22.59730672499994],[49.15168737634084,22.596216574271626],[49.15289004027712,22.505924224950117]]]},"id":"31,249","properties":{"lon":49.200895147465474,"lat":22.55162154857801,"grid_id":"AHN-00207"}},{"type":"Feature","geometry":{"type":"Polygon","coordinates":[[[47.98533339708307,22.5785511636502],[48.08248223691536,22.580346054466254],[48.08057614781584,22.67056702623261],[47.983364069035744,22.66876418556583],[47.98533339708307,22.5785511636502]]]},"id":"19,250","properties":{"lon":48.03293957278159,"lat":22.62456440974824,"grid_id":"AHN-00208"}},{"type":"Feature","geometry":{"type":"Polygon","coordinates":[[[48.08248223691536,22.580346054466254],[48.17964075167214,22.5820823315469],[48.17779792976195,22.672310993747587],[48.08057614781584,22.67056702623261],[48.08248223691536,22.580346054466254]]]},"id":"20,250","properties":{"lon":48.13012485669373,"lat":22.626333904743824,"grid_id":"AHN-00209"}},{"type":"Feature","geometry":{"type":"Polygon","coordinates":[[[48.17964075167214,22.5820823315469],[48.27680862062775,22.58375997142272],[48.27502909321754,22.673996064518192],[48.17779792976195,22.672310993747587],[48.17964075167214,22.5820823315469]]]},"id":"21,250","properties":{"lon":48.227319669045364,"lat":22.62804464449978,"grid_id":"AHN-00210"}},{"type":"Feature","geometry":{"type":"Polygon","coordinates":[[[48.27680862062775,22.58375997142272],[48.373985522876836,22.58537895141225],[48.372269316345296,22.67562221574393],[48.27502909321754,22.673996064518192],[48.27680862062775,22.58375997142272]]]},"id":"22,250","properties":{"lon":48.32452368856741,"lat":22.629696605883613,"grid_id":"AHN-00211"}},{"type":"Feature","geometry":{"type":"Polygon","coordinates":[[[48.373985522876836,22.58537895141225],[48.471171137340455,22.586939249622773],[48.46951827713328,22.677189425417197],[48.372269316345296,22.67562221574393],[48.373985522876836,22.58537895141225]]]},"id":"23,250","properties":{"lon":48.42173659378063,"lat":22.631289766539346,"grid_id":"AHN-00212"}},{"type":"Feature","geometry":{"type":"Polygon","coordinates":[[[48.471171137340455,22.586939249622773],[48.5683651427722,22.588440844951098],[48.56677565340114,22.678697672324024],[48.46951827713328,22.677189425417197],[48.471171137340455,22.586939249622773]]]},"id":"24,250","properties":{"lon":48.51895806307266,"lat":22.632824104919273,"grid_id":"AHN-00213"}},{"type":"Feature","geometry":{"type":"Polygon","coordinates":[[[48.5683651427722,22.588440844951098],[48.66556721776435,22.58988371708426],[48.664041122806196,22.680146936044828],[48.56677565340114,22.678697672324024],[48.5683651427722,22.588440844951098]]]},"id":"25,250","properties":{"lon":48.61618777464361,"lat":22.63429960025699,"grid_id":"AHN-00214"}},{"type":"Feature","geometry":{"type":"Polygon","coordinates":[[[48.66556721776435,22.58988371708426],[48.76277704075396,22.59126784650022],[48.761314362849674,22.681537196955105],[48.664041122806196,22.680146936044828],[48.66556721776435,22.58988371708426]]]},"id":"26,250","properties":{"lon":48.71342540653086,"lat":22.635716232582773,"grid_id":"AHN-00215"}},{"type":"Feature","geometry":{"type":"Polygon","coordinates":[[[48.76277704075396,22.59126784650022],[48.85999429002905,22.59259321446858],[48.85859505088286,22.682868436226112],[48.761314362849674,22.681537196955105],[48.76277704075396,22.59126784650022]]]},"id":"27,250","properties":{"lon":48.810670636655786,"lat":22.637073982728097,"grid_id":"AHN-00216"}},{"type":"Feature","geometry":{"type":"Polygon","coordinates":[[[48.85999429002905,22.59259321446858],[48.957218643734734,22.593859803051192],[48.9558828641133,22.684140635825536],[48.85859505088286,22.682868436226112],[48.85999429002905,22.59259321446858]]]},"id":"28,250","properties":{"lon":48.90792314273496,"lat":22.638372832306832,"grid_id":"AHN-00217"}},{"type":"Feature","geometry":{"type":"Polygon","coordinates":[[[48.957218643734734,22.593859803051192],[49.05444977987939,22.5950675951028],[49.05317747961098,22.6853537785181],[48.9558828641133,22.684140635825536],[48.957218643734734,22.593859803051192]]]},"id":"29,250","properties":{"lon":49.005182602398925,"lat":22.639612763726973,"grid_id":"AHN-00218"}},{"type":"Feature","geometry":{"type":"Polygon","coordinates":[[[49.05444977987939,22.5950675951028],[49.15168737634084,22.596216574271626],[49.150478574314576,22.686507847866167],[49.05317747961098,22.6853537785181],[49.05444977987939,22.5950675951028]]]},"id":"30,250","properties":{"lon":49.102448693110624,"lat":22.64079376019492,"grid_id":"AHN-00219"}},{"type":"Feature","geometry":{"type":"Polygon","coordinates":[[[49.15168737634084,22.596216574271626],[49.2489311108725,22.59730672499994],[49.247785825037596,22.68760282823031],[49.150478574314576,22.686507847866167],[49.15168737634084,22.596216574271626]]]},"id":"31,250","properties":{"lon":49.19972109222001,"lat":22.64191580571967,"grid_id":"AHN-00220"}},{"type":"Feature","geometry":{"type":"Polygon","coordinates":[[[47.983364069035744,22.66876418556583],[48.08057614781584,22.67056702623261],[48.07866035551876,22.760786829578933],[47.98138471632014,22.7589760289894],[47.983364069035744,22.66876418556583]]]},"id":"19,251","properties":{"lon":48.03099693262891,"lat":22.71478085224024,"grid_id":"AHN-00221"}},{"type":"Feature","geometry":{"type":"Polygon","coordinates":[[[48.08057614781584,22.67056702623261],[48.17779792976195,22.672310993747587],[48.175945726311824,22.76253849727419],[48.07866035551876,22.760786829578933],[48.08057614781584,22.67056702623261]]]},"id":"20,251","properties":{"lon":48.12824563038042,"lat":22.716558172340996,"grid_id":"AHN-00222"}},{"type":"Feature","geometry":{"type":"Polygon","coordinates":[[[48.17779792976195,22.672310993747587],[48.27502909321754,22.673996064518192],[48.273240506105765,22.764231008359026],[48.175945726311824,22.76253849727419],[48.17779792976195,22.672310993747587]]]},"id":"21,251","properties":{"lon":48.22550388444241,"lat":22.71827647756219,"grid_id":"AHN-00223"}},{"type":"Feature","geometry":{"type":"Polygon","coordinates":[[[48.27502909321754,22.673996064518192],[48.372269316345296,22.67562221574393],[48.37054437212517,22.765864339913527],[48.273240506105765,22.764231008359026],[48.27502909321754,22.673996064518192]]]},"id":"22,251","properties":{"lon":48.32277137259949,"lat":22.7199357446377,"grid_id":"AHN-00224"}},{"type":"Feature","geometry":{"type":"Polygon","coordinates":[[[48.372269316345296,22.67562221574393],[48.46951827713328,22.677189425417197],[48.46785700141896,22.767438469814802],[48.37054437212517,22.765864339913527],[48.372269316345296,22.67562221574393]]]},"id":"23,251","properties":{"lon":48.42004777245425,"lat":22.72153595111447,"grid_id":"AHN-00225"}},{"type":"Feature","geometry":{"type":"Polygon","coordinates":[[[48.46951827713328,22.677189425417197],[48.56677565340114,22.678697672324024],[48.56517807086665,22.768953376737755],[48.46785700141896,22.767438469814802],[48.46951827713328,22.677189425417197]]]},"id":"24,251","properties":{"lon":48.51733276143129,"lat":22.72307707532225,"grid_id":"AHN-00226"}},{"type":"Feature","geometry":{"type":"Polygon","coordinates":[[[48.56677565340114,22.678697672324024],[48.664041122806196,22.680146936044828],[48.66250725718445,22.770409040155815],[48.56517807086665,22.768953376737755],[48.56677565340114,22.678697672324024]]]},"id":"25,251","properties":{"lon":48.61462601683781,"lat":22.72455909638197,"grid_id":"AHN-00227"}},{"type":"Feature","geometry":{"type":"Polygon","coordinates":[[[48.664041122806196,22.680146936044828],[48.761314362849674,22.681537196955105],[48.75984423693157,22.771805440341655],[48.66250725718445,22.770409040155815],[48.664041122806196,22.680146936044828]]]},"id":"26,251","properties":{"lon":48.711927215733894,"lat":22.72598199423157,"grid_id":"AHN-00228"}},{"type":"Feature","geometry":{"type":"Polygon","coordinates":[[[48.761314362849674,22.681537196955105],[48.85859505088286,22.682868436226112],[48.85718868651636,22.77314255836788],[48.75984423693157,22.771805440341655],[48.761314362849674,22.681537196955105]]]},"id":"27,251","properties":{"lon":48.8092360351116,"lat":22.727345749590263,"grid_id":"AHN-00229"}},{"type":"Feature","geometry":{"type":"Polygon","coordinates":[[[48.85859505088286,22.682868436226112],[48.9558828641133,22.684140635825536],[48.95454028220261,22.77442037610768],[48.85718868651636,22.77314255836788],[48.85859505088286,22.682868436226112]]]},"id":"28,251","properties":{"lon":48.90655215174897,"lat":22.72865034397169,"grid_id":"AHN-00230"}},{"type":"Feature","geometry":{"type":"Polygon","coordinates":[[[48.9558828641133,22.684140635825536],[49.05317747961098,22.6853537785181],[49.05189870011572,22.775638876235462],[48.95454028220261,22.77442037610768],[48.9558828641133,22.684140635825536]]]},"id":"29,251","properties":{"lon":49.003875242335596,"lat":22.729895759704196,"grid_id":"AHN-00231"}},{"type":"Feature","geometry":{"type":"Polygon","coordinates":[[[49.05317747961098,22.6853537785181],[49.150478574314576,22.686507847866167],[49.14926361624898,22.776798042227437],[49.05189870011572,22.775638876235462],[49.05317747961098,22.6853537785181]]]},"id":"30,251","properties":{"lon":49.10120498339549,"lat":22.731081979894178,"grid_id":"AHN-00232"}},{"type":"Feature","geometry":{"type":"Polygon","coordinates":[[[49.150478574314576,22.686507847866167],[49.247785825037596,22.68760282823031],[49.2466347064698,22.77789785836222],[49.14926361624898,22.776798042227437],[49.150478574314576,22.686507847866167]]]},"id":"31,251","properties":{"lon":49.19854105133594,"lat":22.73220898848066,"grid_id":"AHN-00233"}},{"type":"Feature","geometry":{"type":"Polygon","coordinates":[[[47.98138471632014,22.7589760289894],[48.07866035551876,22.760786829578933],[48.076734831595495,22.85100546049072],[47.97939530957172,22.849186689848057],[47.98138471632014,22.7589760289894]]]},"id":"19,252","properties":{"lon":48.029044414099346,"lat":22.804996119303343,"grid_id":"AHN-00234"}},{"type":"Feature","geometry":{"type":"Polygon","coordinates":[[[48.07866035551876,22.760786829578933],[48.175945726311824,22.76253849727419],[48.17408411383017,22.852764838168664],[48.076734831595495,22.85100546049072],[48.07866035551876,22.760786829578933]]]},"id":"20,252","properties":{"lon":48.126356847716224,"lat":22.806781274443704,"grid_id":"AHN-00235"}},{"type":"Feature","geometry":{"type":"Polygon","coordinates":[[[48.175945726311824,22.76253849727419],[48.273240506105765,22.764231008359026],[48.27144283273894,22.854464799041764],[48.17408411383017,22.852764838168664],[48.175945726311824,22.76253849727419]]]},"id":"21,252","properties":{"lon":48.22367886571063,"lat":22.808507154737963,"grid_id":"AHN-00236"}},{"type":"Feature","geometry":{"type":"Polygon","coordinates":[[[48.273240506105765,22.764231008359026],[48.37054437212517,22.765864339913527],[48.36881066460212,22.856105320070277],[48.27144283273894,22.854464799041764],[48.273240506105765,22.764231008359026]]]},"id":"22,252","properties":{"lon":48.32101014489169,"lat":22.810173736794184,"grid_id":"AHN-00237"}},{"type":"Feature","geometry":{"type":"Polygon","coordinates":[[[48.37054437212517,22.765864339913527],[48.46785700141896,22.767438469814802],[48.46618728552332,22.85768637901564],[48.36881066460212,22.856105320070277],[48.37054437212517,22.765864339913527]]]},"id":"23,252","properties":{"lon":48.418350361953486,"lat":22.81178099804456,"grid_id":"AHN-00238"}},{"type":"Feature","geometry":{"type":"Polygon","coordinates":[[[48.46785700141896,22.767438469814802],[48.56517807086665,22.768953376737755],[48.56357237143566,22.859207954441242],[48.46618728552332,22.85768637901564],[48.46785700141896,22.767438469814802]]]},"id":"24,252","properties":{"lon":48.51569919337227,"lat":22.813328916701177,"grid_id":"AHN-00239"}},{"type":"Feature","geometry":{"type":"Polygon","coordinates":[[[48.56517807086665,22.768953376737755],[48.66250725718445,22.770409040155815],[48.66096559810808,22.86067002571318],[48.56357237143566,22.859207954441242],[48.56517807086665,22.768953376737755]]]},"id":"25,252","properties":{"lon":48.61305631548199,"lat":22.81481747178674,"grid_id":"AHN-00240"}},{"type":"Feature","geometry":{"type":"Polygon","coordinates":[[[48.66250725718445,22.770409040155815],[48.75984423693157,22.771805440341655],[48.758366641151525,22.862072573000955],[48.66096559810808,22.86067002571318],[48.66250725718445,22.770409040155815]]]},"id":"26,252","properties":{"lon":48.710421404442386,"lat":22.81624664312074,"grid_id":"AHN-00241"}},{"type":"Feature","geometry":{"type":"Polygon","coordinates":[[[48.75984423693157,22.771805440341655],[48.85718868651636,22.77314255836788],[48.85577517602522,22.86341557727818],[48.758366641151525,22.862072573000955],[48.75984423693157,22.771805440341655]]]},"id":"27,252","properties":{"lon":48.80779413625332,"lat":22.817616411323286,"grid_id":"AHN-00242"}},{"type":"Feature","geometry":{"type":"Polygon","coordinates":[[[48.85718868651636,22.77314255836788],[48.95454028220261,22.77442037610768],[48.953190878042925,22.864699020323233],[48.85577517602522,22.86341557727818],[48.85718868651636,22.77314255836788]]]},"id":"28,252","properties":{"lon":48.90517418679817,"lat":22.818926757820982,"grid_id":"AHN-00243"}},{"type":"Feature","geometry":{"type":"Polygon","coordinates":[[[48.95454028220261,22.77442037610768],[49.05189870011572,22.775638876235462],[49.05061342237923,22.865922884719893],[48.953190878042925,22.864699020323233],[48.95454028220261,22.77442037610768]]]},"id":"29,252","properties":{"lon":49.002561231773,"lat":22.82017766484499,"grid_id":"AHN-00244"}},{"type":"Feature","geometry":{"type":"Polygon","coordinates":[[[49.05189870011572,22.775638876235462],[49.14926361624898,22.776798042227437],[49.14804248407581,22.86708715385794],[49.05061342237923,22.865922884719893],[49.05189870011572,22.775638876235462]]]},"id":"30,252","properties":{"lon":49.09995494677976,"lat":22.821369115425,"grid_id":"AHN-00245"}},{"type":"Feature","geometry":{"type":"Polygon","coordinates":[[[49.14926361624898,22.776798042227437],[49.2466347064698,22.77789785836222],[49.2454777380477,22.868191811933748],[49.14804248407581,22.86708715385794],[49.14926361624898,22.776798042227437]]]},"id":"31,252","properties":{"lon":49.19735500726488,"lat":22.822501093386908,"grid_id":"AHN-00246"}},{"type":"Feature","geometry":{"type":"Polygon","coordinates":[[[49.2466347064698,22.77789785836222],[49.34401164652598,22.778938309721358],[49.342918859089615,22.869236843950805],[49.2454777380477,22.868191811933748],[49.2466347064698,22.77789785836222]]]},"id":"32,252","properties":{"lon":49.29476108856517,"lat":22.8235735833843,"grid_id":"AHN-00247"}},{"type":"Feature","geometry":{"type":"Polygon","coordinates":[[[49.63617432152174,22.7817033380151],[49.733571416224045,22.78250619716341],[49.73273550599298,22.872820439779677],[49.63527417090996,22.872014045802267],[49.63617432152174,22.7817033380151]]]},"id":"36,252","properties":{"lon":49.684439124539104,"lat":22.827268384623615,"grid_id":"AHN-00248"}},{"type":"Feature","geometry":{"type":"Polygon","coordinates":[[[47.97939530957172,22.849186689848057],[48.076734831595495,22.85100546049072],[48.07479954742943,22.94122291495999],[47.977395819231745,22.939396164075212],[47.97939530957172,22.849186689848057]]]},"id":"19,253","properties":{"lon":48.027081988195846,"lat":22.89521020688539,"grid_id":"AHN-00249"}},{"type":"Feature","geometry":{"type":"Polygon","coordinates":[[[48.076734831595495,22.85100546049072],[48.17408411383017,22.852764838168664],[48.17221306464358,22.942990012479754],[48.07479954742943,22.94122291495999],[48.076734831595495,22.85100546049072]]]},"id":"20,253","properties":{"lon":48.124458480664096,"lat":22.897003207065357,"grid_id":"AHN-00250"}},{"type":"Feature","geometry":{"type":"Polygon","coordinates":[[[48.17408411383017,22.852764838168664],[48.27144283273894,22.854464799041764],[48.269636046387966,22.944697432669976],[48.17221306464358,22.942990012479754],[48.17408411383017,22.852764838168664]]]},"id":"21,253","properties":{"lon":48.22184458572732,"lat":22.89873667208901,"grid_id":"AHN-00251"}},{"type":"Feature","geometry":{"type":"Polygon","coordinates":[[[48.27144283273894,22.854464799041764],[48.36881066460212,22.856105320070277],[48.36706816799239,22.946345152370675],[48.269636046387966,22.944697432669976],[48.27144283273894,22.854464799041764]]]},"id":"22,253","properties":{"lon":48.31923997928301,"lat":22.90041057847068,"grid_id":"AHN-00252"}},{"type":"Feature","geometry":{"type":"Polygon","coordinates":[[[48.36881066460212,22.856105320070277],[48.46618728552332,22.85768637901564],[48.4645091046089,22.947933149227225],[48.36706816799239,22.946345152370675],[48.36881066460212,22.856105320070277]]]},"id":"23,253","properties":{"lon":48.41664433706074,"lat":22.902024903500383,"grid_id":"AHN-00253"}},{"type":"Feature","geometry":{"type":"Polygon","coordinates":[[[48.46618728552332,22.85768637901564],[48.56357237143566,22.859207954441242],[48.56195853121805,22.949461401691135],[48.4645091046089,22.947933149227225],[48.46618728552332,22.85768637901564]]]},"id":"24,253","properties":{"lon":48.51405733459116,"lat":22.90357962528172,"grid_id":"AHN-00254"}},{"type":"Feature","geometry":{"type":"Polygon","coordinates":[[[48.56357237143566,22.859207954441242],[48.66096559810808,22.86067002571318],[48.65941612263522,22.950929889020788],[48.56195853121805,22.949461401691135],[48.56357237143566,22.859207954441242]]]},"id":"25,253","properties":{"lon":48.61147864724595,"lat":22.905074722737314,"grid_id":"AHN-00255"}},{"type":"Feature","geometry":{"type":"Polygon","coordinates":[[[48.66096559810808,22.86067002571318],[48.758366641151525,22.862072573000955],[48.75688155351684,22.952338591282174],[48.65941612263522,22.950929889020788],[48.66096559810808,22.86067002571318]]]},"id":"26,253","properties":{"lon":48.70890795025077,"lat":22.90651017557091,"grid_id":"AHN-00256"}},{"type":"Feature","geometry":{"type":"Polygon","coordinates":[[[48.758366641151525,22.862072573000955],[48.85577517602522,22.86341557727818],[48.854354498366725,22.953687489349583],[48.75688155351684,22.952338591282174],[48.758366641151525,22.862072573000955]]]},"id":"27,253","properties":{"lon":48.806344918653,"lat":22.90788596430752,"grid_id":"AHN-00257"}},{"type":"Feature","geometry":{"type":"Polygon","coordinates":[[[48.85577517602522,22.86341557727818],[48.953190878042925,22.864699020323233],[48.95183463154238,22.954976564906254],[48.854354498366725,22.953687489349583],[48.85577517602522,22.86341557727818]]]},"id":"28,253","properties":{"lon":48.903789227376954,"lat":22.9092020702771,"grid_id":"AHN-00258"}},{"type":"Feature","geometry":{"type":"Polygon","coordinates":[[[48.953190878042925,22.864699020323233],[49.05061342237923,22.865922884719893],[49.04932162726128,22.956205800445034],[48.95183463154238,22.954976564906254],[48.953190878042925,22.864699020323233]]]},"id":"29,253","properties":{"lon":49.001240551162276,"lat":22.910458475609445,"grid_id":"AHN-00259"}},{"type":"Feature","geometry":{"type":"Polygon","coordinates":[[[49.05061342237923,22.865922884719893],[49.14804248407581,22.86708715385794],[49.146815159607186,22.957375179268976],[49.04932162726128,22.956205800445034],[49.05061342237923,22.865922884719893]]]},"id":"30,253","properties":{"lon":49.0986985646578,"lat":22.911655163250973,"grid_id":"AHN-00260"}},{"type":"Feature","geometry":{"type":"Polygon","coordinates":[[[49.14804248407581,22.86708715385794],[49.2454777380477,22.868191811933748],[49.244314902536495,22.95848468549193],[49.146815159607186,22.957375179268976],[49.14804248407581,22.86708715385794]]]},"id":"31,253","properties":{"lon":49.19616294235927,"lat":22.912792116944953,"grid_id":"AHN-00261"}},{"type":"Feature","geometry":{"type":"Polygon","coordinates":[[[49.2454777380477,22.868191811933748],[49.342918859089615,22.869236843950805],[49.34182052988454,22.959534304039074],[49.244314902536495,22.95848468549193],[49.2454777380477,22.868191811933748]]]},"id":"32,253","properties":{"lon":49.29363335864599,"lat":22.91386932125567,"grid_id":"AHN-00262"}},{"type":"Feature","geometry":{"type":"Polygon","coordinates":[[[49.342918859089615,22.869236843950805],[49.44036552188224,22.870222235720277],[49.43933171537194,22.960524020647473],[49.34182052988454,22.959534304039074],[49.342918859089615,22.869236843950805]]]},"id":"33,253","properties":{"lon":49.39110948777066,"lat":22.914886761560336,"grid_id":"AHN-00263"}},{"type":"Feature","geometry":{"type":"Polygon","coordinates":[[[49.44036552188224,22.870222235720277],[49.53781740099852,22.871147973861458],[49.53684813261095,22.961453821866545],[49.43933171537194,22.960524020647473],[49.44036552188224,22.870222235720277]]]},"id":"34,253","properties":{"lon":49.48859100388157,"lat":22.915844424031256,"grid_id":"AHN-00264"}},{"type":"Feature","geometry":{"type":"Polygon","coordinates":[[[49.53781740099852,22.871147973861458],[49.63527417090996,22.872014045802267],[49.63436945511178,22.962323695058544],[49.53684813261095,22.961453821866545],[49.53781740099852,22.871147973861458]]]},"id":"35,253","properties":{"lon":49.58607758101584,"lat":22.91674229565311,"grid_id":"AHN-00265"}},{"type":"Feature","geometry":{"type":"Polygon","coordinates":[[[49.63527417090996,22.872014045802267],[49.73273550599298,22.872820439779677],[49.73189535628895,22.963133628399003],[49.63436945511178,22.962323695058544],[49.63527417090996,22.872014045802267]]]},"id":"36,253","properties":{"lon":49.683568893130214,"lat":22.9175803642263,"grid_id":"AHN-00266"}},{"type":"Feature","geometry":{"type":"Polygon","coordinates":[[[49.73273550599298,22.872820439779677],[49.83020108053519,22.873567144840113],[49.82942550946768,22.963883610877144],[49.73189535628895,22.963133628399003],[49.73273550599298,22.872820439779677]]]},"id":"37,253","properties":{"lon":49.781064614060575,"lat":22.918358618380257,"grid_id":"AHN-00267"}},{"type":"Feature","geometry":{"type":"Polygon","coordinates":[[[49.83020108053519,22.873567144840113],[49.927670568741746,22.874254150839853],[49.92695958789022,22.96457363229625],[49.82942550946768,22.963883610877144],[49.83020108053519,22.873567144840113]]]},"id":"38,253","properties":{"lon":49.87856441758535,"lat":22.919077047514875,"grid_id":"AHN-00268"}},{"type":"Feature","geometry":{"type":"Polygon","coordinates":[[[48.07479954742943,22.94122291495999],[48.17221306464358,22.942990012479754],[48.170332550895715,23.033214016262953],[48.07285447421482,23.03143918898527],[48.07479954742943,22.94122291495999]]]},"id":"20,254","properties":{"lon":48.12255050096615,"lat":22.98722396622897,"grid_id":"AHN-00269"}},{"type":"Feature","geometry":{"type":"Polygon","coordinates":[[[48.17221306464358,22.942990012479754],[48.269636046387966,22.944697432669976],[48.267820120147015,23.034928905354217],[48.170332550895715,23.033214016262953],[48.17221306464358,22.942990012479754]]]},"id":"21,254","properties":{"lon":48.22000101721851,"lat":22.988965025715746,"grid_id":"AHN-00270"}},{"type":"Feature","geometry":{"type":"Polygon","coordinates":[[[48.269636046387966,22.944697432669976],[48.36706816799239,22.946345152370675],[48.36531685634173,23.036583832978437],[48.267820120147015,23.034928905354217],[48.269636046387966,22.944697432669976]]]},"id":"22,254","properties":{"lon":48.31746084943082,"lat":22.99064626580207,"grid_id":"AHN-00271"}},{"type":"Feature","geometry":{"type":"Polygon","coordinates":[[[48.36706816799239,22.946345152370675],[48.4645091046089,22.947933149227225],[48.46282243367406,23.038178776664534],[48.36531685634173,23.036583832978437],[48.36706816799239,22.946345152370675]]]},"id":"23,254","properties":{"lon":48.41492967237048,"lat":22.992267663664816,"grid_id":"AHN-00272"}},{"type":"Feature","geometry":{"type":"Polygon","coordinates":[[[48.4645091046089,22.947933149227225],[48.56195853121805,22.949461401691135],[48.56033652616574,23.039713714751745],[48.46282243367406,23.038178776664534],[48.4645091046089,22.947933149227225]]]},"id":"24,254","properties":{"lon":48.51240716063922,"lat":22.993829197311843,"grid_id":"AHN-00273"}},{"type":"Feature","geometry":{"type":"Polygon","coordinates":[[[48.56195853121805,22.949461401691135],[48.65941612263522,22.950929889020788],[48.657858807672284,23.04118862639039],[48.56033652616574,23.039713714751745],[48.56195853121805,22.949461401691135]]]},"id":"25,254","properties":{"lon":48.609892988641796,"lat":22.995330845526436,"grid_id":"AHN-00274"}},{"type":"Feature","geometry":{"type":"Polygon","coordinates":[[[48.65941612263522,22.950929889020788],[48.75688155351684,22.952338591282174],[48.75538895188934,23.042603491542582],[48.657858807672284,23.04118862639039],[48.65941612263522,22.950929889020788]]]},"id":"26,254","properties":{"lon":48.70738683062979,"lat":22.996772587924376,"grid_id":"AHN-00275"}},{"type":"Feature","geometry":{"type":"Polygon","coordinates":[[[48.75688155351684,22.952338591282174],[48.854354498366725,22.953687489349583],[48.852926632359,23.04395829098295],[48.75538895188934,23.042603491542582],[48.75688155351684,22.952338591282174]]]},"id":"27,254","properties":{"lon":48.804888360715665,"lat":22.998154404921987,"grid_id":"AHN-00276"}},{"type":"Feature","geometry":{"type":"Polygon","coordinates":[[[48.854354498366725,22.953687489349583],[48.95183463154238,22.954976564906254],[48.95047152247621,23.045253006299276],[48.852926632359,23.04395829098295],[48.854354498366725,22.953687489349583]]]},"id":"28,254","properties":{"lon":48.902397252842185,"lat":22.999476277748403,"grid_id":"AHN-00277"}},{"type":"Feature","geometry":{"type":"Polygon","coordinates":[[[48.95183463154238,22.954976564906254],[49.04932162726128,22.956205800445034],[49.048023295494986,23.046487619893167],[48.95047152247621,23.045253006299276],[48.95183463154238,22.954976564906254]]]},"id":"29,254","properties":{"lon":48.99991318081858,"lat":23.00073818844927,"grid_id":"AHN-00278"}},{"type":"Feature","geometry":{"type":"Polygon","coordinates":[[[49.04932162726128,22.956205800445034],[49.146815159607186,22.957375179268976],[49.145581624534906,23.047662114980653],[49.048023295494986,23.046487619893167],[49.04932162726128,22.956205800445034]]]},"id":"30,254","properties":{"lon":49.0974358183067,"lat":23.001940119880988,"grid_id":"AHN-00279"}},{"type":"Feature","geometry":{"type":"Polygon","coordinates":[[[49.146815159607186,22.957375179268976],[49.244314902536495,22.95848468549193],[49.24314618258736,23.048776475592778],[49.145581624534906,23.047662114980653],[49.146815159607186,22.957375179268976]]]},"id":"31,254","properties":{"lon":49.19496483885208,"lat":23.003082055702087,"grid_id":"AHN-00280"}},{"type":"Feature","geometry":{"type":"Polygon","coordinates":[[[49.244314902536495,22.95848468549193],[49.34182052988454,22.959534304039074],[49.34071664252198,23.049830686576144],[49.24314618258736,23.048776475592778],[49.244314902536495,22.95848468549193]]]},"id":"32,254","properties":{"lon":49.29249991586163,"lat":23.004163980397276,"grid_id":"AHN-00281"}},{"type":"Feature","geometry":{"type":"Polygon","coordinates":[[[49.34182052988454,22.959534304039074],[49.43933171537194,22.960524020647473],[49.438292677093,23.050824733593462],[49.34071664252198,23.049830686576144],[49.34182052988454,22.959534304039074]]]},"id":"33,254","properties":{"lon":49.39004072264662,"lat":23.005185879255695,"grid_id":"AHN-00282"}},{"type":"Feature","geometry":{"type":"Polygon","coordinates":[[[49.43933171537194,22.960524020647473],[49.53684813261095,22.961453821866545],[49.535873958945594,23.05175860312403],[49.438292677093,23.050824733593462],[49.43933171537194,22.960524020647473]]]},"id":"34,254","properties":{"lon":49.48758693237674,"lat":23.006147738381024,"grid_id":"AHN-00283"}},{"type":"Feature","geometry":{"type":"Polygon","coordinates":[[[49.53684813261095,22.961453821866545],[49.63436945511178,22.962323695058544],[49.633460160622334,23.052632282464224],[49.535873958945594,23.05175860312403],[49.53684813261095,22.961453821866545]]]},"id":"35,254","properties":{"lon":49.58513821812037,"lat":23.00704954470437,"grid_id":"AHN-00284"}},{"type":"Feature","geometry":{"type":"Polygon","coordinates":[[[49.63436945511178,22.962323695058544],[49.73189535628895,22.963133628399003],[49.73105095456952,23.053445759727925],[49.633460160622334,23.052632282464224],[49.63436945511178,22.962323695058544]]]},"id":"36,254","properties":{"lon":49.68269425287402,"lat":23.007891285963574,"grid_id":"AHN-00285"}},{"type":"Feature","geometry":{"type":"Polygon","coordinates":[[[49.73189535628895,22.963133628399003],[49.82942550946768,22.963883610877144],[49.82864601314358,23.054199023846945],[49.73105095456952,23.053445759727925],[49.73189535628895,22.963133628399003]]]},"id":"37,254","properties":{"lon":49.780254709523405,"lat":23.008672950691626,"grid_id":"AHN-00286"}},{"type":"Feature","geometry":{"type":"Polygon","coordinates":[[[49.82942550946768,22.963883610877144],[49.92695958789022,22.96457363229625],[49.92624500861752,23.054892064571412],[49.82864601314358,23.054199023846945],[49.82942550946768,22.963883610877144]]]},"id":"38,254","properties":{"lon":49.87781926085496,"lat":23.009394528281057,"grid_id":"AHN-00287"}},{"type":"Feature","geometry":{"type":"Polygon","coordinates":[[[48.07285447421482,23.03143918898527],[48.170332550895715,23.033214016262953],[48.16844254454628,23.123436845580535],[48.070899582955654,23.121654278571615],[48.07285447421482,23.03143918898527]]]},"id":"20,255","properties":{"lon":48.12063288020849,"lat":23.077443547961273,"grid_id":"AHN-00288"}},{"type":"Feature","geometry":{"type":"Polygon","coordinates":[[[48.170332550895715,23.033214016262953],[48.267820120147015,23.034928905354217],[48.26599502693254,23.125159213212076],[48.16844254454628,23.123436845580535],[48.170332550895715,23.033214016262953]]]},"id":"21,255","properties":{"lon":48.218148132691724,"lat":23.079192211688028,"grid_id":"AHN-00289"}},{"type":"Feature","geometry":{"type":"Polygon","coordinates":[[[48.267820120147015,23.034928905354217],[48.36531685634173,23.036583832978437],[48.36355670352441,23.12682135806455],[48.26599502693254,23.125159213212076],[48.267820120147015,23.034928905354217]]]},"id":"22,255","properties":{"lon":48.31567272881005,"lat":23.08088079492889,"grid_id":"AHN-00290"}},{"type":"Feature","geometry":{"type":"Polygon","coordinates":[[[48.36531685634173,23.036583832978437],[48.46282243367406,23.038178776664534],[48.46112724755196,23.128423257550033],[48.36355670352441,23.12682135806455],[48.36531685634173,23.036583832978437]]]},"id":"23,255","properties":{"lon":48.41320634233694,"lat":23.082509274748944,"grid_id":"AHN-00291"}},{"type":"Feature","geometry":{"type":"Polygon","coordinates":[[[48.46282243367406,23.038178776664534],[48.56033652616574,23.039713714751745],[48.55870633207173,23.129964889895106],[48.46112724755196,23.128423257550033],[48.46282243367406,23.038178776664534]]]},"id":"24,255","properties":{"lon":48.51074864692536,"lat":23.084077629020438,"grid_id":"AHN-00292"}},{"type":"Feature","geometry":{"type":"Polygon","coordinates":[[[48.56033652616574,23.039713714751745],[48.657858807672284,23.04118862639039],[48.65629362997307,23.131446234141652],[48.55870633207173,23.129964889895106],[48.56033652616574,23.039713714751745]]]},"id":"25,255","properties":{"lon":48.60829931600767,"lat":23.08558583644269,"grid_id":"AHN-00293"}},{"type":"Feature","geometry":{"type":"Polygon","coordinates":[[[48.657858807672284,23.04118862639039],[48.75538895188934,23.042603491542582],[48.753888813984524,23.132867270147564],[48.65629362997307,23.131446234141652],[48.657858807672284,23.04118862639039]]]},"id":"26,255","properties":{"lon":48.705858022886616,"lat":23.087033876506712,"grid_id":"AHN-00294"}},{"type":"Feature","geometry":{"type":"Polygon","coordinates":[[[48.75538895188934,23.042603491542582],[48.852926632359,23.04395829098295],[48.851491556680145,23.134227978587457],[48.753888813984524,23.132867270147564],[48.75538895188934,23.042603491542582]]]},"id":"27,255","properties":{"lon":48.80342444070688,"lat":23.088421729537554,"grid_id":"AHN-00295"}},{"type":"Feature","geometry":{"type":"Polygon","coordinates":[[[48.852926632359,23.04395829098295],[48.95047152247621,23.045253006299276],[48.94910153048591,23.13552834095334],[48.851491556680145,23.134227978587457],[48.852926632359,23.04395829098295]]]},"id":"28,255","properties":{"lon":48.900998242437026,"lat":23.089749376673705,"grid_id":"AHN-00296"}},{"type":"Feature","geometry":{"type":"Polygon","coordinates":[[[48.95047152247621,23.045253006299276],[49.048023295494986,23.046487619893167],[49.04671840768612,23.136768339555264],[48.94910153048591,23.13552834095334],[48.95047152247621,23.045253006299276]]]},"id":"29,255","properties":{"lon":48.9985791009256,"lat":23.091016799845207,"grid_id":"AHN-00297"}},{"type":"Feature","geometry":{"type":"Polygon","coordinates":[[[49.048023295494986,23.046487619893167],[49.145581624534906,23.047662114980653],[49.14434186042972,23.137947957521934],[49.04671840768612,23.136768339555264],[49.048023295494986,23.046487619893167]]]},"id":"30,255","properties":{"lon":49.09616668887265,"lat":23.092223981824965,"grid_id":"AHN-00298"}},{"type":"Feature","geometry":{"type":"Polygon","coordinates":[[[49.145581624534906,23.047662114980653],[49.24314618258736,23.048776475592778],[49.24197156073677,23.139067178801312],[49.14434186042972,23.137947957521934],[49.145581624534906,23.047662114980653]]]},"id":"31,255","properties":{"lon":49.19376067884607,"lat":23.09337090620134,"grid_id":"AHN-00299"}},{"type":"Feature","geometry":{"type":"Polygon","coordinates":[[[49.24314618258736,23.048776475592778],[49.34071664252198,23.049830686576144],[49.33960718050482,23.140125988161152],[49.24197156073677,23.139067178801312],[49.24314618258736,23.048776475592778]]]},"id":"32,255","properties":{"lon":49.2913607433042,"lat":23.09445755736835,"grid_id":"AHN-00300"}},{"type":"Feature","geometry":{"type":"Polygon","coordinates":[[[49.34071664252198,23.049830686576144],[49.438292677093,23.050824733593462],[49.43724839151531,23.141124371189555],[49.33960718050482,23.140125988161152],[49.34071664252198,23.049830686576144]]]},"id":"33,255","properties":{"lon":49.388966554553136,"lat":23.095483920536424,"grid_id":"AHN-00301"}},{"type":"Feature","geometry":{"type":"Polygon","coordinates":[[[49.438292677093,23.050824733593462],[49.535873958945594,23.05175860312403],[49.53489486544002,23.142062314295472],[49.43724839151531,23.141124371189555],[49.438292677093,23.050824733593462]]]},"id":"34,255","properties":{"lon":49.48657778481451,"lat":23.096449981745515,"grid_id":"AHN-00302"}},{"type":"Feature","geometry":{"type":"Polygon","coordinates":[[[49.535873958945594,23.05175860312403],[49.633460160622334,23.052632282464224],[49.632546273847446,23.14293980470916],[49.53489486544002,23.142062314295472],[49.535873958945594,23.05175860312403]]]},"id":"35,255","properties":{"lon":49.58419410620633,"lat":23.09735572784399,"grid_id":"AHN-00303"}},{"type":"Feature","geometry":{"type":"Polygon","coordinates":[[[49.633460160622334,23.052632282464224],[49.73105095456952,23.053445759727925],[49.73020228820926,23.143756830482648],[49.632546273847446,23.14293980470916],[49.633460160622334,23.052632282464224]]]},"id":"36,255","properties":{"lon":49.681815190718346,"lat":23.098201146509986,"grid_id":"AHN-00304"}},{"type":"Feature","geometry":{"type":"Polygon","coordinates":[[[49.73105095456952,23.053445759727925],[49.82864601314358,23.054199023846945],[49.82786257990676,23.14451338049014],[49.73020228820926,23.143756830482648],[49.73105095456952,23.053445759727925]]]},"id":"37,255","properties":{"lon":49.77944071027583,"lat":23.098986226244055,"grid_id":"AHN-00305"}},{"type":"Feature","geometry":{"type":"Polygon","coordinates":[[[49.82864601314358,23.054199023846945],[49.92624500861752,23.054892064571412],[49.92552682023723,23.145209444428414],[49.82786257990676,23.14451338049014],[49.82864601314358,23.054199023846945]]]},"id":"38,255","properties":{"lon":49.87707033670163,"lat":23.099710956341223,"grid_id":"AHN-00306"}},{"type":"Feature","geometry":{"type":"Polygon","coordinates":[[[49.92624500861752,23.054892064571412],[50.02384761318726,23.055524872470123],[50.023194680420495,23.14584501281718],[49.92552682023723,23.145209444428414],[49.92624500861752,23.054892064571412]]]},"id":"39,255","properties":{"lon":49.97470374174626,"lat":23.1003753269496,"grid_id":"AHN-00307"}},{"type":"Feature","geometry":{"type":"Polygon","coordinates":[[[48.070899582955654,23.121654278571615],[48.16844254454628,23.123436845580535],[48.16654301736982,23.21365849650154],[48.06893484446455,23.21186817973058],[48.070899582955654,23.121654278571615]]]},"id":"20,256","properties":{"lon":48.11870558977466,"lat":23.16766194831962,"grid_id":"AHN-00308"}},{"type":"Feature","geometry":{"type":"Polygon","coordinates":[[[48.16844254454628,23.123436845580535],[48.26599502693254,23.125159213212076],[48.264160739482186,23.215388352368144],[48.16654301736982,23.21365849650154],[48.16844254454628,23.123436845580535]]]},"id":"21,256","properties":{"lon":48.216285904519204,"lat":23.16941822611375,"grid_id":"AHN-00309"}},{"type":"Feature","geometry":{"type":"Polygon","coordinates":[[[48.26599502693254,23.125159213212076],[48.36355670352441,23.12682135806455],[48.36178768324222,23.21705772380725],[48.264160739482186,23.215388352368144],[48.26599502693254,23.125159213212076]]]},"id":"22,256","properties":{"lon":48.313875590728045,"lat":23.171114162002276,"grid_id":"AHN-00310"}},{"type":"Feature","geometry":{"type":"Polygon","coordinates":[[[48.36355670352441,23.12682135806455],[48.46112724755196,23.128423257550033],[48.45942352090952,23.21866658811367],[48.36178768324222,23.21705772380725],[48.36355670352441,23.12682135806455]]]},"id":"23,256","properties":{"lon":48.41147432122252,"lat":23.17274973293604,"grid_id":"AHN-00311"}},{"type":"Feature","geometry":{"type":"Polygon","coordinates":[[[48.46112724755196,23.128423257550033],[48.55870633207173,23.129964889895106],[48.55706792456912,23.220214923400953],[48.45942352090952,23.21866658811367],[48.46112724755196,23.128423257550033]]]},"id":"24,256","properties":{"lon":48.50908176866449,"lat":23.174324916668233,"grid_id":"AHN-00312"}},{"type":"Feature","geometry":{"type":"Polygon","coordinates":[[[48.55870633207173,23.129964889895106],[48.65629362997307,23.131446234141652],[48.65472056613783,23.221702708602166],[48.55706792456912,23.220214923400953],[48.55870633207173,23.129964889895106]]]},"id":"25,256","properties":{"lon":48.60669760554234,"lat":23.175839691775206,"grid_id":"AHN-00313"}},{"type":"Feature","geometry":{"type":"Polygon","coordinates":[[[48.65629362997307,23.131446234141652],[48.753888813984524,23.132867270147564],[48.75238111737071,23.223129923470626],[48.65472056613783,23.221702708602166],[48.65629362997307,23.131446234141652]]]},"id":"26,256","properties":{"lon":48.70432150418498,"lat":23.177294037668787,"grid_id":"AHN-00314"}},{"type":"Feature","geometry":{"type":"Polygon","coordinates":[[[48.753888813984524,23.132867270147564],[48.851491556680145,23.134227978587457],[48.85004924986738,23.2244965485806],[48.75238111737071,23.223129923470626],[48.753888813984524,23.132867270147564]]]},"id":"27,256","properties":{"lon":48.801953136753184,"lat":23.178687934559935,"grid_id":"AHN-00315"}},{"type":"Feature","geometry":{"type":"Polygon","coordinates":[[[48.851491556680145,23.134227978587457],[48.94910153048591,23.13552834095334],[48.94772463507853,23.22580256532799],[48.85004924986738,23.2244965485806],[48.851491556680145,23.134227978587457]]]},"id":"28,256","properties":{"lon":48.89959217524546,"lat":23.180021363460593,"grid_id":"AHN-00316"}},{"type":"Feature","geometry":{"type":"Polygon","coordinates":[[[48.94910153048591,23.13552834095334],[49.04671840768612,23.136768339555264],[49.04540694431227,23.227047955930967],[48.94772463507853,23.22580256532799],[48.94910153048591,23.13552834095334]]]},"id":"29,256","properties":{"lon":48.99723829155234,"lat":23.181294306250532,"grid_id":"AHN-00317"}},{"type":"Feature","geometry":{"type":"Polygon","coordinates":[[[49.04671840768612,23.136768339555264],[49.14434186042972,23.137947957521934],[49.14309584874058,23.228232703430635],[49.04540694431227,23.227047955930967],[49.04671840768612,23.136768339555264]]]},"id":"30,256","properties":{"lon":49.09489115738038,"lat":23.1825067455938,"grid_id":"AHN-00318"}},{"type":"Feature","geometry":{"type":"Polygon","coordinates":[[[49.14434186042972,23.137947957521934],[49.24197156073677,23.139067178801312],[49.24079101940577,23.229356791691565],[49.14309584874058,23.228232703430635],[49.14434186042972,23.137947957521934]]]},"id":"31,256","properties":{"lon":49.19255044435342,"lat":23.183658664990407,"grid_id":"AHN-00319"}},{"type":"Feature","geometry":{"type":"Polygon","coordinates":[[[49.24197156073677,23.139067178801312],[49.33960718050482,23.140125988161152],[49.33849212722688,23.23042020540241],[49.24079101940577,23.229356791691565],[49.24197156073677,23.139067178801312]]]},"id":"32,256","properties":{"lon":49.29021582390591,"lat":23.184750048747762,"grid_id":"AHN-00320"}},{"type":"Feature","geometry":{"type":"Polygon","coordinates":[[[49.33960718050482,23.140125988161152],[49.43724839151531,23.141124371189555],[49.43619884300617,23.231422930076402],[49.33849212722688,23.23042020540241],[49.33960718050482,23.140125988161152]]]},"id":"33,256","properties":{"lon":49.38788696742668,"lat":23.185780882014292,"grid_id":"AHN-00321"}},{"type":"Feature","geometry":{"type":"Polygon","coordinates":[[[49.43724839151531,23.141124371189555],[49.53489486544002,23.142062314295472],[49.533910837435556,23.23236495205189],[49.43619884300617,23.231422930076402],[49.43724839151531,23.141124371189555]]]},"id":"34,256","properties":{"lon":49.48556354611936,"lat":23.1867511507488,"grid_id":"AHN-00322"}},{"type":"Feature","geometry":{"type":"Polygon","coordinates":[[[49.53489486544002,23.142062314295472],[49.632546273847446,23.14293980470916],[49.63162778110307,23.233246258492795],[49.533910837435556,23.23236495205189],[49.53489486544002,23.142062314295472]]]},"id":"35,256","properties":{"lon":49.583245231138136,"lat":23.18766084174257,"grid_id":"AHN-00323"}},{"type":"Feature","geometry":{"type":"Polygon","coordinates":[[[49.632546273847446,23.14293980470916],[49.73020228820926,23.143756830482648],[49.729349344499326,23.234066837389076],[49.63162778110307,23.233246258492795],[49.632546273847446,23.14293980470916]]]},"id":"36,256","properties":{"lon":49.68093169350027,"lat":23.18850994259596,"grid_id":"AHN-00324"}},{"type":"Feature","geometry":{"type":"Polygon","coordinates":[[[49.73020228820926,23.143756830482648],[49.82786257990676,23.14451338049014],[49.827075198024005,23.234826677557137],[49.729349344499326,23.234066837389076],[49.73020228820926,23.143756830482648]]]},"id":"37,256","properties":{"lon":49.778622604141255,"lat":23.18929844174933,"grid_id":"AHN-00325"}},{"type":"Feature","geometry":{"type":"Polygon","coordinates":[[[49.82786257990676,23.14451338049014],[49.92552682023723,23.145209444428414],[49.924805011992305,23.23552576864023],[49.827075198024005,23.234826677557137],[49.82786257990676,23.14451338049014]]]},"id":"38,256","properties":{"lon":49.87631763391496,"lat":23.190026328455254,"grid_id":"AHN-00326"}},{"type":"Feature","geometry":{"type":"Polygon","coordinates":[[[49.92552682023723,23.145209444428414],[50.023194680420495,23.14584501281718],[50.02253845664145,23.236164101108802],[49.924805011992305,23.23552576864023],[49.92552682023723,23.145209444428414]]]},"id":"39,256","properties":{"lon":49.97401645360003,"lat":23.190693592794368,"grid_id":"AHN-00327"}},{"type":"Feature","geometry":{"type":"Polygon","coordinates":[[[48.06893484446455,23.21186817973058],[48.16654301736982,23.21365849650154],[48.1646339409547,23.303878965101795],[48.066960229361584,23.302080888480262],[48.06893484446455,23.21186817973058]]]},"id":"20,257","properties":{"lon":48.11676860086654,"lat":23.25787916331385,"grid_id":"AHN-00328"}},{"type":"Feature","geometry":{"type":"Polygon","coordinates":[[[48.16654301736982,23.21365849650154],[48.264160739482186,23.215388352368144],[48.2623172303537,23.30561631895407],[48.1646339409547,23.303878965101795],[48.16654301736982,23.21365849650154]]]},"id":"21,257","properties":{"lon":48.21441430485393,"lat":23.25964306507718,"grid_id":"AHN-00329"}},{"type":"Feature","geometry":{"type":"Polygon","coordinates":[[[48.264160739482186,23.215388352368144],[48.36178768324222,23.21705772380725],[48.36000976902339,23.307292926392055],[48.2623172303537,23.30561631895407],[48.264160739482186,23.215388352368144]]]},"id":"22,257","properties":{"lon":48.31206940831955,"lat":23.26134636317761,"grid_id":"AHN-00330"}},{"type":"Feature","geometry":{"type":"Polygon","coordinates":[[[48.36178768324222,23.21705772380725],[48.45942352090952,23.21866658811367],[48.457711228246524,23.308908764592903],[48.36000976902339,23.307292926392055],[48.36178768324222,23.21705772380725]]]},"id":"23,257","properties":{"lon":48.40973358311715,"lat":23.26298903443524,"grid_id":"AHN-00331"}},{"type":"Feature","geometry":{"type":"Polygon","coordinates":[[[48.45942352090952,23.21866658811367],[48.55706792456912,23.220214923400953],[48.55542127913021,23.310463811556744],[48.457711228246524,23.308908764592903],[48.45942352090952,23.21866658811367]]]},"id":"24,257","properties":{"lon":48.50740650094009,"lat":23.26457105650757,"grid_id":"AHN-00332"}},{"type":"Feature","geometry":{"type":"Polygon","coordinates":[[[48.55706792456912,23.220214923400953],[48.65472056613783,23.221702708602166],[48.653139592612355,23.311958046107463],[48.55542127913021,23.310463811556744],[48.55706792456912,23.220214923400953]]]},"id":"25,257","properties":{"lon":48.605087833287435,"lat":23.266092407855226,"grid_id":"AHN-00333"}},{"type":"Feature","geometry":{"type":"Polygon","coordinates":[[[48.65472056613783,23.221702708602166],[48.75238111737071,23.223129923470626],[48.750865839468105,23.31339144789343],[48.653139592612355,23.311958046107463],[48.65472056613783,23.221702708602166]]]},"id":"26,257","properties":{"lon":48.70277725153033,"lat":23.26755306777586,"grid_id":"AHN-00334"}},{"type":"Feature","geometry":{"type":"Polygon","coordinates":[[[48.75238111737071,23.223129923470626],[48.85004924986738,23.2244965485806],[48.84859969031627,23.31476399738822],[48.750865839468105,23.31339144789343],[48.75238111737071,23.223129923470626]]]},"id":"27,257","properties":{"lon":48.800474426823676,"lat":23.26895301636623,"grid_id":"AHN-00335"}},{"type":"Feature","geometry":{"type":"Polygon","coordinates":[[[48.85004924986738,23.2244965485806],[48.94772463507853,23.22580256532799],[48.94634081562577,23.316075675891295],[48.84859969031627,23.31476399738822],[48.85004924986738,23.2244965485806]]]},"id":"28,257","properties":{"lon":48.89817903022223,"lat":23.270292234574814,"grid_id":"AHN-00336"}},{"type":"Feature","geometry":{"type":"Polygon","coordinates":[[[48.94772463507853,23.22580256532799],[49.04540694431227,23.227047955930967],[49.04408888572214,23.31732646552865],[48.94634081562577,23.316075675891295],[48.94772463507853,23.22580256532799]]]},"id":"29,257","properties":{"lon":48.99589073261585,"lat":23.271570704162354,"grid_id":"AHN-00337"}},{"type":"Feature","geometry":{"type":"Polygon","coordinates":[[[49.04540694431227,23.227047955930967],[49.14309584874058,23.228232703430635],[49.14184357079395,23.318516349253457],[49.04408888572214,23.31732646552865],[49.04540694431227,23.227047955930967]]]},"id":"30,257","properties":{"lon":49.093609204740204,"lat":23.272788407709466,"grid_id":"AHN-00338"}},{"type":"Feature","geometry":{"type":"Polygon","coordinates":[[[49.14309584874058,23.228232703430635],[49.24079101940577,23.229356791691565],[49.23960454089931,23.319645310846628],[49.14184357079395,23.318516349253457],[49.14309584874058,23.228232703430635]]]},"id":"31,257","properties":{"lon":49.19133411723003,"lat":23.273945328620663,"grid_id":"AHN-00339"}},{"type":"Feature","geometry":{"type":"Polygon","coordinates":[[[49.24079101940577,23.229356791691565],[49.33849212722688,23.23042020540241],[49.3373714659723,23.32071333491743],[49.23960454089931,23.319645310846628],[49.24079101940577,23.229356791691565]]]},"id":"32,257","properties":{"lon":49.289065140548125,"lat":23.275041451140527,"grid_id":"AHN-00340"}},{"type":"Feature","geometry":{"type":"Polygon","coordinates":[[[49.33849212722688,23.23042020540241],[49.43619884300617,23.231422930076402],[49.43514401582957,23.321720406903975],[49.3373714659723,23.32071333491743],[49.33849212722688,23.23042020540241]]]},"id":"33,257","properties":{"lon":49.38680194508729,"lat":23.276076760331055,"grid_id":"AHN-00341"}},{"type":"Feature","geometry":{"type":"Polygon","coordinates":[[[49.43619884300617,23.231422930076402],[49.533910837435556,23.23236495205189],[49.5329218601767,23.322666513073766],[49.43514401582957,23.321720406903975],[49.43619884300617,23.231422930076402]]]},"id":"34,257","properties":{"lon":49.484544201087225,"lat":23.277051242076386,"grid_id":"AHN-00342"}},{"type":"Feature","geometry":{"type":"Polygon","coordinates":[[[49.533910837435556,23.23236495205189],[49.63162778110307,23.233246258492795],[49.63070466861477,23.32355164052417],[49.5329218601767,23.322666513073766],[49.533910837435556,23.23236495205189]]]},"id":"35,257","properties":{"lon":49.582291578703305,"lat":23.277964883094974,"grid_id":"AHN-00343"}},{"type":"Feature","geometry":{"type":"Polygon","coordinates":[[[49.63162778110307,23.233246258492795],[49.729349344499326,23.234066837389076],[49.728492110646876,23.324375777182844],[49.63070466861477,23.32355164052417],[49.63162778110307,23.233246258492795]]]},"id":"36,257","properties":{"lon":49.68004374798212,"lat":23.278817670933403,"grid_id":"AHN-00344"}},{"type":"Feature","geometry":{"type":"Polygon","coordinates":[[[49.729349344499326,23.234066837389076],[49.827075198024005,23.234826677557137],[49.826283855684615,23.325138911808203],[49.728492110646876,23.324375777182844],[49.729349344499326,23.234066837389076]]]},"id":"37,257","properties":{"lon":49.77780037886471,"lat":23.279609593957872,"grid_id":"AHN-00345"}},{"type":"Feature","geometry":{"type":"Polygon","coordinates":[[[49.827075198024005,23.234826677557137],[49.924805011992305,23.23552576864023],[49.924079573054605,23.325841033989782],[49.826283855684615,23.325138911808203],[49.827075198024005,23.234826677557137]]]},"id":"38,257","properties":{"lon":49.8755611412137,"lat":23.28034064137737,"grid_id":"AHN-00346"}},{"type":"Feature","geometry":{"type":"Polygon","coordinates":[[[49.924805011992305,23.23552576864023],[50.02253845664145,23.236164101108802],[50.021878932005,23.3264821341486],[49.924079573054605,23.325841033989782],[49.924805011992305,23.23552576864023]]]},"id":"39,257","properties":{"lon":49.973325704831936,"lat":23.281010803226394,"grid_id":"AHN-00347"}},{"type":"Feature","geometry":{"type":"Polygon","coordinates":[[[48.066960229361584,23.302080888480262],[48.1646339409547,23.303878965101795],[48.16271528670194,23.394098247463894],[48.06497570807313,23.392292400845264],[48.066960229361584,23.302080888480262]]]},"id":"20,258","properties":{"lon":48.11482188448721,"lat":23.348095189026996,"grid_id":"AHN-00348"}},{"type":"Feature","geometry":{"type":"Polygon","coordinates":[[[48.1646339409547,23.303878965101795],[48.2623172303537,23.30561631895407],[48.26046447192388,23.395843109108498],[48.16271528670194,23.394098247463894],[48.1646339409547,23.303878965101795]]]},"id":"21,258","properties":{"lon":48.21253330567574,"lat":23.349866724695477,"grid_id":"AHN-00349"}},{"type":"Feature","geometry":{"type":"Polygon","coordinates":[[[48.2623172303537,23.30561631895407],[48.36000976902339,23.307292926392055],[48.358222934221594,23.397526962011728],[48.26046447192388,23.395843109108498],[48.2623172303537,23.30561631895407]]]},"id":"22,258","properties":{"lon":48.3102541545384,"lat":23.351577394609365,"grid_id":"AHN-00350"}},{"type":"Feature","geometry":{"type":"Polygon","coordinates":[[[48.36000976902339,23.307292926392055],[48.457711228246524,23.308908764592903],[48.45599034389454,23.39914978323268],[48.358222934221594,23.397526962011728],[48.36000976902339,23.307292926392055]]]},"id":"23,258","properties":{"lon":48.40798410195696,"lat":23.353227175473446,"grid_id":"AHN-00351"}},{"type":"Feature","geometry":{"type":"Polygon","coordinates":[[[48.457711228246524,23.308908764592903],[48.55542127913021,23.310463811556744],[48.55376637106551,23.400711550657665],[48.45599034389454,23.39914978323268],[48.457711228246524,23.308908764592903]]]},"id":"24,258","properties":{"lon":48.50572281864815,"lat":23.354816044807016,"grid_id":"AHN-00352"}},{"type":"Feature","geometry":{"type":"Polygon","coordinates":[[[48.55542127913021,23.310463811556744],[48.653139592612355,23.311958046107463],[48.651550685687056,23.402212243001006],[48.55376637106551,23.400711550657665],[48.55542127913021,23.310463811556744]]]},"id":"25,258","properties":{"lon":48.60346997513024,"lat":23.356343980984693,"grid_id":"AHN-00353"}},{"type":"Feature","geometry":{"type":"Polygon","coordinates":[[[48.653139592612355,23.311958046107463],[48.750865839468105,23.31339144789343],[48.74934295754796,23.403651839805775],[48.651550685687056,23.402212243001006],[48.653139592612355,23.311958046107463]]]},"id":"26,258","properties":{"lon":48.70122524177147,"lat":23.35781096317548,"grid_id":"AHN-00354"}},{"type":"Feature","geometry":{"type":"Polygon","coordinates":[[[48.750865839468105,23.31339144789343],[48.84859969031627,23.31476399738822],[48.84714285627976,23.405030321444503],[48.74934295754796,23.403651839805775],[48.750865839468105,23.31339144789343]]]},"id":"27,258","properties":{"lon":48.798988288765145,"lat":23.359216971387237,"grid_id":"AHN-00355"}},{"type":"Feature","geometry":{"type":"Polygon","coordinates":[[[48.84859969031627,23.31476399738822],[48.94634081562577,23.316075675891295],[48.9449500513632,23.406347669119874],[48.84714285627976,23.405030321444503],[48.84859969031627,23.31476399738822]]]},"id":"28,258","properties":{"lon":48.896758786181714,"lat":23.360561986469094,"grid_id":"AHN-00356"}},{"type":"Feature","geometry":{"type":"Polygon","coordinates":[[[48.94634081562577,23.316075675891295],[49.04408888572214,23.31732646552865],[49.042764212134735,23.40760386486539],[48.9449500513632,23.406347669119874],[48.94634081562577,23.316075675891295]]]},"id":"29,258","properties":{"lon":48.99453640391609,"lat":23.361845990076706,"grid_id":"AHN-00357"}},{"type":"Feature","geometry":{"type":"Polygon","coordinates":[[[49.04408888572214,23.31732646552865],[49.14184357079395,23.318516349253457],[49.14058500779304,23.408798891545985],[49.042764212134735,23.40760386486539],[49.04408888572214,23.31732646552865]]]},"id":"30,258","properties":{"lon":49.09232081171783,"lat":23.363068964706816,"grid_id":"AHN-00358"}},{"type":"Feature","geometry":{"type":"Polygon","coordinates":[[[49.14184357079395,23.318516349253457],[49.23960454089931,23.319645310846628],[49.23841210740554,23.409932732858632],[49.14058500779304,23.408798891545985],[49.14184357079395,23.318516349253457]]]},"id":"31,258","properties":{"lon":49.19011167923174,"lat":23.3642308936816,"grid_id":"AHN-00359"}},{"type":"Feature","geometry":{"type":"Polygon","coordinates":[[[49.23960454089931,23.319645310846628],[49.3373714659723,23.32071333491743],[49.33624517991493,23.411005373332927],[49.23841210740554,23.409932732858632],[49.23960454089931,23.319645310846628]]]},"id":"32,258","properties":{"lon":49.28790867595732,"lat":23.36533176115818,"grid_id":"AHN-00360"}},{"type":"Feature","geometry":{"type":"Polygon","coordinates":[[[49.3373714659723,23.32071333491743],[49.43514401582957,23.321720406903975],[49.43408389414566,23.412016798331607],[49.33624517991493,23.411005373332927],[49.3373714659723,23.32071333491743]]]},"id":"33,258","properties":{"lon":49.38571147126096,"lat":23.366371552121706,"grid_id":"AHN-00361"}},{"type":"Feature","geometry":{"type":"Polygon","coordinates":[[[49.43514401582957,23.321720406903975],[49.5329218601767,23.322666513073766],[49.53192791881052,23.412966994051093],[49.43408389414566,23.412016798331607],[49.43514401582957,23.321720406903975]]]},"id":"34,258","properties":{"lon":49.48351973442324,"lat":23.367350252382167,"grid_id":"AHN-00362"}},{"type":"Feature","geometry":{"type":"Polygon","coordinates":[[[49.5329218601767,23.322666513073766],[49.63070466861477,23.32355164052417],[49.62977692251715,23.41385594752194],[49.53192791881052,23.412966994051093],[49.5329218601767,23.322666513073766]]]},"id":"35,258","properties":{"lon":49.58133313459438,"lat":23.368267848600276,"grid_id":"AHN-00363"}},{"type":"Feature","geometry":{"type":"Polygon","coordinates":[[[49.63070466861477,23.32355164052417],[49.728492110646876,23.324375777182844],[49.727630573774604,23.414683646609323],[49.62977692251715,23.41385594752194],[49.63070466861477,23.32355164052417]]]},"id":"36,258","properties":{"lon":49.67915134083353,"lat":23.369124328245494,"grid_id":"AHN-00364"}},{"type":"Feature","geometry":{"type":"Polygon","coordinates":[[[49.728492110646876,23.324375777182844],[49.826283855684615,23.325138911808203],[49.825488540999885,23.415450080013446],[49.727630573774604,23.414683646609323],[49.728492110646876,23.324375777182844]]]},"id":"37,258","properties":{"lon":49.776974022089895,"lat":23.36991967963052,"grid_id":"AHN-00365"}},{"type":"Feature","geometry":{"type":"Polygon","coordinates":[[[49.826283855684615,23.325138911808203],[49.924079573054605,23.325841033989782],[49.92335049252449,23.41615523726994],[49.825488540999885,23.415450080013446],[49.826283855684615,23.325138911808203]]]},"id":"38,258","properties":{"lon":49.87480084724515,"lat":23.37065389191674,"grid_id":"AHN-00366"}},{"type":"Feature","geometry":{"type":"Polygon","coordinates":[[[48.06497570807313,23.392292400845264],[48.16271528670194,23.394098247463894],[48.160787025824106,23.48431633967723],[48.06298125083072,23.482502712856718],[48.06497570807313,23.392292400845264]]]},"id":"20,259","properties":{"lon":48.112865411462494,"lat":23.438310021495617,"grid_id":"AHN-00367"}},{"type":"Feature","geometry":{"type":"Polygon","coordinates":[[[48.16271528670194,23.394098247463894],[48.26046447192388,23.395843109108498],[48.25860243638748,23.48606871897713],[48.160787025824106,23.48431633967723],[48.16271528670194,23.394098247463894]]]},"id":"21,259","properties":{"lon":48.21064287878292,"lat":23.440089201083275,"grid_id":"AHN-00368"}},{"type":"Feature","geometry":{"type":"Polygon","coordinates":[[[48.26046447192388,23.395843109108498],[48.358222934221594,23.397526962011728],[48.35642715201484,23.487759826866338],[48.25860243638748,23.48606871897713],[48.26046447192388,23.395843109108498]]]},"id":"22,259","properties":{"lon":48.308429802160205,"lat":23.44180725248008,"grid_id":"AHN-00369"}},{"type":"Feature","geometry":{"type":"Polygon","coordinates":[[[48.358222934221594,23.397526962011728],[48.45599034389454,23.39914978323268],[48.454260842015934,23.489389640285474],[48.35642715201484,23.487759826866338],[48.358222934221594,23.397526962011728]]]},"id":"23,259","properties":{"lon":48.406225851500324,"lat":23.443464152257764,"grid_id":"AHN-00370"}},{"type":"Feature","geometry":{"type":"Polygon","coordinates":[[[48.45599034389454,23.39914978323268],[48.55376637106551,23.400711550657665],[48.552103175522745,23.49095813700665],[48.454260842015934,23.489389640285474],[48.45599034389454,23.39914978323268]]]},"id":"24,259","properties":{"lon":48.50403069652718,"lat":23.445059877852014,"grid_id":"AHN-00371"}},{"type":"Feature","geometry":{"type":"Polygon","coordinates":[[[48.55376637106551,23.400711550657665],[48.651550685687056,23.402212243001006],[48.64995382149599,23.49246529563424],[48.552103175522745,23.49095813700665],[48.55376637106551,23.400711550657665]]]},"id":"25,259","properties":{"lon":48.60184400677169,"lat":23.44659440748893,"grid_id":"AHN-00372"}},{"type":"Feature","geometry":{"type":"Polygon","coordinates":[[[48.651550685687056,23.402212243001006],[48.74934295754796,23.403651839805775],[48.74781244873164,23.493911095605643],[48.64995382149599,23.49246529563424],[48.651550685687056,23.402212243001006]]]},"id":"26,259","properties":{"lon":48.6996654516192,"lat":23.448067720239248,"grid_id":"AHN-00373"}},{"type":"Feature","geometry":{"type":"Polygon","coordinates":[[[48.74934295754796,23.403651839805775],[48.84714285627976,23.405030321444503],[48.84567872586745,23.49529551719201],[48.74781244873164,23.493911095605643],[48.74934295754796,23.403651839805775]]]},"id":"27,259","properties":{"lon":48.79749470027632,"lat":23.449479796030044,"grid_id":"AHN-00374"}},{"type":"Feature","geometry":{"type":"Polygon","coordinates":[[[48.84714285627976,23.405030321444503],[48.9449500513632,23.406347669119874],[48.94355232138947,23.496618541498908],[48.84567872586745,23.49529551719201],[48.84714285627976,23.405030321444503]]]},"id":"28,259","properties":{"lon":48.89533142179707,"lat":23.45083061559119,"grid_id":"AHN-00375"}},{"type":"Feature","geometry":{"type":"Polygon","coordinates":[[[48.9449500513632,23.406347669119874],[49.042764212134735,23.40760386486539],[49.04143290363858,23.49788015046701],[48.94355232138947,23.496618541498908],[48.9449500513632,23.406347669119874]]]},"id":"29,259","properties":{"lon":48.99317528510955,"lat":23.45212016048195,"grid_id":"AHN-00376"}},{"type":"Feature","geometry":{"type":"Polygon","coordinates":[[[49.042764212134735,23.40760386486539],[49.14058500779304,23.408798891545985],[49.13932014081706,23.499080326872733],[49.04143290363858,23.49788015046701],[49.042764212134735,23.40760386486539]]]},"id":"30,259","properties":{"lon":49.09102595896393,"lat":23.453348413119382,"grid_id":"AHN-00377"}},{"type":"Feature","geometry":{"type":"Polygon","coordinates":[[[49.14058500779304,23.408798891545985],[49.23841210740554,23.409932732858632],[49.237213700995135,23.500219054328802],[49.13932014081706,23.499080326872733],[49.14058500779304,23.408798891545985]]]},"id":"31,259","properties":{"lon":49.18888311200826,"lat":23.45451535673844,"grid_id":"AHN-00378"}},{"type":"Feature","geometry":{"type":"Polygon","coordinates":[[[49.23841210740554,23.409932732858632],[49.33624517991493,23.411005373332927],[49.33511325211754,23.50129631728487],[49.237213700995135,23.500219054328802],[49.23841210740554,23.409932732858632]]]},"id":"32,259","properties":{"lon":49.28674641274653,"lat":23.45562097540729,"grid_id":"AHN-00379"}},{"type":"Feature","geometry":{"type":"Polygon","coordinates":[[[49.33624517991493,23.411005373332927],[49.43408389414566,23.412016798331607],[49.43301846201005,23.50231210102804],[49.33511325211754,23.50129631728487],[49.33624517991493,23.411005373332927]]]},"id":"33,259","properties":{"lon":49.384615529565686,"lat":23.456665254028632,"grid_id":"AHN-00380"}},{"type":"Feature","geometry":{"type":"Polygon","coordinates":[[[49.43408389414566,23.412016798331607],[49.53192791881052,23.412966994051093],[49.530928998386095,23.503266391683383],[49.43301846201005,23.50231210102804],[49.43408389414566,23.412016798331607]]]},"id":"34,259","properties":{"lon":49.48249013072671,"lat":23.457648178364238,"grid_id":"AHN-00381"}},{"type":"Feature","geometry":{"type":"Polygon","coordinates":[[[49.53192791881052,23.412966994051093],[49.62977692251715,23.41385594752194],[49.62884452885335,23.504159176214447],[49.530928998386095,23.503266391683383],[49.53192791881052,23.412966994051093]]]},"id":"35,259","properties":{"lon":49.58036988440163,"lat":23.45856973497161,"grid_id":"AHN-00382"}},{"type":"Feature","geometry":{"type":"Polygon","coordinates":[[[49.62977692251715,23.41385594752194],[49.727630573774604,23.414683646609323],[49.72676472092025,23.504990442423672],[49.62884452885335,23.504159176214447],[49.62977692251715,23.41385594752194]]]},"id":"36,259","properties":{"lon":49.6782544586365,"lat":23.459429911273947,"grid_id":"AHN-00383"}},{"type":"Feature","geometry":{"type":"Polygon","coordinates":[[[49.727630573774604,23.414683646609323],[49.825488540999885,23.415450080013446],[49.824689242002655,23.50576017895287],[49.72676472092025,23.504990442423672],[49.727630573774604,23.414683646609323]]]},"id":"37,259","properties":{"lon":49.77614352140352,"lat":23.46022869552933,"grid_id":"AHN-00384"}},{"type":"Feature","geometry":{"type":"Polygon","coordinates":[[[49.825488540999885,23.415450080013446],[49.92335049252449,23.41615523726994],[49.9226177594304,23.506468375283575],[49.824689242002655,23.50576017895287],[49.825488540999885,23.415450080013446]]]},"id":"38,259","properties":{"lon":49.87403674057893,"lat":23.460966076813556,"grid_id":"AHN-00385"}},{"type":"Feature","geometry":{"type":"Polygon","coordinates":[[[48.06298125083072,23.482502712856718],[48.160787025824106,23.48431633967723],[48.15884912934416,23.574533237837965],[48.060976827669826,23.572711820552264],[48.06298125083072,23.482502712856718]]]},"id":"20,260","properties":{"lon":48.11089915241571,"lat":23.528523656795706,"grid_id":"AHN-00386"}},{"type":"Feature","geometry":{"type":"Polygon","coordinates":[[[48.160787025824106,23.48431633967723],[48.25860243638748,23.48606871897713],[48.25673109575607,23.576293144712693],[48.15884912934416,23.574533237837965],[48.160787025824106,23.48431633967723]]]},"id":"21,260","properties":{"lon":48.208742995776625,"lat":23.530310490370255,"grid_id":"AHN-00387"}},{"type":"Feature","geometry":{"type":"Polygon","coordinates":[[[48.25860243638748,23.48606871897713],[48.35642715201484,23.487759826866338],[48.35462239540445,23.57799151716322],[48.25673109575607,23.576293144712693],[48.25860243638748,23.48606871897713]]]},"id":"22,260","properties":{"lon":48.306596323784554,"lat":23.532035932950766,"grid_id":"AHN-00388"}},{"type":"Feature","geometry":{"type":"Polygon","coordinates":[[[48.35642715201484,23.487759826866338],[48.454260842015934,23.489389640285474],[48.45252269660282,23.579628332011282],[48.35462239540445,23.57799151716322],[48.35642715201484,23.487759826866338]]]},"id":"23,260","properties":{"lon":48.40445880532719,"lat":23.533699961037687,"grid_id":"AHN-00389"}},{"type":"Feature","geometry":{"type":"Polygon","coordinates":[[[48.454260842015934,23.489389640285474],[48.552103175522745,23.49095813700665],[48.55043166748587,23.581203566914372],[48.45252269660282,23.579628332011282],[48.454260842015934,23.489389640285474]]]},"id":"24,260","properties":{"lon":48.502330109153945,"lat":23.535302551908146,"grid_id":"AHN-00390"}},{"type":"Feature","geometry":{"type":"Polygon","coordinates":[[[48.552103175522745,23.49095813700665],[48.64995382149599,23.49246529563424],[48.648348976015974,23.582717200366552],[48.55043166748587,23.581203566914372],[48.552103175522745,23.49095813700665]]]},"id":"25,260","properties":{"lon":48.60020990378481,"lat":23.53684368369317,"grid_id":"AHN-00391"}},{"type":"Feature","geometry":{"type":"Polygon","coordinates":[[[48.64995382149599,23.49246529563424],[48.74781244873164,23.493911095605643],[48.74627428998974,23.584169211699187],[48.648348976015974,23.582717200366552],[48.64995382149599,23.49246529563424]]]},"id":"26,260","properties":{"lon":48.698097857625974,"lat":23.538323335370567,"grid_id":"AHN-00392"}},{"type":"Feature","geometry":{"type":"Polygon","coordinates":[[[48.74781244873164,23.493911095605643],[48.84567872586745,23.49529551719201],[48.84420727704462,23.58555958108167],[48.74627428998974,23.584169211699187],[48.74781244873164,23.493911095605643]]]},"id":"27,260","properties":{"lon":48.795993638872304,"lat":23.539741486728317,"grid_id":"AHN-00393"}},{"type":"Feature","geometry":{"type":"Polygon","coordinates":[[[48.84567872586745,23.49529551719201],[48.94355232138947,23.496618541498908],[48.94214760466543,23.586888289522133],[48.84420727704462,23.58555958108167],[48.84567872586745,23.49529551719201]]]},"id":"28,260","properties":{"lon":48.89389691560724,"lat":23.541098118414766,"grid_id":"AHN-00394"}},{"type":"Feature","geometry":{"type":"Polygon","coordinates":[[[48.94355232138947,23.496618541498908],[49.04143290363858,23.49788015046701],[49.04009494019095,23.588155318868104],[48.94214760466543,23.586888289522133],[48.94355232138947,23.496618541498908]]]},"id":"29,260","properties":{"lon":48.99180735571823,"lat":23.542393211904518,"grid_id":"AHN-00395"}},{"type":"Feature","geometry":{"type":"Polygon","coordinates":[[[49.04143290363858,23.49788015046701],[49.13932014081706,23.499080326872733],[49.13804895082049,23.58936065180714],[49.04009494019095,23.588155318868104],[49.04143290363858,23.49788015046701]]]},"id":"30,260","properties":{"lon":49.08972462700112,"lat":23.54362674950797,"grid_id":"AHN-00396"}},{"type":"Feature","geometry":{"type":"Polygon","coordinates":[[[49.13932014081706,23.499080326872733],[49.237213700995135,23.500219054328802],[49.23600930362053,23.590504271867452],[49.13804895082049,23.58936065180714],[49.13932014081706,23.499080326872733]]]},"id":"31,260","properties":{"lon":49.18764839706852,"lat":23.544798714377887,"grid_id":"AHN-00397"}},{"type":"Feature","geometry":{"type":"Polygon","coordinates":[[[49.237213700995135,23.500219054328802],[49.33511325211754,23.50129631728487],[49.333975665531256,23.59158616341847],[49.23600930362053,23.590504271867452],[49.237213700995135,23.500219054328802]]]},"id":"32,260","properties":{"lon":49.285578333439126,"lat":23.54590909050146,"grid_id":"AHN-00398"}},{"type":"Feature","geometry":{"type":"Polygon","coordinates":[[[49.33511325211754,23.50129631728487],[49.43301846201005,23.50231210102804],[49.431947703373226,23.592606311671382],[49.333975665531256,23.59158616341847],[49.33511325211754,23.50129631728487]]]},"id":"33,260","properties":{"lon":49.383514103498115,"lat":23.54695786271579,"grid_id":"AHN-00399"}},{"type":"Feature","geometry":{"type":"Polygon","coordinates":[[[49.43301846201005,23.50231210102804],[49.530928998386095,23.503266391683383],[49.52992508385392,23.593564702679693],[49.431947703373226,23.592606311671382],[49.43301846201005,23.50231210102804]]]},"id":"34,260","properties":{"lon":49.48145537450232,"lat":23.547945016680142,"grid_id":"AHN-00400"}},{"type":"Feature","geometry":{"type":"Polygon","coordinates":[[[49.530928998386095,23.503266391683383],[49.62884452885335,23.504159176214447],[49.62790747357443,23.594461323339672],[49.52992508385392,23.593564702679693],[49.530928998386095,23.503266391683383]]]},"id":"35,260","properties":{"lon":49.57940181362172,"lat":23.54887053891392,"grid_id":"AHN-00401"}},{"type":"Feature","geometry":{"type":"Polygon","coordinates":[[[49.62884452885335,23.504159176214447],[49.72676472092025,23.504990442423672],[49.72589453903603,23.595296161390834],[49.62790747357443,23.594461323339672],[49.62884452885335,23.504159176214447]]]},"id":"36,260","properties":{"lon":49.67735308789596,"lat":23.549734416758287,"grid_id":"AHN-00402"}},{"type":"Feature","geometry":{"type":"Polygon","coordinates":[[[49.72676472092025,23.504990442423672],[49.824689242002655,23.50576017895287],[49.823885946646826,23.596069205416374],[49.72589453903603,23.595296161390834],[49.72676472092025,23.504990442423672]]]},"id":"37,260","properties":{"lon":49.77530886429958,"lat":23.55053663841352,"grid_id":"AHN-00403"}},{"type":"Feature","geometry":{"type":"Polygon","coordinates":[[[49.824689242002655,23.50576017895287],[49.9226177594304,23.506468375283575],[49.92188136272839,23.59678044484356],[49.823885946646826,23.596069205416374],[49.824689242002655,23.50576017895287]]]},"id":"38,260","properties":{"lon":49.87326880969487,"lat":23.551277192906348,"grid_id":"AHN-00404"}},{"type":"Feature","geometry":{"type":"Polygon","coordinates":[[[48.060976827669826,23.572711820552264],[48.15884912934416,23.574533237837965],[48.15690156809433,23.664748938049048],[48.058962408428734,23.662919719976077],[48.060976827669826,23.572711820552264]]]},"id":"20,261","properties":{"lon":48.108923077786045,"lat":23.618736090990797,"grid_id":"AHN-00405"}},{"type":"Feature","geometry":{"type":"Polygon","coordinates":[[[48.15884912934416,23.574533237837965],[48.25673109575607,23.576293144712693],[48.25485042185699,23.666516382474963],[48.15690156809433,23.664748938049048],[48.15884912934416,23.574533237837965]]]},"id":"21,261","properties":{"lon":48.20683362809435,"lat":23.6205305886574,"grid_id":"AHN-00406"}},{"type":"Feature","geometry":{"type":"Polygon","coordinates":[[[48.25673109575607,23.576293144712693],[48.35462239540445,23.57799151716322],[48.352808637214,23.668222029117004],[48.25485042185699,23.666516382474963],[48.25673109575607,23.576293144712693]]]},"id":"22,261","properties":{"lon":48.30475369181494,"lat":23.62226343222917,"grid_id":"AHN-00407"}},{"type":"Feature","geometry":{"type":"Polygon","coordinates":[[[48.35462239540445,23.57799151716322],[48.45252269660282,23.579628332011282],[48.45077588147609,23.66986585467761],[48.352808637214,23.668222029117004],[48.35462239540445,23.57799151716322]]]},"id":"23,261","properties":{"lon":48.402682936846986,"lat":23.62393459803275,"grid_id":"AHN-00408"}},{"type":"Feature","geometry":{"type":"Polygon","coordinates":[[[48.45252269660282,23.579628332011282],[48.55043166748587,23.581203566914372],[48.54875182177413,23.67144783669927],[48.45077588147609,23.66986585467761],[48.45252269660282,23.579628332011282]]]},"id":"24,261","properties":{"lon":48.50062103092356,"lat":23.625544063263895,"grid_id":"AHN-00409"}},{"type":"Feature","geometry":{"type":"Polygon","coordinates":[[[48.55043166748587,23.581203566914372],[48.648348976015974,23.582717200366552],[48.64673612506557,23.672967953565326],[48.54875182177413,23.67144783669927],[48.55043166748587,23.581203566914372]]]},"id":"25,261","properties":{"lon":48.5985676415706,"lat":23.627091805943778,"grid_id":"AHN-00410"}},{"type":"Feature","geometry":{"type":"Polygon","coordinates":[[[48.648348976015974,23.582717200366552],[48.74627428998974,23.584169211699187],[48.74472845814114,23.674426184500742],[48.64673612506557,23.672967953565326],[48.648348976015974,23.582717200366552]]]},"id":"26,261","properties":{"lon":48.696522436185724,"lat":23.628577804918457,"grid_id":"AHN-00411"}},{"type":"Feature","geometry":{"type":"Polygon","coordinates":[[[48.74627428998974,23.584169211699187],[48.84420727704462,23.58555958108167],[48.84272848763138,23.675822509572814],[48.74472845814114,23.674426184500742],[48.74627428998974,23.584169211699187]]]},"id":"27,261","properties":{"lon":48.79448508197397,"lat":23.630002039900063,"grid_id":"AHN-00412"}},{"type":"Feature","geometry":{"type":"Polygon","coordinates":[[[48.84420727704462,23.58555958108167],[48.94214760466543,23.586888289522133],[48.94073588001333,23.677156909691888],[48.84272848763138,23.675822509572814],[48.84420727704462,23.58555958108167]]]},"id":"28,261","properties":{"lon":48.89245524599259,"lat":23.631364491414125,"grid_id":"AHN-00413"}},{"type":"Feature","geometry":{"type":"Polygon","coordinates":[[[48.94214760466543,23.586888289522133],[49.04009494019095,23.588155318868104],[49.03875030161705,23.678429366612015],[48.94073588001333,23.677156909691888],[48.94214760466543,23.586888289522133]]]},"id":"29,261","properties":{"lon":48.99043259514606,"lat":23.63266514084901,"grid_id":"AHN-00414"}},{"type":"Feature","geometry":{"type":"Polygon","coordinates":[[[49.04009494019095,23.588155318868104],[49.13804895082049,23.58936065180714],[49.136771418632314,23.679639862931598],[49.03875030161705,23.678429366612015],[49.04009494019095,23.588155318868104]]]},"id":"30,261","properties":{"lon":49.08841679621045,"lat":23.63390397042492,"grid_id":"AHN-00415"}},{"type":"Feature","geometry":{"type":"Polygon","coordinates":[[[49.13804895082049,23.58936065180714],[49.23600930362053,23.590504271867452],[49.234798897115226,23.680788382094022],[49.136771418632314,23.679639862931598],[49.13804895082049,23.58936065180714]]]},"id":"31,261","properties":{"lon":49.186407515800234,"lat":23.63508096320254,"grid_id":"AHN-00416"}},{"type":"Feature","geometry":{"type":"Polygon","coordinates":[[[49.23600930362053,23.590504271867452],[49.333975665531256,23.59158616341847],[49.33283240299485,23.681874908388213],[49.234798897115226,23.680788382094022],[49.23600930362053,23.590504271867452]]]},"id":"32,261","properties":{"lon":49.28440442042348,"lat":23.63619610309154,"grid_id":"AHN-00417"}},{"type":"Feature","geometry":{"type":"Polygon","coordinates":[[[49.333975665531256,23.59158616341847],[49.431947703373226,23.592606311671382],[49.43087160207988,23.682899426949195],[49.33283240299485,23.681874908388213],[49.333975665531256,23.59158616341847]]]},"id":"33,261","properties":{"lon":49.382407176457,"lat":23.637249374851674,"grid_id":"AHN-00418"}},{"type":"Feature","geometry":{"type":"Polygon","coordinates":[[[49.431947703373226,23.592606311671382],[49.52992508385392,23.593564702679693],[49.528916160065265,23.683861923758638],[49.43087160207988,23.682899426949195],[49.431947703373226,23.592606311671382]]]},"id":"34,261","properties":{"lon":49.48041545014779,"lat":23.638240764062864,"grid_id":"AHN-00419"}},{"type":"Feature","geometry":{"type":"Polygon","coordinates":[[[49.52992508385392,23.593564702679693],[49.62790747357443,23.594461323339672],[49.62696574253887,23.684762385645307],[49.528916160065265,23.683861923758638],[49.52992508385392,23.593564702679693]]]},"id":"35,261","properties":{"lon":49.578428907657845,"lat":23.63917025716722,"grid_id":"AHN-00420"}},{"type":"Feature","geometry":{"type":"Polygon","coordinates":[[[49.62790747357443,23.594461323339672],[49.72589453903603,23.595296161390834],[49.725020014988175,23.685600800285567],[49.62696574253887,23.684762385645307],[49.62790747357443,23.594461323339672]]]},"id":"36,261","properties":{"lon":49.676447215018264,"lat":23.640037841469766,"grid_id":"AHN-00421"}},{"type":"Feature","geometry":{"type":"Polygon","coordinates":[[[49.72589453903603,23.595296161390834],[49.823885946646826,23.596069205416374],[49.8230786428069,23.6863771562038],[49.725020014988175,23.685600800285567],[49.72589453903603,23.595296161390834]]]},"id":"37,261","properties":{"lon":49.77447003818997,"lat":23.640843505078507,"grid_id":"AHN-00422"}},{"type":"Feature","geometry":{"type":"Polygon","coordinates":[[[49.823885946646826,23.596069205416374],[49.92188136272839,23.59678044484356],[49.92114129130172,23.687091442772804],[49.8230786428069,23.6863771562038],[49.823885946646826,23.596069205416374]]]},"id":"38,261","properties":{"lon":49.87249704301334,"lat":23.64158723697813,"grid_id":"AHN-00423"}},{"type":"Feature","geometry":{"type":"Polygon","coordinates":[[[48.058962408428734,23.662919719976077],[48.15690156809433,23.664748938049048],[48.15494431271492,23.754963436420233],[48.05693796274728,23.753126407178854],[48.058962408428734,23.662919719976077]]]},"id":"20,262","properties":{"lon":48.10693715779537,"lat":23.708947320155154,"grid_id":"AHN-00424"}},{"type":"Feature","geometry":{"type":"Polygon","coordinates":[[[48.15690156809433,23.664748938049048],[48.25485042185699,23.666516382474963],[48.25296038633219,23.75673842843077],[48.15494431271492,23.754963436420233],[48.15690156809433,23.664748938049048]]]},"id":"21,262","properties":{"lon":48.204914746963105,"lat":23.710749492097698,"grid_id":"AHN-00425"}},{"type":"Feature","geometry":{"type":"Polygon","coordinates":[[[48.25485042185699,23.666516382474963],[48.352808637214,23.668222029117004],[48.35098585008818,23.75845135894963],[48.25296038633219,23.75673842843077],[48.25485042185699,23.666516382474963]]]},"id":"22,262","properties":{"lon":48.302901878501565,"lat":23.712489746474425,"grid_id":"AHN-00426"}},{"type":"Feature","geometry":{"type":"Polygon","coordinates":[[[48.352808637214,23.668222029117004],[48.45077588147609,23.66986585467761],[48.44902037028431,23.760102204559526],[48.35098585008818,23.75845135894963],[48.352808637214,23.668222029117004]]]},"id":"23,262","properties":{"lon":48.40089821929562,"lat":23.714168059500473,"grid_id":"AHN-00427"}},{"type":"Feature","geometry":{"type":"Polygon","coordinates":[[[48.45077588147609,23.66986585467761],[48.54875182177413,23.67144783669927],[48.547063613040976,23.761690942687544],[48.44902037028431,23.760102204559526],[48.45077588147609,23.66986585467761]]]},"id":"24,262","properties":{"lon":48.49890343607761,"lat":23.715784408235567,"grid_id":"AHN-00428"}},{"type":"Feature","geometry":{"type":"Polygon","coordinates":[[[48.54875182177413,23.67144783669927],[48.64673612506557,23.672967953565326],[48.64511524430417,23.763217551605937],[48.547063613040976,23.761690942687544],[48.54875182177413,23.67144783669927]]]},"id":"25,262","properties":{"lon":48.596917195366274,"lat":23.717338770587105,"grid_id":"AHN-00429"}},{"type":"Feature","geometry":{"type":"Polygon","coordinates":[[[48.64673612506557,23.672967953565326],[48.74472845814114,23.674426184500742],[48.7431749298521,23.764682010432878],[48.64511524430417,23.763217551605937],[48.64673612506557,23.672967953565326]]]},"id":"26,262","properties":{"lon":48.69493916354194,"lat":23.718831125314292,"grid_id":"AHN-00430"}},{"type":"Feature","geometry":{"type":"Polygon","coordinates":[[[48.74472845814114,23.674426184500742],[48.84272848763138,23.675822509572814],[48.841242335301835,23.7660842991332],[48.7431749298521,23.764682010432878],[48.74472845814114,23.674426184500742]]]},"id":"27,262","properties":{"lon":48.79296900680308,"lat":23.720261451996336,"grid_id":"AHN-00431"}},{"type":"Feature","geometry":{"type":"Polygon","coordinates":[[[48.84272848763138,23.675822509572814],[48.94073588001333,23.677156909691888],[48.93931712611597,23.76742439851913],[48.841242335301835,23.7660842991332],[48.84272848763138,23.675822509572814]]]},"id":"28,262","properties":{"lon":48.89100639121189,"lat":23.721629731077694,"grid_id":"AHN-00432"}},{"type":"Feature","geometry":{"type":"Polygon","coordinates":[[[48.94073588001333,23.677156909691888],[49.03875030161705,23.678429366612015],[49.03739896760923,23.768702290250904],[48.93931712611597,23.76742439851913],[48.94073588001333,23.677156909691888]]]},"id":"29,262","properties":{"lon":48.9890509826387,"lat":23.72293594384825,"grid_id":"AHN-00433"}},{"type":"Feature","geometry":{"type":"Polygon","coordinates":[[[49.03875030161705,23.678429366612015],[49.136771418632314,23.679639862931598],[49.13548752495523,23.769917956837475],[49.03739896760923,23.768702290250904],[49.03875030161705,23.678429366612015]]]},"id":"30,262","properties":{"lon":49.087102446862005,"lat":23.72418007243166,"grid_id":"AHN-00434"}},{"type":"Feature","geometry":{"type":"Polygon","coordinates":[[[49.136771418632314,23.679639862931598],[49.234798897115226,23.680788382094022],[49.23358246319307,23.771071381637096],[49.13548752495523,23.769917956837475],[49.136771418632314,23.679639862931598]]]},"id":"31,262","properties":{"lon":49.18516044947515,"lat":23.725362099814152,"grid_id":"AHN-00435"}},{"type":"Feature","geometry":{"type":"Polygon","coordinates":[[[49.234798897115226,23.680788382094022],[49.33283240299485,23.681874908388213],[49.33168344723404,23.772162548857906],[49.23358246319307,23.771071381637096],[49.234798897115226,23.680788382094022]]]},"id":"32,262","properties":{"lon":49.283224655985904,"lat":23.726482009813537,"grid_id":"AHN-00436"}},{"type":"Feature","geometry":{"type":"Polygon","coordinates":[[[49.33283240299485,23.681874908388213],[49.43087160207988,23.682899426949195],[49.429790141868295,23.773191443558495],[49.33168344723404,23.772162548857906],[49.33283240299485,23.681874908388213]]]},"id":"33,262","properties":{"lon":49.38129473172688,"lat":23.727539787094212,"grid_id":"AHN-00437"}},{"type":"Feature","geometry":{"type":"Polygon","coordinates":[[[49.43087160207988,23.682899426949195],[49.528916160065265,23.683861923758638],[49.52790221177161,23.774158051648442],[49.429790141868295,23.773191443558495],[49.43087160207988,23.682899426949195]]]},"id":"34,262","properties":{"lon":49.479370341964,"lat":23.728535417198387,"grid_id":"AHN-00438"}},{"type":"Feature","geometry":{"type":"Polygon","coordinates":[[[49.528916160065265,23.683861923758638],[49.62696574253887,23.684762385645307],[49.62601932151196,23.775062359888786],[49.52790221177161,23.774158051648442],[49.528916160065265,23.683861923758638]]]},"id":"35,262","properties":{"lon":49.57745115181686,"lat":23.729468886483268,"grid_id":"AHN-00439"}},{"type":"Feature","geometry":{"type":"Polygon","coordinates":[[[49.62696574253887,23.684762385645307],[49.725020014988175,23.685600800285567],[49.72414113555636,23.775904355892507],[49.62601932151196,23.775062359888786],[49.62696574253887,23.684762385645307]]]},"id":"36,262","properties":{"lon":49.675536826319664,"lat":23.73034018215989,"grid_id":"AHN-00440"}},{"type":"Feature","geometry":{"type":"Polygon","coordinates":[[[48.05693796274728,23.753126407178854],[48.15494431271492,23.754963436420233],[48.15297733365316,23.845176729068037],[48.05490346006566,23.8433318782178],[48.05693796274728,23.753126407178854]]]},"id":"20,263","properties":{"lon":48.104941362492454,"lat":23.799157340383996,"grid_id":"AHN-00441"}},{"type":"Feature","geometry":{"type":"Polygon","coordinates":[[[48.15494431271492,23.754963436420233],[48.25296038633219,23.75673842843077],[48.25106096063711,23.846959278753967],[48.15297733365316,23.845176729068037],[48.15494431271492,23.754963436420233]]]},"id":"21,263","properties":{"lon":48.202986323435105,"lat":23.800967196845615,"grid_id":"AHN-00442"}},{"type":"Feature","geometry":{"type":"Polygon","coordinates":[[[48.25296038633219,23.75673842843077],[48.35098585008818,23.75845135894963],[48.34915400649179,23.848679502890302],[48.25106096063711,23.846959278753967],[48.25296038633219,23.75673842843077]]]},"id":"22,263","properties":{"lon":48.30104085589293,"lat":23.802714871911583,"grid_id":"AHN-00443"}},{"type":"Feature","geometry":{"type":"Polygon","coordinates":[[[48.35098585008818,23.75845135894963],[48.44902037028431,23.760102204559526],[48.44725613650268,23.850337377939617],[48.34915400649179,23.848679502890302],[48.35098585008818,23.75845135894963]]]},"id":"23,263","properties":{"lon":48.3991046257306,"lat":23.804400341685128,"grid_id":"AHN-00444"}},{"type":"Feature","geometry":{"type":"Polygon","coordinates":[[[48.44902037028431,23.760102204559526],[48.547063613040976,23.761690942687544],[48.54536701577314,23.851932881213177],[48.44725613650268,23.850337377939617],[48.44902037028431,23.760102204559526]]]},"id":"24,263","properties":{"lon":48.497177298680505,"lat":23.80602358310699,"grid_id":"AHN-00445"}},{"type":"Feature","geometry":{"type":"Polygon","coordinates":[[[48.547063613040976,23.761690942687544],[48.64511524430417,23.763217551605937],[48.643486309231015,23.853465990871744],[48.54536701577314,23.851932881213177],[48.547063613040976,23.761690942687544]]]},"id":"25,263","properties":{"lon":48.59525854023784,"lat":23.807584573978097,"grid_id":"AHN-00446"}},{"type":"Feature","geometry":{"type":"Polygon","coordinates":[[[48.64511524430417,23.763217551605937],[48.7431749298521,23.764682010432878],[48.741613681635364,23.854936685926337],[48.643486309231015,23.853465990871744],[48.64511524430417,23.763217551605937]]]},"id":"26,263","properties":{"lon":48.693348015777744,"lat":23.809083292932552,"grid_id":"AHN-00447"}},{"type":"Feature","geometry":{"type":"Polygon","coordinates":[[[48.7431749298521,23.764682010432878],[48.841242335301835,23.7660842991332],[48.839748797583134,23.856344946238973],[48.741613681635364,23.854936685926337],[48.7431749298521,23.764682010432878]]]},"id":"27,263","properties":{"lon":48.79144539046945,"lat":23.810519719461468,"grid_id":"AHN-00448"}},{"type":"Feature","geometry":{"type":"Polygon","coordinates":[[[48.841242335301835,23.7660842991332],[48.93931712611597,23.76742439851913],[48.93789132151582,23.857690752523396],[48.839748797583134,23.856344946238973],[48.841242335301835,23.7660842991332]]]},"id":"28,263","properties":{"lon":48.88955032936186,"lat":23.811893833905987,"grid_id":"AHN-00449"}},{"type":"Feature","geometry":{"type":"Polygon","coordinates":[[[48.93931712611597,23.76742439851913],[49.03739896760923,23.768702290250904],[49.03604091772617,23.85897408634572],[48.93789132151582,23.857690752523396],[48.93931712611597,23.76742439851913]]]},"id":"29,263","properties":{"lon":48.987662497330795,"lat":23.813205617449015,"grid_id":"AHN-00450"}},{"type":"Feature","geometry":{"type":"Polygon","coordinates":[[[49.03739896760923,23.768702290250904],[49.13548752495523,23.769917956837475],[49.13419725036494,23.86019493012511],[49.03604091772617,23.85897408634572],[49.03739896760923,23.768702290250904]]]},"id":"30,263","properties":{"lon":49.08578155907976,"lat":23.814455052127638,"grid_id":"AHN-00451"}},{"type":"Feature","geometry":{"type":"Polygon","coordinates":[[[49.13548752495523,23.769917956837475],[49.23358246319307,23.771071381637096],[49.232359983447544,23.861353267134394],[49.13419725036494,23.86019493012511],[49.13548752495523,23.769917956837475]]]},"id":"31,263","properties":{"lon":49.18390717924801,"lat":23.81564212083591,"grid_id":"AHN-00452"}},{"type":"Feature","geometry":{"type":"Polygon","coordinates":[[[49.23358246319307,23.771071381637096],[49.33168344723404,23.772162548857906],[49.3305287808608,23.862449081500642],[49.232359983447544,23.861353267134394],[49.23358246319307,23.771071381637096]]]},"id":"32,263","properties":{"lon":49.28203902227344,"lat":23.81676680731803,"grid_id":"AHN-00453"}},{"type":"Feature","geometry":{"type":"Polygon","coordinates":[[[49.33168344723404,23.772162548857906],[49.429790141868295,23.773191443558495],[49.428703306369684,23.86348235820574],[49.3305287808608,23.862449081500642],[49.33168344723404,23.772162548857906]]]},"id":"33,263","properties":{"lon":49.38017675249033,"lat":23.817829096160274,"grid_id":"AHN-00454"}},{"type":"Feature","geometry":{"type":"Polygon","coordinates":[[[49.429790141868295,23.773191443558495],[49.52790221177161,23.774158051648442],[49.52688322362403,23.864453083086925],[49.428703306369684,23.86348235820574],[49.429790141868295,23.773191443558495]]]},"id":"34,263","properties":{"lon":49.47832003413174,"lat":23.81882897280872,"grid_id":"AHN-00455"}},{"type":"Feature","geometry":{"type":"Polygon","coordinates":[[[49.52790221177161,23.774158051648442],[49.62601932151196,23.775062359888786],[49.62506819616527,23.865361242837256],[49.52688322362403,23.864453083086925],[49.52790221177161,23.774158051648442]]]},"id":"35,263","properties":{"lon":49.57646853131992,"lat":23.81976642357369,"grid_id":"AHN-00456"}},{"type":"Feature","geometry":{"type":"Polygon","coordinates":[[[48.05490346006566,23.8433318782178],[48.15297733365316,23.845176729068037],[48.151000601162046,23.93538881211579],[48.05285886962327,23.933536129156643],[48.05490346006566,23.8433318782178]]]},"id":"20,264","properties":{"lon":48.10293566172235,"lat":23.8893661477587,"grid_id":"AHN-00457"}},{"type":"Feature","geometry":{"type":"Polygon","coordinates":[[[48.15297733365316,23.845176729068037],[48.25106096063711,23.846959278753967],[48.24915211603953,23.937178929625492],[48.151000601162046,23.93538881211579],[48.15297733365316,23.845176729068037]]]},"id":"21,264","properties":{"lon":48.20104832836571,"lat":23.891183699026843,"grid_id":"AHN-00458"}},{"type":"Feature","geometry":{"type":"Polygon","coordinates":[[[48.25106096063711,23.846959278753967],[48.34915400649179,23.848679502890302],[48.34731307870857,23.938906457175573],[48.24915211603953,23.937178929625492],[48.25106096063711,23.846959278753967]]]},"id":"22,264","properties":{"lon":48.29917059584258,"lat":23.8929388047351,"grid_id":"AHN-00459"}},{"type":"Feature","geometry":{"type":"Polygon","coordinates":[[[48.34915400649179,23.848679502890302],[48.44725613650268,23.850337377939617],[48.44548315343202,23.94057137110804],[48.34731307870857,23.938906457175573],[48.34915400649179,23.848679502890302]]]},"id":"23,264","properties":{"lon":48.397302129034806,"lat":23.89463144084641,"grid_id":"AHN-00460"}},{"type":"Feature","geometry":{"type":"Polygon","coordinates":[[[48.44725613650268,23.850337377939617],[48.54536701577314,23.851932881213177],[48.543662004289544,23.942173648617935],[48.44548315343202,23.94057137110804],[48.44725613650268,23.850337377939617]]]},"id":"24,264","properties":{"lon":48.495442592626695,"lat":23.89626158420665,"grid_id":"AHN-00461"}},{"type":"Feature","geometry":{"type":"Polygon","coordinates":[[[48.54536701577314,23.851932881213177],[48.643486309231015,23.853465990871744],[48.64184929518418,23.943713267754134],[48.543662004289544,23.942173648617935],[48.54536701577314,23.851932881213177]]]},"id":"25,264","properties":{"lon":48.59359165111002,"lat":23.897829212480644,"grid_id":"AHN-00462"}},{"type":"Feature","geometry":{"type":"Polygon","coordinates":[[[48.643486309231015,23.853465990871744],[48.741613681635364,23.854936685926337],[48.740044689849164,23.945190207420126],[48.64184929518418,23.943713267754134],[48.643486309231015,23.853465990871744]]]},"id":"26,264","properties":{"lon":48.69174896881574,"lat":23.89933430420032,"grid_id":"AHN-00463"}},{"type":"Feature","geometry":{"type":"Polygon","coordinates":[[[48.741613681635364,23.854936685926337],[48.839748797583134,23.856344946238973],[48.838247851854604,23.946604447374742],[48.740044689849164,23.945190207420126],[48.741613681635364,23.854936685926337]]]},"id":"27,264","properties":{"lon":48.789914209911224,"lat":23.900776838756745,"grid_id":"AHN-00464"}},{"type":"Feature","geometry":{"type":"Polygon","coordinates":[[[48.839748797583134,23.856344946238973],[48.93789132151582,23.857690752523396],[48.93645844461422,23.9479559682329],[48.838247851854604,23.946604447374742],[48.839748797583134,23.856344946238973]]]},"id":"28,264","properties":{"lon":48.888087038423855,"lat":23.902156796383515,"grid_id":"AHN-00465"}},{"type":"Feature","geometry":{"type":"Polygon","coordinates":[[[48.93789132151582,23.857690752523396],[49.03604091772617,23.85897408634572],[49.03467613139206,23.949244751466253],[48.93645844461422,23.9479559682329],[48.93789132151582,23.857690752523396]]]},"id":"29,264","properties":{"lon":48.98626711817539,"lat":23.90347415817132,"grid_id":"AHN-00466"}},{"type":"Feature","geometry":{"type":"Polygon","coordinates":[[[49.03604091772617,23.85897408634572],[49.13419725036494,23.86019493012511],[49.13290057530931,23.950470779403865],[49.03467613139206,23.949244751466253],[49.03604091772617,23.85897408634572]]]},"id":"30,264","properties":{"lon":49.08445411288439,"lat":23.904728906069153,"grid_id":"AHN-00467"}},{"type":"Feature","geometry":{"type":"Polygon","coordinates":[[[49.13419725036494,23.86019493012511],[49.232359983447544,23.861353267134394],[49.23113143935098,23.951634035232832],[49.13290057530931,23.950470779403865],[49.13419725036494,23.86019493012511]]]},"id":"31,264","properties":{"lon":49.182647686128,"lat":23.90592102287735,"grid_id":"AHN-00468"}},{"type":"Feature","geometry":{"type":"Polygon","coordinates":[[[49.232359983447544,23.861353267134394],[49.3305287808608,23.862449081500642],[49.32936838637271,23.95273450299888],[49.23113143935098,23.951634035232832],[49.232359983447544,23.861353267134394]]]},"id":"32,264","properties":{"lon":49.280847501336716,"lat":23.907050492255024,"grid_id":"AHN-00469"}},{"type":"Feature","geometry":{"type":"Polygon","coordinates":[[[49.3305287808608,23.862449081500642],[49.428703306369684,23.86348235820574],[49.427611079107514,23.953772167606903],[49.32936838637271,23.95273450299888],[49.3305287808608,23.862449081500642]]]},"id":"33,264","properties":{"lon":49.37905322180763,"lat":23.90811729871434,"grid_id":"AHN-00470"}},{"type":"Feature","geometry":{"type":"Polygon","coordinates":[[[49.428703306369684,23.86348235820574],[49.52688322362403,23.864453083086925],[49.52585918017258,23.954747014821546],[49.427611079107514,23.953772167606903],[49.428703306369684,23.86348235820574]]]},"id":"34,264","properties":{"lon":49.477264510756676,"lat":23.9091214276332,"grid_id":"AHN-00471"}},{"type":"Feature","geometry":{"type":"Polygon","coordinates":[[[48.05285886962327,23.933536129156643],[48.151000601162046,23.93538881211579],[48.14901408529912,24.02559968169359],[48.050804160457396,24.023739156065627],[48.05285886962327,23.933536129156643]]]},"id":"20,265","properties":{"lon":48.10092002513789,"lat":23.97957373837634,"grid_id":"AHN-00472"}},{"type":"Feature","geometry":{"type":"Polygon","coordinates":[[[48.151000601162046,23.93538881211579],[48.24915211603953,23.937178929625492],[48.24723382361845,24.02739737723331],[48.14901408529912,24.02559968169359],[48.151000601162046,23.93538881211579]]]},"id":"21,265","properties":{"lon":48.19910073240467,"lat":23.98139899481253,"grid_id":"AHN-00473"}},{"type":"Feature","geometry":{"type":"Polygon","coordinates":[[[48.24915211603953,23.937178929625492],[48.34731307870857,23.938906457175573],[48.3454630388401,24.029132218049266],[48.24723382361845,24.02739737723331],[48.24915211603953,23.937178929625492]]]},"id":"22,265","properties":{"lon":48.29729107005329,"lat":23.98316154115185,"grid_id":"AHN-00474"}},{"type":"Feature","geometry":{"type":"Polygon","coordinates":[[[48.34731307870857,23.938906457175573],[48.44548315343202,23.94057137110804],[48.44370139419765,24.030804180362484],[48.3454630388401,24.029132218049266],[48.34731307870857,23.938906457175573]]]},"id":"23,265","properties":{"lon":48.39549070191432,"lat":23.98486135326395,"grid_id":"AHN-00475"}},{"type":"Feature","geometry":{"type":"Polygon","coordinates":[[[48.44548315343202,23.94057137110804],[48.543662004289544,23.942173648617935],[48.54194855274031,24.03241324125136],[48.44370139419765,24.030804180362484],[48.44548315343202,23.94057137110804]]]},"id":"24,265","properties":{"lon":48.49369929164244,"lat":23.986498407842657,"grid_id":"AHN-00476"}},{"type":"Feature","geometry":{"type":"Polygon","coordinates":[[[48.543662004289544,23.942173648617935],[48.64184929518418,23.943713267754134],[48.64020417733963,24.033959378652497],[48.54194855274031,24.03241324125136],[48.543662004289544,23.942173648617935]]]},"id":"25,265","properties":{"lon":48.591916502705935,"lat":23.988072682453815,"grid_id":"AHN-00477"}},{"type":"Feature","geometry":{"type":"Polygon","coordinates":[[[48.64184929518418,23.943713267754134],[48.740044689849164,23.945190207420126],[48.738467930696295,24.035442571361465],[48.64020417733963,24.033959378652497],[48.64184929518418,23.943713267754134]]]},"id":"26,265","properties":{"lon":48.690141998435095,"lat":23.989584155535177,"grid_id":"AHN-00478"}},{"type":"Feature","geometry":{"type":"Polygon","coordinates":[[[48.740044689849164,23.945190207420126],[48.838247851854604,23.946604447374742],[48.83673947534683,24.036862799033546],[48.738467930696295,24.035442571361465],[48.740044689849164,23.945190207420126]]]},"id":"27,265","properties":{"lon":48.78837544192784,"lat":23.99103280634734,"grid_id":"AHN-00479"}},{"type":"Feature","geometry":{"type":"Polygon","coordinates":[[[48.838247851854604,23.946604447374742],[48.93645844461422,23.9479559682329],[48.93501847367045,24.038220042184477],[48.83673947534683,24.036862799033546],[48.838247851854604,23.946604447374742]]]},"id":"28,265","properties":{"lon":48.886616496197334,"lat":23.992418615036115,"grid_id":"AHN-00480"}},{"type":"Feature","geometry":{"type":"Polygon","coordinates":[[[48.93645844461422,23.9479559682329],[49.03467613139206,23.949244751466253],[49.03330458789576,24.039514282191114],[48.93501847367045,24.038220042184477],[48.93645844461422,23.9479559682329]]]},"id":"29,265","properties":{"lon":48.98486482403554,"lat":23.993741562589832,"grid_id":"AHN-00481"}},{"type":"Feature","geometry":{"type":"Polygon","coordinates":[[[49.03467613139206,23.949244751466253],[49.13290057530931,23.950470779403865],[49.131597480107615,24.040745501292104],[49.03330458789576,24.039514282191114],[49.03467613139206,23.949244751466253]]]},"id":"30,265","properties":{"lon":49.08312008813054,"lat":23.995001630869492,"grid_id":"AHN-00482"}},{"type":"Feature","geometry":{"type":"Polygon","coordinates":[[[49.13290057530931,23.950470779403865],[49.23113143935098,23.951634035232832],[49.229896812253855,24.04191368258851],[49.131597480107615,24.040745501292104],[49.13290057530931,23.950470779403865]]]},"id":"31,265","properties":{"lon":49.1813819510202,"lat":23.99619880258435,"grid_id":"AHN-00483"}},{"type":"Feature","geometry":{"type":"Polygon","coordinates":[[[49.23113143935098,23.951634035232832],[49.32936838637271,23.95273450299888],[49.32820224615217,24.043018810044412],[49.229896812253855,24.04191368258851],[49.23113143935098,23.951634035232832]]]},"id":"32,265","properties":{"lon":49.27965007510208,"lat":23.997333061305003,"grid_id":"AHN-00484"}},{"type":"Feature","geometry":{"type":"Polygon","coordinates":[[[49.32936838637271,23.95273450299888],[49.427611079107514,23.953772167606903],[49.42651344349686,24.04406086848746],[49.32820224615217,24.043018810044412],[49.32936838637271,23.95273450299888]]]},"id":"33,265","properties":{"lon":49.37792412264005,"lat":23.998404391473528,"grid_id":"AHN-00485"}},{"type":"Feature","geometry":{"type":"Polygon","coordinates":[[[49.427611079107514,23.953772167606903],[49.52585918017258,23.954747014821546],[49.52483006586567,24.045039843609427],[49.42651344349686,24.04406086848746],[49.427611079107514,23.953772167606903]]]},"id":"34,265","properties":{"lon":49.47620375581695,"lat":23.999412778394007,"grid_id":"AHN-00486"}},{"type":"Feature","geometry":{"type":"Polygon","coordinates":[[[48.050804160457396,24.023739156065627],[48.14901408529912,24.02559968169359],[48.14701775592529,24.115809333938337],[48.04873930140201,24.113940955021512],[48.050804160457396,24.023739156065627]]]},"id":"20,266","properties":{"lon":48.09889442217704,"lat":24.069780108345483,"grid_id":"AHN-00487"}},{"type":"Feature","geometry":{"type":"Polygon","coordinates":[[[48.14901408529912,24.02559968169359],[48.24723382361845,24.02739737723331],[48.245306054262905,24.11761461777245],[48.14701775592529,24.115809333938337],[48.14901408529912,24.02559968169359]]]},"id":"21,266","properties":{"lon":48.197143506049166,"lat":24.07161308035691,"grid_id":"AHN-00488"}},{"type":"Feature","geometry":{"type":"Polygon","coordinates":[[[48.24723382361845,24.02739737723331],[48.3454630388401,24.029132218049266],[48.343603858804734,24.11935678176254],[48.245306054262905,24.11761461777245],[48.24723382361845,24.02739737723331]]]},"id":"22,266","properties":{"lon":48.29540225001167,"lat":24.073383077394762,"grid_id":"AHN-00489"}},{"type":"Feature","geometry":{"type":"Polygon","coordinates":[[[48.3454630388401,24.029132218049266],[48.44370139419765,24.030804180362484],[48.44191083174833,24.121035802008212],[48.343603858804734,24.11935678176254],[48.3454630388401,24.029132218049266]]]},"id":"23,266","properties":{"lon":48.39367031688557,"lat":24.075090075194556,"grid_id":"AHN-00490"}},{"type":"Feature","geometry":{"type":"Polygon","coordinates":[[[48.44370139419765,24.030804180362484],[48.54194855274031,24.03241324125136],[48.54022663510573,24.12265165547082],[48.44191083174833,24.121035802008212],[48.44370139419765,24.030804180362484]]]},"id":"24,266","properties":{"lon":48.49194736927052,"lat":24.076734050345657,"grid_id":"AHN-00491"}},{"type":"Feature","geometry":{"type":"Polygon","coordinates":[[[48.54194855274031,24.03241324125136],[48.64020417733963,24.033959378652497],[48.63855093071023,24.124204319974265],[48.54022663510573,24.12265165547082],[48.54194855274031,24.03241324125136]]]},"id":"25,266","properties":{"lon":48.5902330696281,"lat":24.0783149803034,"grid_id":"AHN-00492"}},{"type":"Feature","geometry":{"type":"Polygon","coordinates":[[[48.64020417733963,24.033959378652497],[48.738467930696295,24.035442571361465],[48.73688338022317,24.12569377420583],[48.63855093071023,24.124204319974265],[48.64020417733963,24.033959378652497]]]},"id":"26,266","properties":{"lon":48.68852708023577,"lat":24.079832843361327,"grid_id":"AHN-00493"}},{"type":"Feature","geometry":{"type":"Polygon","coordinates":[[[48.738467930696295,24.035442571361465],[48.83673947534683,24.036862799033546],[48.835223645140765,24.127119997716882],[48.73688338022317,24.12569377420583],[48.738467930696295,24.035442571361465]]]},"id":"27,266","properties":{"lon":48.78682906315639,"lat":24.081287618716974,"grid_id":"AHN-00494"}},{"type":"Feature","geometry":{"type":"Polygon","coordinates":[[[48.83673947534683,24.036862799033546],[48.93501847367045,24.038220042184477],[48.933571386800914,24.12848297092362],[48.835223645140765,24.127119997716882],[48.83673947534683,24.036862799033546]]]},"id":"28,266","properties":{"lon":48.885138680358445,"lat":24.08267928637961,"grid_id":"AHN-00495"}},{"type":"Feature","geometry":{"type":"Polygon","coordinates":[[[48.93501847367045,24.038220042184477],[49.03330458789576,24.039514282191114],[49.03192626639001,24.129782675107773],[48.933571386800914,24.12848297092362],[48.93501847367045,24.038220042184477]]]},"id":"29,266","properties":{"lon":48.98345559361392,"lat":24.084007827266127,"grid_id":"AHN-00496"}},{"type":"Feature","geometry":{"type":"Polygon","coordinates":[[[49.03330458789576,24.039514282191114],[49.131597480107615,24.040745501292104],[49.13028794494976,24.131019092417237],[49.03192626639001,24.129782675107773],[49.03330458789576,24.039514282191114]]]},"id":"30,266","properties":{"lon":49.08177946456168,"lat":24.085273223123945,"grid_id":"AHN-00497"}},{"type":"Feature","geometry":{"type":"Polygon","coordinates":[[[49.131597480107615,24.040745501292104],[49.229896812253855,24.04191368258851],[49.22865608338405,24.13219220586674],[49.13028794494976,24.131019092417237],[49.131597480107615,24.040745501292104]]]},"id":"31,266","properties":{"lon":49.18010995469549,"lat":24.086475456587777,"grid_id":"AHN-00498"}},{"type":"Feature","geometry":{"type":"Polygon","coordinates":[[[49.229896812253855,24.04191368258851],[49.32820224615217,24.043018810044412],[49.32703034246579,24.133301999338418],[49.22865608338405,24.13219220586674],[49.229896812253855,24.04191368258851]]]},"id":"32,266","properties":{"lon":49.27844672537271,"lat":24.087614511149614,"grid_id":"AHN-00499"}},{"type":"Feature","geometry":{"type":"Polygon","coordinates":[[[49.32820224615217,24.043018810044412],[49.42651344349686,24.04406086848746],[49.42541038284375,24.1343484575824],[49.32703034246579,24.133301999338418],[49.32820224615217,24.043018810044412]]]},"id":"33,266","properties":{"lon":49.37678943782607,"lat":24.08869037116277,"grid_id":"AHN-00500"}},{"type":"Feature","geometry":{"type":"Polygon","coordinates":[[[49.42651344349686,24.04406086848746],[49.52483006586567,24.045039843609427],[49.52379586504942,24.135331566217353],[49.42541038284375,24.1343484575824],[49.42651344349686,24.04406086848746]]]},"id":"34,266","properties":{"lon":49.47513775318482,"lat":24.089703021838,"grid_id":"AHN-00501"}},{"type":"Feature","geometry":{"type":"Polygon","coordinates":[[[48.04873930140201,24.113940955021512],[48.14701775592529,24.115809333938337],[48.145011582703596,24.20601776499372],[48.04666426108654,24.204141522107562],[48.04873930140201,24.113940955021512]]]},"id":"20,267","properties":{"lon":48.09685882209261,"lat":24.159985253775282,"grid_id":"AHN-00502"}},{"type":"Feature","geometry":{"type":"Polygon","coordinates":[[[48.14701775592529,24.115809333938337],[48.245306054262905,24.11761461777245],[48.24336877867081,24.207830647444997],[48.145011582703596,24.20601776499372],[48.14701775592529,24.115809333938337]]]},"id":"21,267","properties":{"lon":48.19517661956214,"lat":24.161825951831673,"grid_id":"AHN-00503"}},{"type":"Feature","geometry":{"type":"Polygon","coordinates":[[[48.245306054262905,24.11761461777245],[48.343603858804734,24.11935678176254],[48.34173551033643,24.209580144573863],[48.24336877867081,24.207830647444997],[48.245306054262905,24.11761461777245]]]},"id":"22,267","properties":{"lon":48.29350410702399,"lat":24.16360340968462,"grid_id":"AHN-00504"}},{"type":"Feature","geometry":{"type":"Polygon","coordinates":[[[48.343603858804734,24.11935678176254],[48.44191083174833,24.121035802008212],[48.440111438855205,24.211266232358053],[48.34173551033643,24.209580144573863],[48.343603858804734,24.11935678176254]]]},"id":"23,267","properties":{"lon":48.39184094628984,"lat":24.165317602936717,"grid_id":"AHN-00505"}},{"type":"Feature","geometry":{"type":"Polygon","coordinates":[[[48.44191083174833,24.121035802008212],[48.54022663510573,24.12265165547082],[48.5384962251952,24.212888887641455],[48.440111438855205,24.211266232358053],[48.44191083174833,24.121035802008212]]]},"id":"24,267","properties":{"lon":48.490186798901796,"lat":24.166968508055934,"grid_id":"AHN-00506"}},{"type":"Feature","geometry":{"type":"Polygon","coordinates":[[[48.54022663510573,24.12265165547082],[48.63855093071023,24.124204319974265],[48.63688953014467,24.214448088134898],[48.5384962251952,24.212888887641455],[48.54022663510573,24.12265165547082]]]},"id":"25,267","properties":{"lon":48.58854132628725,"lat":24.168556102385093,"grid_id":"AHN-00507"}},{"type":"Feature","geometry":{"type":"Polygon","coordinates":[[[48.63855093071023,24.124204319974265],[48.73688338022317,24.12569377420583],[48.73529101431884,24.215943812416963],[48.63688953014467,24.214448088134898],[48.63855093071023,24.124204319974265]]]},"id":"26,267","properties":{"lon":48.686904189663785,"lat":24.17008036412434,"grid_id":"AHN-00508"}},{"type":"Feature","geometry":{"type":"Polygon","coordinates":[[[48.73688338022317,24.12569377420583],[48.835223645140765,24.127119997716882],[48.83370033816677,24.217376039934734],[48.73529101431884,24.215943812416963],[48.73688338022317,24.12569377420583]]]},"id":"27,267","properties":{"lon":48.78527505008069,"lat":24.1715412723233,"grid_id":"AHN-00509"}},{"type":"Feature","geometry":{"type":"Polygon","coordinates":[[[48.835223645140765,24.127119997716882],[48.933571386800914,24.12848297092362],[48.932117161978226,24.218744751004525],[48.83370033816677,24.217376039934734],[48.835223645140765,24.127119997716882]]]},"id":"28,267","properties":{"lon":48.883653568434866,"lat":24.172938806939996,"grid_id":"AHN-00510"}},{"type":"Feature","geometry":{"type":"Polygon","coordinates":[[[48.933571386800914,24.12848297092362],[49.03192626639001,24.129782675107773],[49.03054114589053,24.220049926812575],[48.932117161978226,24.218744751004525],[48.933571386800914,24.12848297092362]]]},"id":"29,267","properties":{"lon":48.98203940547546,"lat":24.174272948754396,"grid_id":"AHN-00511"}},{"type":"Feature","geometry":{"type":"Polygon","coordinates":[[[49.03192626639001,24.129782675107773],[49.13028794494976,24.131019092417237],[49.128971949895444,24.22129154941573],[49.03054114589053,24.220049926812575],[49.03192626639001,24.129782675107773]]]},"id":"30,267","properties":{"lon":49.080432221775965,"lat":24.175543679450097,"grid_id":"AHN-00512"}},{"type":"Feature","geometry":{"type":"Polygon","coordinates":[[[49.13028794494976,24.131019092417237],[49.22865608338405,24.13219220586674],[49.22740923384604,24.22246960174206],[49.128971949895444,24.22129154941573],[49.13028794494976,24.131019092417237]]]},"id":"31,267","properties":{"lon":49.17883167779583,"lat":24.176750981550718,"grid_id":"AHN-00513"}},{"type":"Feature","geometry":{"type":"Polygon","coordinates":[[[49.22865608338405,24.13219220586674],[49.32703034246579,24.133301999338418],[49.3258526574636,24.223584067591474],[49.22740923384604,24.22246960174206],[49.22865608338405,24.13219220586674]]]},"id":"32,267","properties":{"lon":49.27723743384458,"lat":24.17789483846797,"grid_id":"AHN-00514"}},{"type":"Feature","geometry":{"type":"Polygon","coordinates":[[[49.32703034246579,24.133301999338418],[49.42541038284375,24.1343484575824],[49.424301880344494,24.2246349316363],[49.3258526574636,24.223584067591474],[49.32703034246579,24.133301999338418]]]},"id":"33,267","properties":{"lon":49.3756491500996,"lat":24.17897523447743,"grid_id":"AHN-00515"}},{"type":"Feature","geometry":{"type":"Polygon","coordinates":[[[49.42541038284375,24.1343484575824],[49.52379586504942,24.135331566217353],[49.52275656196709,24.225622179421812],[49.424301880344494,24.2246349316363],[49.42541038284375,24.1343484575824]]]},"id":"34,267","properties":{"lon":49.47406648663596,"lat":24.179992154723756,"grid_id":"AHN-00516"}},{"type":"Feature","geometry":{"type":"Polygon","coordinates":[[[48.04666426108654,24.204141522107562],[48.145011582703596,24.20601776499372],[48.14299553509803,24.29622497101021],[48.044579007934566,24.294340853413566],[48.04666426108654,24.204141522107562]]]},"id":"20,268","properties":{"lon":48.09481319393028,"lat":24.250189170777222,"grid_id":"AHN-00517"}},{"type":"Feature","geometry":{"type":"Polygon","coordinates":[[[48.145011582703596,24.20601776499372],[48.24336877867081,24.207830647444997],[48.24142196734777,24.298045462460102],[48.14299553509803,24.29622497101021],[48.145011582703596,24.20601776499372]]]},"id":"21,268","properties":{"lon":48.19320004301831,"lat":24.25203760541342,"grid_id":"AHN-00518"}},{"type":"Feature","geometry":{"type":"Polygon","coordinates":[[[48.24336877867081,24.207830647444997],[48.34173551033643,24.209580144573863],[48.339857964983594,24.299802302749015],[48.24142196734777,24.298045462460102],[48.24336877867081,24.207830647444997]]]},"id":"22,268","properties":{"lon":48.291596612227,"lat":24.25382253424711,"grid_id":"AHN-00519"}},{"type":"Feature","geometry":{"type":"Polygon","coordinates":[[[48.34173551033643,24.209580144573863],[48.440111438855205,24.211266232358053],[48.43830318811063,24.301495467732405],[48.339857964983594,24.299802302749015],[48.34173551033643,24.209580144573863]]]},"id":"23,268","properties":{"lon":48.3900025622914,"lat":24.255543932761324,"grid_id":"AHN-00520"}},{"type":"Feature","geometry":{"type":"Polygon","coordinates":[[[48.440111438855205,24.211266232358053],[48.5384962251952,24.212888887641455],[48.53675729664617,24.303124934136253],[48.43830318811063,24.301495467732405],[48.440111438855205,24.211266232358053]]]},"id":"24,268","properties":{"lon":48.488417553730294,"lat":24.25720177731281,"grid_id":"AHN-00521"}},{"type":"Feature","geometry":{"type":"Polygon","coordinates":[[[48.5384962251952,24.212888887641455],[48.63688953014467,24.214448088134898],[48.635219950326565,24.304690679557904],[48.53675729664617,24.303124934136253],[48.5384962251952,24.212888887641455]]]},"id":"25,268","properties":{"lon":48.58684124692355,"lat":24.258796045107655,"grid_id":"AHN-00522"}},{"type":"Feature","geometry":{"type":"Polygon","coordinates":[[[48.63688953014467,24.214448088134898],[48.73529101431884,24.215943812416963],[48.73369080871405,24.30619268246687],[48.635219950326565,24.304690679557904],[48.63688953014467,24.214448088134898]]]},"id":"26,268","properties":{"lon":48.68527330201246,"lat":24.260326714247576,"grid_id":"AHN-00523"}},{"type":"Feature","geometry":{"type":"Polygon","coordinates":[[[48.73529101431884,24.215943812416963],[48.83370033816677,24.217376039934734],[48.83216953120372,24.307630922205558],[48.73369080871405,24.30619268246687],[48.73529101431884,24.215943812416963]]]},"id":"27,268","properties":{"lon":48.7837133790295,"lat":24.261793763687553,"grid_id":"AHN-00524"}},{"type":"Feature","geometry":{"type":"Polygon","coordinates":[[[48.83370033816677,24.217376039934734],[48.932117161978226,24.218744751004525],[48.93065577703032,24.309005378990044],[48.83216953120372,24.307630922205558],[48.83370033816677,24.217376039934734]]]},"id":"28,268","properties":{"lon":48.88216113781404,"lat":24.263197173255808,"grid_id":"AHN-00525"}},{"type":"Feature","geometry":{"type":"Polygon","coordinates":[[[48.932117161978226,24.218744751004525],[49.03054114589053,24.220049926812575],[49.02914920527524,24.31031603391075],[48.93065577703032,24.309005378990044],[48.932117161978226,24.218744751004525]]]},"id":"29,268","properties":{"lon":48.980616238036475,"lat":24.264536923655385,"grid_id":"AHN-00526"}},{"type":"Feature","geometry":{"type":"Polygon","coordinates":[[[49.03054114589053,24.220049926812575],[49.128971949895444,24.22129154941573],[49.12764947487341,24.311562868933116],[49.02914920527524,24.31031603391075],[49.03054114589053,24.220049926812575]]]},"id":"30,268","properties":{"lon":49.07907833925517,"lat":24.265812996464888,"grid_id":"AHN-00527"}},{"type":"Feature","geometry":{"type":"Polygon","coordinates":[[[49.128971949895444,24.22129154941573],[49.22740923384604,24.22246960174206],[49.22615624462019,24.31274586689826],[49.12764947487341,24.311562868933116],[49.128971949895444,24.22129154941573]]]},"id":"31,268","properties":{"lon":49.17754710084221,"lat":24.26702537412797,"grid_id":"AHN-00528"}},{"type":"Feature","geometry":{"type":"Polygon","coordinates":[[[49.22740923384604,24.22246960174206],[49.3258526574636,24.223584067591474],[49.32466917317835,24.313865011523568],[49.22615624462019,24.31274586689826],[49.22740923384604,24.22246960174206]]]},"id":"32,268","properties":{"lon":49.27602218207414,"lat":24.268174039965217,"grid_id":"AHN-00529"}},{"type":"Feature","geometry":{"type":"Polygon","coordinates":[[[49.3258526574636,24.223584067591474],[49.424301880344494,24.2246349316363],[49.42318791908496,24.314920287403275],[49.32466917317835,24.313865011523568],[49.3258526574636,24.223584067591474]]]},"id":"33,268","properties":{"lon":49.37450324206546,"lat":24.269258978173834,"grid_id":"AHN-00530"}},{"type":"Feature","geometry":{"type":"Polygon","coordinates":[[[49.424301880344494,24.2246349316363],[49.52275656196709,24.225622179421812],[49.521712140758375,24.315911680009027],[49.42318791908496,24.314920287403275],[49.424301880344494,24.2246349316363]]]},"id":"34,268","properties":{"lon":49.472989939838385,"lat":24.270280173832415,"grid_id":"AHN-00531"}},{"type":"Feature","geometry":{"type":"Polygon","coordinates":[[[48.044579007934566,24.294340853413566],[48.14299553509803,24.29622497101021],[48.14096958237228,24.38643094814507],[48.04248351016258,24.384538945035796],[48.044579007934566,24.294340853413566]]]},"id":"20,269","properties":{"lon":48.092757506522666,"lat":24.34039185548941,"grid_id":"AHN-00532"}},{"type":"Feature","geometry":{"type":"Polygon","coordinates":[[[48.14299553509803,24.29622497101021],[48.24142196734777,24.298045462460102],[48.239465590605896,24.388259059033967],[48.14096958237228,24.38643094814507],[48.14299553509803,24.29622497101021]]]},"id":"21,269","properties":{"lon":48.1912137463187,"lat":24.34224803729464,"grid_id":"AHN-00533"}},{"type":"Feature","geometry":{"type":"Polygon","coordinates":[[[48.24142196734777,24.298045462460102],[48.339857964983594,24.299802302749015],[48.33797119410798,24.390023252561114],[48.239465590605896,24.388259059033967],[48.24142196734777,24.298045462460102]]]},"id":"22,269","properties":{"lon":48.28967973653822,"lat":24.344040447339108,"grid_id":"AHN-00534"}},{"type":"Feature","geometry":{"type":"Polygon","coordinates":[[[48.339857964983594,24.299802302749015],[48.43830318811063,24.301495467732405],[48.43648605192716,24.391723504459236],[48.33797119410798,24.390023252561114],[48.339857964983594,24.299802302749015]]]},"id":"23,269","properties":{"lon":48.38815513687108,"lat":24.345769060993373,"grid_id":"AHN-00535"}},{"type":"Feature","geometry":{"type":"Polygon","coordinates":[[[48.43830318811063,24.301495467732405],[48.53675729664617,24.303124934136253],[48.53500982292309,24.393359791336],[48.43648605192716,24.391723504459236],[48.43830318811063,24.301495467732405]]]},"id":"24,269","properties":{"lon":48.486639606790526,"lat":24.347433854471024,"grid_id":"AHN-00536"}},{"type":"Feature","geometry":{"type":"Polygon","coordinates":[[[48.53675729664617,24.303124934136253],[48.635219950326565,24.304690679557904],[48.633542165773314,24.394932090674853],[48.53500982292309,24.393359791336],[48.53675729664617,24.303124934136253]]]},"id":"25,269","properties":{"lon":48.585132805600374,"lat":24.349034804883352,"grid_id":"AHN-00537"}},{"type":"Feature","geometry":{"type":"Polygon","coordinates":[[[48.635219950326565,24.304690679557904],[48.73369080871405,24.30619268246687],[48.732082738980246,24.396440380835834],[48.633542165773314,24.394932090674853],[48.635219950326565,24.304690679557904]]]},"id":"26,269","properties":{"lon":48.68363439241598,"lat":24.350571890204424,"grid_id":"AHN-00538"}},{"type":"Feature","geometry":{"type":"Polygon","coordinates":[[[48.73369080871405,24.30619268246687],[48.83216953120372,24.307630922205558],[48.83063120087803,24.39788464105631],[48.732082738980246,24.396440380835834],[48.73369080871405,24.30619268246687]]]},"id":"27,269","properties":{"lon":48.7821440261907,"lat":24.352045089291995,"grid_id":"AHN-00539"}},{"type":"Feature","geometry":{"type":"Polygon","coordinates":[[[48.83216953120372,24.307630922205558],[48.93065577703032,24.309005378990044],[48.92918720963955,24.39926485145175],[48.83063120087803,24.39788464105631],[48.83216953120372,24.307630922205558]]]},"id":"28,269","properties":{"lon":48.88066136570724,"lat":24.353454381869938,"grid_id":"AHN-00540"}},{"type":"Feature","geometry":{"type":"Polygon","coordinates":[[[48.93065577703032,24.309005378990044],[49.02914920527524,24.31031603391075],[49.02775042328335,24.40058099301641],[48.92918720963955,24.39926485145175],[48.93065577703032,24.309005378990044]]]},"id":"29,269","properties":{"lon":48.97918606958843,"lat":24.35479974854657,"grid_id":"AHN-00541"}},{"type":"Feature","geometry":{"type":"Polygon","coordinates":[[[49.02914920527524,24.31031603391075],[49.12764947487341,24.311562868933116],[49.126320499680574,24.401833047624013],[49.02775042328335,24.40058099301641],[49.02914920527524,24.31031603391075]]]},"id":"30,269","properties":{"lon":49.077717796321906,"lat":24.356081170796976,"grid_id":"AHN-00542"}},{"type":"Feature","geometry":{"type":"Polygon","coordinates":[[[49.12764947487341,24.311562868933116],[49.22615624462019,24.31274586689826],[49.22489709656196,24.403020998028392],[49.126320499680574,24.401833047624013],[49.12764947487341,24.311562868933116]]]},"id":"31,269","properties":{"lon":49.176256204226746,"lat":24.357298630982143,"grid_id":"AHN-00543"}},{"type":"Feature","geometry":{"type":"Polygon","coordinates":[[[49.22615624462019,24.31274586689826],[49.32466917317835,24.313865011523568],[49.32347987152481,24.404144827864116],[49.22489709656196,24.403020998028392],[49.22615624462019,24.31274586689826]]]},"id":"32,269","properties":{"lon":49.274800951509235,"lat":24.358452112338128,"grid_id":"AHN-00544"}},{"type":"Feature","geometry":{"type":"Polygon","coordinates":[[[49.32466917317835,24.313865011523568],[49.42318791908496,24.314920287403275],[49.42206848203996,24.405204521647054],[49.32347987152481,24.404144827864116],[49.32466917317835,24.313865011523568]]]},"id":"33,269","properties":{"lon":49.37335169623979,"lat":24.359541598985782,"grid_id":"AHN-00545"}},{"type":"Feature","geometry":{"type":"Polygon","coordinates":[[[49.42318791908496,24.314920287403275],[49.521712140758375,24.315911680009027],[49.52066258545879,24.406200064774932],[49.42206848203996,24.405204521647054],[49.42318791908496,24.314920287403275]]]},"id":"34,269","properties":{"lon":49.4719080963546,"lat":24.360567075910698,"grid_id":"AHN-00546"}},{"type":"Feature","geometry":{"type":"Polygon","coordinates":[[[47.944007714529484,24.382583075720714],[48.04248351016258,24.384538945035796],[48.04037773577871,24.47473579307706],[47.94183208674687,24.472771761080555],[47.944007714529484,24.382583075720714]]]},"id":"19,270","properties":{"lon":47.992175880031404,"lat":24.428665351956855,"grid_id":"AHN-00547"}},{"type":"Feature","geometry":{"type":"Polygon","coordinates":[[[48.04248351016258,24.384538945035796],[48.14096958237228,24.38643094814507],[48.13893369358849,24.476635692562358],[48.04037773577871,24.47473579307706],[48.04248351016258,24.384538945035796]]]},"id":"20,270","properties":{"lon":48.090691728522394,"lat":24.43059330402064,"grid_id":"AHN-00548"}},{"type":"Feature","geometry":{"type":"Polygon","coordinates":[[[48.14096958237228,24.38643094814507],[48.239465590605896,24.388259059033967],[48.23749961856263,24.478471433389856],[48.13893369358849,24.476635692562358],[48.14096958237228,24.38643094814507]]]},"id":"21,270","properties":{"lon":48.189217699146745,"lat":24.43245724365243,"grid_id":"AHN-00549"}},{"type":"Feature","geometry":{"type":"Polygon","coordinates":[[[48.239465590605896,24.388259059033967],[48.33797119410798,24.390023252561114],[48.336075168883504,24.48024299029059],[48.23749961856263,24.478471433389856],[48.239465590605896,24.388259059033967]]]},"id":"22,270","properties":{"lon":48.28775345069904,"lat":24.434257145203045,"grid_id":"AHN-00550"}},{"type":"Feature","geometry":{"type":"Polygon","coordinates":[[[48.33797119410798,24.390023252561114],[48.43648605192716,24.391723504459236],[48.434660002536376,24.481950338874107],[48.336075168883504,24.48024299029059],[48.33797119410798,24.390023252561114]]]},"id":"23,270","properties":{"lon":48.38629864182444,"lat":24.435992983905354,"grid_id":"AHN-00551"}},{"type":"Feature","geometry":{"type":"Polygon","coordinates":[[[48.43648605192716,24.391723504459236],[48.53500982292309,24.393359791336],[48.53325377731631,24.483593455629318],[48.434660002536376,24.481950338874107],[48.43648605192716,24.391723504459236]]]},"id":"24,270","properties":{"lon":48.48485293092328,"lat":24.437664735874975,"grid_id":"AHN-00552"}},{"type":"Feature","geometry":{"type":"Polygon","coordinates":[[[48.53500982292309,24.393359791336],[48.633542165773314,24.394932090674853],[48.63185615083516,24.485172317925375],[48.53325377731631,24.483593455629318],[48.53500982292309,24.393359791336]]]},"id":"25,270","properties":{"lon":48.58341597623885,"lat":24.43927237809973,"grid_id":"AHN-00553"}},{"type":"Feature","geometry":{"type":"Polygon","coordinates":[[[48.633542165773314,24.394932090674853],[48.732082738980246,24.396440380835834],[48.73046678052853,24.486686904012437],[48.63185615083516,24.485172317925375],[48.633542165773314,24.394932090674853]]]},"id":"26,270","properties":{"lon":48.68198743582645,"lat":24.440815888443932,"grid_id":"AHN-00554"}},{"type":"Feature","geometry":{"type":"Polygon","coordinates":[[[48.732082738980246,24.396440380835834],[48.83063120087803,24.39788464105631],[48.82908532366276,24.488137193022464],[48.73046678052853,24.486686904012437],[48.732082738980246,24.396440380835834]]]},"id":"27,270","properties":{"lon":48.780566967576455,"lat":24.44229524564959,"grid_id":"AHN-00555"}},{"type":"Feature","geometry":{"type":"Polygon","coordinates":[[[48.83063120087803,24.39788464105631],[48.92918720963955,24.39926485145175],[48.92771143734185,24.489523164969942],[48.82908532366276,24.488137193022464],[48.83063120087803,24.39788464105631]]]},"id":"28,270","properties":{"lon":48.879154229200104,"lat":24.4437104293384,"grid_id":"AHN-00556"}},{"type":"Feature","geometry":{"type":"Polygon","coordinates":[[[48.92918720963955,24.39926485145175],[49.02775042328335,24.40058099301641],[49.02634477851454,24.490844800752615],[48.92771143734185,24.489523164969942],[48.92918720963955,24.39926485145175]]]},"id":"29,270","properties":{"lon":48.977748878271214,"lat":24.44506142002625,"grid_id":"AHN-00557"}},{"type":"Feature","geometry":{"type":"Polygon","coordinates":[[[49.02775042328335,24.40058099301641],[49.126320499680574,24.401833047624013],[49.12498500398125,24.49210208215215],[49.02634477851454,24.490844800752615],[49.02775042328335,24.40058099301641]]]},"id":"30,270","properties":{"lon":49.07635057217605,"lat":24.44634819908803,"grid_id":"AHN-00558"}},{"type":"Feature","geometry":{"type":"Polygon","coordinates":[[[49.126320499680574,24.401833047624013],[49.22489709656196,24.403020998028392],[49.22363177040113,24.493294991834798],[49.12498500398125,24.49210208215215],[49.126320499680574,24.401833047624013]]]},"id":"31,270","properties":{"lon":49.17495896820905,"lat":24.44757074880053,"grid_id":"AHN-00559"}},{"type":"Feature","geometry":{"type":"Polygon","coordinates":[[[49.22489709656196,24.403020998028392],[49.32347987152481,24.404144827864116],[49.322284734299004,24.494423513351997],[49.22363177040113,24.493294991834798],[49.22489709656196,24.403020998028392]]]},"id":"32,270","properties":{"lon":49.273573723484155,"lat":24.448729052315326,"grid_id":"AHN-00560"}},{"type":"Feature","geometry":{"type":"Polygon","coordinates":[[[49.32347987152481,24.404144827864116],[49.42206848203996,24.405204521647054],[49.420943552072515,24.49548763114097],[49.322284734299004,24.494423513351997],[49.32347987152481,24.404144827864116]]]},"id":"33,270","properties":{"lon":49.37219449500197,"lat":24.449823093667533,"grid_id":"AHN-00561"}},{"type":"Feature","geometry":{"type":"Polygon","coordinates":[[[49.42206848203996,24.405204521647054],[49.52066258545879,24.406200064774932],[49.519607879999036,24.496487330525266],[49.420943552072515,24.49548763114097],[49.42206848203996,24.405204521647054]]]},"id":"34,270","properties":{"lon":49.47082093962877,"lat":24.45085285777005,"grid_id":"AHN-00562"}},{"type":"Feature","geometry":{"type":"Polygon","coordinates":[[[47.64626040524858,24.46649514463416],[47.744773080409495,24.46865140852273],[47.74244651430627,24.55882168771695],[47.64386374797341,24.55665645068361],[47.64626040524858,24.46649514463416]]]},"id":"16,271","properties":{"lon":47.69433661615416,"lat":24.512664160898307,"grid_id":"AHN-00563"}},{"type":"Feature","geometry":{"type":"Polygon","coordinates":[[[47.744773080409495,24.46865140852273],[47.843297087895564,24.470743623596114],[47.841040648572026,24.560922609688383],[47.74244651430627,24.55882168771695],[47.744773080409495,24.46865140852273]]]},"id":"17,271","properties":{"lon":47.79288999180604,"lat":24.514792821590408,"grid_id":"AHN-00564"}},{"type":"Feature","geometry":{"type":"Polygon","coordinates":[[[47.843297087895564,24.470743623596114],[47.94183208674687,24.472771761080555],[47.93964580874702,24.56295918767839],[47.841040648572026,24.560922609688383],[47.843297087895564,24.470743623596114]]]},"id":"18,271","properties":{"lon":47.89145454682765,"lat":24.516857285885298,"grid_id":"AHN-00565"}},{"type":"Feature","geometry":{"type":"Polygon","coordinates":[[[47.94183208674687,24.472771761080555],[48.04037773577871,24.47473579307706],[48.03826165258137,24.56493139364663],[47.93964580874702,24.56295918767839],[47.94183208674687,24.472771761080555]]]},"id":"19,271","properties":{"lon":47.99002993961327,"lat":24.518857525374887,"grid_id":"AHN-00566"}},{"type":"Feature","geometry":{"type":"Polygon","coordinates":[[[48.04037773577871,24.47473579307706],[48.13893369358849,24.476635692562358],[48.136887837606,24.566839200432895],[48.03826165258137,24.56493139364663],[48.04037773577871,24.47473579307706]]]},"id":"20,271","properties":{"lon":48.08861582835427,"lat":24.52079351252055,"grid_id":"AHN-00567"}},{"type":"Feature","geometry":{"type":"Polygon","coordinates":[[[48.13893369358849,24.476635692562358],[48.23749961856263,24.478471433389856],[48.23552402113948,24.5686825817581],[48.136887837606,24.566839200432895],[48.13893369358849,24.476635692562358]]]},"id":"21,271","properties":{"lon":48.18721187098989,"lat":24.522665220683734,"grid_id":"AHN-00568"}},{"type":"Feature","geometry":{"type":"Polygon","coordinates":[[[48.23749961856263,24.478471433389856],[48.336075168883504,24.48024299029059],[48.3341698602951,24.57046151222521],[48.23552402113948,24.5686825817581],[48.23749961856263,24.478471433389856]]]},"id":"22,271","properties":{"lon":48.285817725270995,"lat":24.52447262408868,"grid_id":"AHN-00569"}},{"type":"Feature","geometry":{"type":"Polygon","coordinates":[[[48.336075168883504,24.48024299029059],[48.434660002536376,24.481950338874107],[48.43282501198776,24.572175967320145],[48.3341698602951,24.57046151222521],[48.336075168883504,24.48024299029059]]]},"id":"23,271","properties":{"lon":48.38443304875763,"lat":24.52621569783276,"grid_id":"AHN-00570"}},{"type":"Feature","geometry":{"type":"Polygon","coordinates":[[[48.434660002536376,24.481950338874107],[48.53325377731631,24.483593455629318],[48.53148913294103,24.57382592341266],[48.43282501198776,24.572175967320145],[48.434660002536376,24.481950338874107]]]},"id":"24,271","properties":{"lon":48.48305749880712,"lat":24.52789441791258,"grid_id":"AHN-00571"}},{"type":"Feature","geometry":{"type":"Polygon","coordinates":[[[48.53325377731631,24.483593455629318],[48.63185615083516,24.485172317925375],[48.63016187969409,24.57541135775716],[48.53148913294103,24.57382592341266],[48.53325377731631,24.483593455629318]]]},"id":"25,271","properties":{"lon":48.58169073256543,"lat":24.529508761196237,"grid_id":"AHN-00572"}},{"type":"Feature","geometry":{"type":"Polygon","coordinates":[[[48.63185615083516,24.485172317925375],[48.73046678052853,24.486686904012437],[48.72884290860878,24.576932248493556],[48.63016187969409,24.57541135775716],[48.63185615083516,24.485172317925375]]]},"id":"26,271","properties":{"lon":48.68033240704619,"lat":24.5310587054366,"grid_id":"AHN-00573"}},{"type":"Feature","geometry":{"type":"Polygon","coordinates":[[[48.73046678052853,24.486686904012437],[48.82908532366276,24.488137193022464],[48.8275318758766,24.578388574647988],[48.72884290860878,24.576932248493556],[48.73046678052853,24.486686904012437]]]},"id":"27,271","properties":{"lon":48.77898217905411,"lat":24.532544229271107,"grid_id":"AHN-00574"}},{"type":"Feature","geometry":{"type":"Polygon","coordinates":[[[48.82908532366276,24.488137193022464],[48.92771143734185,24.489523164969942],[48.92622843752573,24.57978031613362],[48.8275318758766,24.578388574647988],[48.82908532366276,24.488137193022464]]]},"id":"28,271","properties":{"lon":48.87763970522114,"lat":24.533965312225785,"grid_id":"AHN-00575"}},{"type":"Feature","geometry":{"type":"Polygon","coordinates":[[[48.92771143734185,24.489523164969942],[49.02634477851454,24.490844800752615],[49.024932249428076,24.581107453751315],[48.92622843752573,24.57978031613362],[48.92771143734185,24.489523164969942]]]},"id":"29,271","properties":{"lon":48.976304642063894,"lat":24.53532193469831,"grid_id":"AHN-00576"}},{"type":"Feature","geometry":{"type":"Polygon","coordinates":[[[49.02634477851454,24.490844800752615],[49.12498500398125,24.49210208215215],[49.12364296730634,24.582369969190367],[49.024932249428076,24.581107453751315],[49.02634477851454,24.490844800752615]]]},"id":"30,271","properties":{"lon":49.07497664589897,"lat":24.536614077987018,"grid_id":"AHN-00577"}},{"type":"Feature","geometry":{"type":"Polygon","coordinates":[[[49.12498500398125,24.49210208215215],[49.22363177040113,24.493294991834798],[49.22236024674101,24.58356784502911],[49.12364296730634,24.582369969190367],[49.12498500398125,24.49210208215215]]]},"id":"31,271","properties":{"lon":49.17365537292667,"lat":24.53784172427247,"grid_id":"AHN-00578"}},{"type":"Feature","geometry":{"type":"Polygon","coordinates":[[[49.22363177040113,24.493294991834798],[49.322284734299004,24.494423513351997],[49.321083743177496,24.58470106473555],[49.22236024674101,24.58356784502911],[49.22363177040113,24.493294991834798]]]},"id":"32,271","properties":{"lon":49.27234047918725,"lat":24.539004856621442,"grid_id":"AHN-00579"}},{"type":"Feature","geometry":{"type":"Polygon","coordinates":[[[49.322284734299004,24.494423513351997],[49.420943552072515,24.49548763114097],[49.41981311193315,24.585769612667985],[49.321083743177496,24.58470106473555],[49.322284734299004,24.494423513351997]]]},"id":"33,271","properties":{"lon":49.37103162061891,"lat":24.540103458974535,"grid_id":"AHN-00580"}},{"type":"Feature","geometry":{"type":"Polygon","coordinates":[[[49.420943552072515,24.49548763114097],[49.519607879999036,24.496487330525266],[49.518548008204334,24.586773474075514],[49.41981311193315,24.585769612667985],[49.420943552072515,24.49548763114097]]]},"id":"34,271","properties":{"lon":49.4697284530079,"lat":24.541137516180324,"grid_id":"AHN-00581"}},{"type":"Feature","geometry":{"type":"Polygon","coordinates":[[[49.519607879999036,24.496487330525266],[49.61827737424278,24.497422597715307],[49.617288087073554,24.587712635098605],[49.518548008204334,24.586773474075514],[49.519607879999036,24.496487330525266]]]},"id":"35,271","properties":{"lon":49.568430632036325,"lat":24.542107013987142,"grid_id":"AHN-00582"}},{"type":"Feature","geometry":{"type":"Polygon","coordinates":[[[49.61827737424278,24.497422597715307],[49.71695169086182,24.498293419808846],[49.71603300351649,24.588587082769564],[49.617288087073554,24.587712635098605],[49.61827737424278,24.497422597715307]]]},"id":"36,271","properties":{"lon":49.66713781327992,"lat":24.54301193899495,"grid_id":"AHN-00583"}},{"type":"Feature","geometry":{"type":"Polygon","coordinates":[[[47.64386374797341,24.55665645068361],[47.74244651430627,24.55882168771695],[47.74010858023083,24.648990680392377],[47.641455380934296,24.64681645776084],[47.64386374797341,24.55665645068361]]]},"id":"16,272","properties":{"lon":47.69196923550365,"lat":24.602829340451017,"grid_id":"AHN-00584"}},{"type":"Feature","geometry":{"type":"Polygon","coordinates":[[[47.74244651430627,24.55882168771695],[47.841040648572026,24.560922609688383],[47.838773183301136,24.651100321349404],[47.74010858023083,24.648990680392377],[47.74244651430627,24.55882168771695]]]},"id":"17,272","properties":{"lon":47.79059289107137,"lat":24.604966847307537,"grid_id":"AHN-00585"}},{"type":"Feature","geometry":{"type":"Polygon","coordinates":[[[47.841040648572026,24.560922609688383],[47.93964580874702,24.56295918767839],[47.93744884705085,24.653145351566117],[47.838773183301136,24.651100321349404],[47.841040648572026,24.560922609688383]]]},"id":"18,272","properties":{"lon":47.88922776119475,"lat":24.607039891261497,"grid_id":"AHN-00586"}},{"type":"Feature","geometry":{"type":"Polygon","coordinates":[[[47.93964580874702,24.56295918767839],[48.03826165258137,24.56493139364663],[48.03613522815803,24.655125742860292],[47.93744884705085,24.653145351566117],[47.93964580874702,24.56295918767839]]]},"id":"19,272","properties":{"lon":47.98787350322552,"lat":24.609048443755217,"grid_id":"AHN-00587"}},{"type":"Feature","geometry":{"type":"Polygon","coordinates":[[[48.03826165258137,24.56493139364663],[48.136887837606,24.566839200432895],[48.1348319830801,24.657041467934302],[48.03613522815803,24.655125742860292],[48.03826165258137,24.56493139364663]]]},"id":"20,272","properties":{"lon":48.08652977423105,"lat":24.610992477142513,"grid_id":"AHN-00588"}},{"type":"Feature","geometry":{"type":"Polygon","coordinates":[[[48.136887837606,24.566839200432895],[48.23552402113948,24.5686825817581],[48.23353876806085,24.658892500376076],[48.1348319830801,24.657041467934302],[48.136887837606,24.566839200432895]]]},"id":"21,272","properties":{"lon":48.185196231144104,"lat":24.612871964607248,"grid_id":"AHN-00589"}},{"type":"Feature","geometry":{"type":"Polygon","coordinates":[[[48.23552402113948,24.5686825817581],[48.3341698602951,24.57046151222521],[48.33225523913749,24.66067881466006],[48.23353876806085,24.658892500376076],[48.23552402113948,24.5686825817581]]]},"id":"22,272","properties":{"lon":48.283872530596895,"lat":24.614686880263786,"grid_id":"AHN-00590"}},{"type":"Feature","geometry":{"type":"Polygon","coordinates":[[[48.3341698602951,24.57046151222521],[48.43282501198776,24.572175967320145],[48.430981052147594,24.66240038614809],[48.33225523913749,24.66067881466006],[48.3341698602951,24.57046151222521]]]},"id":"23,272","properties":{"lon":48.38255832910803,"lat":24.616437199087052,"grid_id":"AHN-00591"}},{"type":"Feature","geometry":{"type":"Polygon","coordinates":[[[48.43282501198776,24.572175967320145],[48.53148913294103,24.57382592341266],[48.52971586273621,24.664057191090308],[48.430981052147594,24.66240038614809],[48.43282501198776,24.572175967320145]]]},"id":"24,272","properties":{"lon":48.48125328292066,"lat":24.618122896942953,"grid_id":"AHN-00592"}},{"type":"Feature","geometry":{"type":"Polygon","coordinates":[[[48.53148913294103,24.57382592341266],[48.63016187969409,24.57541135775716],[48.628459326362844,24.665649206625993],[48.52971586273621,24.664057191090308],[48.53148913294103,24.57382592341266]]]},"id":"25,272","properties":{"lon":48.579957048149126,"lat":24.61974395059067,"grid_id":"AHN-00593"}},{"type":"Feature","geometry":{"type":"Polygon","coordinates":[[[48.63016187969409,24.57541135775716],[48.72884290860878,24.576932248493556],[48.727211098308544,24.66717641078437],[48.628459326362844,24.665649206625993],[48.63016187969409,24.57541135775716]]]},"id":"26,272","properties":{"lon":48.678669280711304,"lat":24.621300337661534,"grid_id":"AHN-00594"}},{"type":"Feature","geometry":{"type":"Polygon","coordinates":[[[48.72884290860878,24.576932248493556],[48.8275318758766,24.578388574647988],[48.825970833682966,24.668638782485402],[48.727211098308544,24.66717641078437],[48.72884290860878,24.576932248493556]]]},"id":"27,272","properties":{"lon":48.7773896363187,"lat":24.622792036694374,"grid_id":"AHN-00595"}},{"type":"Feature","geometry":{"type":"Polygon","coordinates":[[[48.8275318758766,24.578388574647988],[48.92622843752573,24.57978031613362],[48.9247381874314,24.670036301540534],[48.825970833682966,24.668638782485402],[48.8275318758766,24.578388574647988]]]},"id":"28,272","properties":{"lon":48.87611777055684,"lat":24.624219027100363,"grid_id":"AHN-00596"}},{"type":"Feature","geometry":{"type":"Polygon","coordinates":[[[48.92622843752573,24.57978031613362],[49.024932249428076,24.581107453751315],[49.02351281434191,24.671368948653427],[48.9247381874314,24.670036301540534],[48.92622843752573,24.57978031613362]]]},"id":"29,272","properties":{"lon":48.974853338837136,"lat":24.62558128918842,"grid_id":"AHN-00597"}},{"type":"Feature","geometry":{"type":"Polygon","coordinates":[[[49.024932249428076,24.581107453751315],[49.12364296730634,24.582369969190367],[49.122294369052405,24.672636705420636],[49.02351281434191,24.671368948653427],[49.024932249428076,24.581107453751315]]]},"id":"30,272","properties":{"lon":49.07359599639948,"lat":24.626878804155183,"grid_id":"AHN-00598"}},{"type":"Feature","geometry":{"type":"Polygon","coordinates":[[[49.12364296730634,24.582369969190367],[49.22236024674101,24.58356784502911],[49.22108250605768,24.673839554332268],[49.122294369052405,24.672636705420636],[49.12364296730634,24.582369969190367]]]},"id":"31,272","properties":{"lon":49.17234539836999,"lat":24.628111554087543,"grid_id":"AHN-00599"}},{"type":"Feature","geometry":{"type":"Polygon","coordinates":[[[49.22236024674101,24.58356784502911],[49.321083743177496,24.58470106473555],[49.31987687971662,24.674977478772607],[49.22108250605768,24.673839554332268],[49.22236024674101,24.58356784502911]]]},"id":"32,272","properties":{"lon":49.27110119970651,"lat":24.62927952196717,"grid_id":"AHN-00600"}},{"type":"Feature","geometry":{"type":"Polygon","coordinates":[[[49.321083743177496,24.58470106473555],[49.41981311193315,24.585769612667985],[49.41867714425922,24.67605046302071],[49.31987687971662,24.674977478772607],[49.321083743177496,24.58470106473555]]]},"id":"33,272","properties":{"lon":49.369863055253134,"lat":24.6303826916773,"grid_id":"AHN-00601"}},{"type":"Feature","geometry":{"type":"Polygon","coordinates":[[[49.41981311193315,24.585769612667985],[49.518548008204334,24.586773474075514],[49.517482953793774,24.67705849225098],[49.41867714425922,24.67605046302071],[49.41981311193315,24.585769612667985]]]},"id":"34,272","properties":{"lon":49.46863061972598,"lat":24.631421047977003,"grid_id":"AHN-00602"}},{"type":"Feature","geometry":{"type":"Polygon","coordinates":[[[49.518548008204334,24.586773474075514],[49.617288087073554,24.587712635098605],[49.61629396231397,24.678001552533658],[49.517482953793774,24.67705849225098],[49.518548008204334,24.586773474075514]]]},"id":"35,272","properties":{"lon":49.567403547706995,"lat":24.632394576510205,"grid_id":"AHN-00603"}},{"type":"Feature","geometry":{"type":"Polygon","coordinates":[[[49.617288087073554,24.587712635098605],[49.71603300351649,24.588587082769564],[49.71510982370601,24.678879630835368],[49.61629396231397,24.678001552533658],[49.617288087073554,24.587712635098605]]]},"id":"36,272","properties":{"lon":49.66618149370194,"lat":24.633303263841054,"grid_id":"AHN-00604"}},{"type":"Feature","geometry":{"type":"Polygon","coordinates":[[[49.71603300351649,24.588587082769564],[49.81478241240912,24.58939680501301],[49.813930191755766,24.67969271501956],[49.71510982370601,24.678879630835368],[49.71603300351649,24.588587082769564]]]},"id":"37,272","properties":{"lon":49.764964112082446,"lat":24.63414709742137,"grid_id":"AHN-00605"}},{"type":"Feature","geometry":{"type":"Polygon","coordinates":[[[47.641455380934296,24.64681645776084],[47.74010858023083,24.648990680392377],[47.737759242342065,24.739158382472507],[47.63903526722088,24.736975161718963],[47.641455380934296,24.64681645776084]]]},"id":"16,273","properties":{"lon":47.68959029780206,"lat":24.69299322524391,"grid_id":"AHN-00606"}},{"type":"Feature","geometry":{"type":"Polygon","coordinates":[[[47.74010858023083,24.648990680392377],[47.838773183301136,24.651100321349404],[47.836494657312464,24.741276754571],[47.737759242342065,24.739158382472507],[47.74010858023083,24.648990680392377]]]},"id":"17,273","properties":{"lon":47.78828457572581,"lat":24.695139590564153,"grid_id":"AHN-00607"}},{"type":"Feature","geometry":{"type":"Polygon","coordinates":[[[47.838773183301136,24.651100321349404],[47.93744884705085,24.653145351566117],[47.935241167960065,24.743330248801804],[47.836494657312464,24.741276754571],[47.838773183301136,24.651100321349404]]]},"id":"18,273","properties":{"lon":47.886990103636855,"lat":24.69722122611875,"grid_id":"AHN-00608"}},{"type":"Feature","geometry":{"type":"Polygon","coordinates":[[[47.93744884705085,24.653145351566117],[48.03613522815803,24.655125742860292],[48.033998429883844,24.745318836840315],[47.935241167960065,24.743330248801804],[47.93744884705085,24.653145351566117]]]},"id":"19,273","properties":{"lon":47.98570653778109,"lat":24.69923810321299,"grid_id":"AHN-00609"}},{"type":"Feature","geometry":{"type":"Polygon","coordinates":[[[48.03613522815803,24.655125742860292],[48.1348319830801,24.657041467934302],[48.132766098460756,24.747242491250972],[48.033998429883844,24.745318836840315],[48.03613522815803,24.655125742860292]]]},"id":"20,273","properties":{"lon":48.084433534195554,"lat":24.701190194016775,"grid_id":"AHN-00610"}},{"type":"Feature","geometry":{"type":"Polygon","coordinates":[[[48.1348319830801,24.657041467934302],[48.23353876806085,24.658892500376076],[48.2315438288528,24.74910118548824],[48.132766098460756,24.747242491250972],[48.1348319830801,24.657041467934302]]]},"id":"21,273","properties":{"lon":48.18317074868673,"lat":24.70307747162273,"grid_id":"AHN-00611"}},{"type":"Feature","geometry":{"type":"Polygon","coordinates":[[[48.23353876806085,24.658892500376076],[48.33225523913749,24.66067881466006],[48.33033127601406,24.75089489389756],[48.2315438288528,24.74910118548824],[48.23353876806085,24.658892500376076]]]},"id":"22,273","properties":{"lon":48.28191783684616,"lat":24.70489990999493,"grid_id":"AHN-00612"}},{"type":"Feature","geometry":{"type":"Polygon","coordinates":[[[48.33225523913749,24.66067881466006],[48.430981052147594,24.66240038614809],[48.429128094697774,24.752623591716247],[48.33033127601406,24.75089489389756],[48.33225523913749,24.66067881466006]]]},"id":"23,273","properties":{"lon":48.380674454090425,"lat":24.706657483991226,"grid_id":"AHN-00613"}},{"type":"Feature","geometry":{"type":"Polygon","coordinates":[[[48.430981052147594,24.66240038614809],[48.52971586273621,24.664057191090308],[48.527933939463416,24.754287255074402],[48.429128094697774,24.752623591716247],[48.430981052147594,24.66240038614809]]]},"id":"24,273","properties":{"lon":48.47944025559375,"lat":24.708350169351764,"grid_id":"AHN-00614"}},{"type":"Feature","geometry":{"type":"Polygon","coordinates":[[[48.52971586273621,24.664057191090308],[48.628459326362844,24.665649206625993],[48.626748464683786,24.75588586099573],[48.527933939463416,24.754287255074402],[48.52971586273621,24.664057191090308]]]},"id":"25,273","properties":{"lon":48.57821489637995,"lat":24.709977942710562,"grid_id":"AHN-00615"}},{"type":"Feature","geometry":{"type":"Polygon","coordinates":[[[48.628459326362844,24.665649206625993],[48.727211098308544,24.66717641078437],[48.72557132455206,24.757419387398386],[48.626748464683786,24.75588586099573],[48.628459326362844,24.665649206625993]]]},"id":"26,273","properties":{"lon":48.67699803127741,"lat":24.711540781604004,"grid_id":"AHN-00616"}},{"type":"Feature","geometry":{"type":"Polygon","coordinates":[[[48.727211098308544,24.66717641078437],[48.825970833682966,24.668638782485402],[48.82440217308897,24.75888781309575],[48.72557132455206,24.757419387398386],[48.727211098308544,24.66717641078437]]]},"id":"27,273","properties":{"lon":48.775789314933924,"lat":24.713038664438837,"grid_id":"AHN-00617"}},{"type":"Feature","geometry":{"type":"Polygon","coordinates":[[[48.825970833682966,24.668638782485402],[48.9247381874314,24.670036301540534],[48.92324066414987,24.760291117797202],[48.82440217308897,24.75888781309575],[48.825970833682966,24.668638782485402]]]},"id":"28,273","properties":{"lon":48.87458840182168,"lat":24.714471570538493,"grid_id":"AHN-00618"}},{"type":"Feature","geometry":{"type":"Polygon","coordinates":[[[48.9247381874314,24.670036301540534],[49.02351281434191,24.671368948653427],[49.02208645143186,24.76162928210882],[48.92324066414987,24.760291117797202],[48.9247381874314,24.670036301540534]]]},"id":"29,273","properties":{"lon":48.97339494628479,"lat":24.71583948010573,"grid_id":"AHN-00619"}},{"type":"Feature","geometry":{"type":"Polygon","coordinates":[[[49.02351281434191,24.671368948653427],[49.122294369052405,24.672636705420636],[49.12093918848094,24.76290228753409],[49.02208645143186,24.76162928210882],[49.02351281434191,24.671368948653427]]]},"id":"30,273","properties":{"lon":49.07220860247588,"lat":24.717142374250137,"grid_id":"AHN-00620"}},{"type":"Feature","geometry":{"type":"Polygon","coordinates":[[[49.122294369052405,24.672636705420636],[49.22108250605768,24.673839554332268],[49.21979852869915,24.764110116474566],[49.12093918848094,24.76290228753409],[49.122294369052405,24.672636705420636]]]},"id":"31,273","properties":{"lon":49.17102902441495,"lat":24.718380234967196,"grid_id":"AHN-00621"}},{"type":"Feature","geometry":{"type":"Polygon","coordinates":[[[49.22108250605768,24.673839554332268],[49.31987687971662,24.674977478772607],[49.31866412535172,24.7652527522305],[49.21979852869915,24.764110116474566],[49.22108250605768,24.673839554332268]]]},"id":"32,273","properties":{"lon":49.26985586598893,"lat":24.719553045137985,"grid_id":"AHN-00622"}},{"type":"Feature","geometry":{"type":"Polygon","coordinates":[[[49.31987687971662,24.674977478772607],[49.41867714425922,24.67605046302071],[49.41753563157419,24.766330179001436],[49.31866412535172,24.7652527522305],[49.31987687971662,24.674977478772607]]]},"id":"33,273","properties":{"lon":49.3686887809438,"lat":24.720660788565283,"grid_id":"AHN-00623"}},{"type":"Feature","geometry":{"type":"Polygon","coordinates":[[[49.41867714425922,24.67605046302071],[49.517482953793774,24.67705849225098],[49.51641270037964,24.767342381886778],[49.41753563157419,24.766330179001436],[49.41867714425922,24.67605046302071]]]},"id":"34,273","properties":{"lon":49.46752742290292,"lat":24.721703449937824,"grid_id":"AHN-00624"}},{"type":"Feature","geometry":{"type":"Polygon","coordinates":[[[49.517482953793774,24.67705849225098],[49.61629396231397,24.678001552533658],[49.615294984665795,24.768289346886313],[49.51641270037964,24.767342381886778],[49.517482953793774,24.67705849225098]]]},"id":"35,273","properties":{"lon":49.566371445356395,"lat":24.722681014845424,"grid_id":"AHN-00625"}},{"type":"Feature","geometry":{"type":"Polygon","coordinates":[[[49.61629396231397,24.678001552533658],[49.71510982370601,24.678879630835368],[49.71418213722226,24.769171060900728],[49.615294984665795,24.768289346886313],[49.61629396231397,24.678001552533658]]]},"id":"36,273","properties":{"lon":49.665220501722175,"lat":24.723593469763333,"grid_id":"AHN-00626"}},{"type":"Feature","geometry":{"type":"Polygon","coordinates":[[[49.71510982370601,24.678879630835368],[49.813930191755766,24.67969271501956],[49.813073810737656,24.769987511732076],[49.71418213722226,24.769171060900728],[49.71510982370601,24.678879630835368]]]},"id":"37,273","properties":{"lon":49.76407424526411,"lat":24.724440802074685,"grid_id":"AHN-00627"}},{"type":"Feature","geometry":{"type":"Polygon","coordinates":[[[47.63903526722088,24.736975161718963],[47.737759242342065,24.739158382472507],[47.73539846456429,24.829324789886396],[47.6366033696813,24.827132558416327],[47.63903526722088,24.736975161718963]]]},"id":"16,274","properties":{"lon":47.68719976654916,"lat":24.783155811182038,"grid_id":"AHN-00628"}},{"type":"Feature","geometry":{"type":"Polygon","coordinates":[[[47.737759242342065,24.739158382472507],[47.836494657312464,24.741276754571],[47.83420503560799,24.831451905350864],[47.73539846456429,24.829324789886396],[47.737759242342065,24.739158382472507]]]},"id":"17,274","properties":{"lon":47.785965010356136,"lat":24.7853110473501,"grid_id":"AHN-00629"}},{"type":"Feature","geometry":{"type":"Polygon","coordinates":[[[47.836494657312464,24.741276754571],[47.935241167960065,24.743330248801804],[47.93302273755572,24.83351387544972],[47.83420503560799,24.831451905350864],[47.836494657312464,24.741276754571]]]},"id":"18,274","properties":{"lon":47.884741539785956,"lat":24.787401286512353,"grid_id":"AHN-00630"}},{"type":"Feature","geometry":{"type":"Polygon","coordinates":[[[47.935241167960065,24.743330248801804],[48.033998429883844,24.745318836840315],[48.03185122492034,24.835510671715454],[47.93302273755572,24.83351387544972],[47.935241167960065,24.743330248801804]]]},"id":"19,274","properties":{"lon":47.98352901003558,"lat":24.789426499812212,"grid_id":"AHN-00631"}},{"type":"Feature","geometry":{"type":"Polygon","coordinates":[[[48.033998429883844,24.745318836840315],[48.132766098460756,24.747242491250972],[48.13069015199131,24.837442266574076],[48.03185122492034,24.835510671715454],[48.033998429883844,24.745318836840315]]]},"id":"20,274","properties":{"lon":48.08232707603484,"lat":24.791386659313673,"grid_id":"AHN-00632"}},{"type":"Feature","geometry":{"type":"Polygon","coordinates":[[[48.132766098460756,24.747242491250972],[48.2315438288528,24.74910118548824],[48.22953917284177,24.839308633346093],[48.13069015199131,24.837442266574076],[48.132766098460756,24.747242491250972]]]},"id":"21,274","properties":{"lon":48.18113539251744,"lat":24.793281737959127,"grid_id":"AHN-00633"}},{"type":"Feature","geometry":{"type":"Polygon","coordinates":[[[48.2315438288528,24.74910118548824],[48.33033127601406,24.75089489389756],[48.328397941335616,24.84110974624747],[48.22953917284177,24.839308633346093],[48.2315438288528,24.74910118548824]]]},"id":"22,274","properties":{"lon":48.279953613985725,"lat":24.795111709575234,"grid_id":"AHN-00634"}},{"type":"Feature","geometry":{"type":"Polygon","coordinates":[[[48.33033127601406,24.75089489389756],[48.429128094697774,24.752623591716247],[48.427266111134685,24.84284558039055],[48.328397941335616,24.84110974624747],[48.33033127601406,24.75089489389756]]]},"id":"23,274","properties":{"lon":48.37878139476501,"lat":24.796876548888125,"grid_id":"AHN-00635"}},{"type":"Feature","geometry":{"type":"Polygon","coordinates":[[[48.429128094697774,24.752623591716247],[48.527933939463416,24.754287255074402],[48.52614333570579,24.844516111784923],[48.427266111134685,24.84284558039055],[48.429128094697774,24.752623591716247]]]},"id":"24,274","properties":{"lon":48.477618388947356,"lat":24.79857623153124,"grid_id":"AHN-00636"}},{"type":"Feature","geometry":{"type":"Polygon","coordinates":[[[48.527933939463416,24.754287255074402],[48.626748464683786,24.75588586099573],[48.62502926832789,24.84612131733833],[48.52614333570579,24.844516111784923],[48.527933939463416,24.754287255074402]]]},"id":"25,274","properties":{"lon":48.57646425047029,"lat":24.800210734012555,"grid_id":"AHN-00637"}},{"type":"Feature","geometry":{"type":"Polygon","coordinates":[[[48.626748464683786,24.75588586099573],[48.72557132455206,24.757419387398386],[48.72392356209923,24.84766117485743],[48.62502926832789,24.84612131733833],[48.626748464683786,24.75588586099573]]]},"id":"26,274","properties":{"lon":48.67531863304993,"lat":24.801780033744635,"grid_id":"AHN-00638"}},{"type":"Feature","geometry":{"type":"Polygon","coordinates":[[[48.72557132455206,24.757419387398386],[48.82440217308897,24.75888781309575],[48.8228258699445,24.849135663048646],[48.72392356209923,24.84766117485743],[48.72557132455206,24.757419387398386]]]},"id":"27,274","properties":{"lon":48.77418119026358,"lat":24.80328410904805,"grid_id":"AHN-00639"}},{"type":"Feature","geometry":{"type":"Polygon","coordinates":[[[48.82440217308897,24.75888781309575],[48.92324066414987,24.760291117797202],[48.92173584462195,24.850544761518893],[48.8228258699445,24.849135663048646],[48.82440217308897,24.75888781309575]]]},"id":"28,274","properties":{"lon":48.87305157549872,"lat":24.80472293913235,"grid_id":"AHN-00640"}},{"type":"Feature","geometry":{"type":"Polygon","coordinates":[[[48.92324066414987,24.760291117797202],[49.02208645143186,24.76162928210882],[49.020653138730616,24.85188845077632],[48.92173584462195,24.850544761518893],[48.92324066414987,24.760291117797202]]]},"id":"29,274","properties":{"lon":48.97192944197203,"lat":24.80609650409803,"grid_id":"AHN-00641"}},{"type":"Feature","geometry":{"type":"Polygon","coordinates":[[[49.02208645143186,24.76162928210882],[49.12093918848094,24.76290228753409],[49.11957740471747,24.85316671223101],[49.020653138730616,24.85188845077632],[49.02208645143186,24.76162928210882]]]},"id":"30,274","properties":{"lon":49.070814442770725,"lat":24.807404784949213,"grid_id":"AHN-00642"}},{"type":"Feature","geometry":{"type":"Polygon","coordinates":[[[49.12093918848094,24.76290228753409],[49.21979852869915,24.764110116474566],[49.21850829488461,24.85437952819563],[49.11957740471747,24.85316671223101],[49.12093918848094,24.76290228753409]]]},"id":"31,274","properties":{"lon":49.169706230803854,"lat":24.808647763596415,"grid_id":"AHN-00643"}},{"type":"Feature","geometry":{"type":"Polygon","coordinates":[[[49.21979852869915,24.764110116474566],[49.31866412535172,24.7652527522305],[49.31744546139645,24.855526881886096],[49.21850829488461,24.85437952819563],[49.21979852869915,24.764110116474566]]]},"id":"32,274","properties":{"lon":49.26860445886481,"lat":24.809825422855422,"grid_id":"AHN-00644"}},{"type":"Feature","geometry":{"type":"Polygon","coordinates":[[[49.31866412535172,24.7652527522305],[49.41753563157419,24.766330179001436],[49.41638855628693,24.856608757422137],[49.31744546139645,24.855526881886096],[49.31866412535172,24.7652527522305]]]},"id":"33,274","properties":{"lon":49.36750877960959,"lat":24.810937746428046,"grid_id":"AHN-00645"}},{"type":"Feature","geometry":{"type":"Polygon","coordinates":[[[49.41753563157419,24.766330179001436],[49.51641270037964,24.767342381886778],[49.51533723146673,24.85762513982789],[49.41638855628693,24.856608757422137],[49.41753563157419,24.766330179001436]]]},"id":"34,274","properties":{"lon":49.466418845549605,"lat":24.81198471891944,"grid_id":"AHN-00646"}},{"type":"Feature","geometry":{"type":"Polygon","coordinates":[[[49.51641270037964,24.767342381886778],[49.615294984665795,24.768289346886313],[49.614291138730465,24.858576015032423],[49.51533723146673,24.85762513982789],[49.51641270037964,24.767342381886778]]]},"id":"35,274","properties":{"lon":49.565334309091,"lat":24.812966325843487,"grid_id":"AHN-00647"}},{"type":"Feature","geometry":{"type":"Polygon","coordinates":[[[49.615294984665795,24.768289346886313],[49.71418213722226,24.769171060900728],[49.713249929763926,24.85946136987025],[49.614291138730465,24.858576015032423],[49.615294984665795,24.768289346886313]]]},"id":"36,274","properties":{"lon":49.66425482253156,"lat":24.813882553625938,"grid_id":"AHN-00648"}},{"type":"Feature","geometry":{"type":"Polygon","coordinates":[[[49.71418213722226,24.769171060900728],[49.813073810737656,24.769987511732076],[49.8122132561513,24.860281192081796],[49.713249929763926,24.85946136987025],[49.71418213722226,24.769171060900728]]]},"id":"37,274","properties":{"lon":49.763180038057875,"lat":24.814733389585154,"grid_id":"AHN-00649"}},{"type":"Feature","geometry":{"type":"Polygon","coordinates":[[[49.813073810737656,24.769987511732076],[49.911969657806836,24.7707386880842],[49.91118076938243,24.86103547031383],[49.8122132561513,24.860281192081796],[49.813073810737656,24.769987511732076]]]},"id":"38,274","properties":{"lon":49.86210960775205,"lat":24.815518821934372,"grid_id":"AHN-00650"}},{"type":"Feature","geometry":{"type":"Polygon","coordinates":[[[47.6366033696813,24.827132558416327],[47.73539846456429,24.829324789886396],[47.73302621058575,24.91948989856863],[47.63415965092062,24.917288643716486],[47.6366033696813,24.827132558416327]]]},"id":"16,275","properties":{"lon":47.68479760501479,"lat":24.873317094150195,"grid_id":"AHN-00651"}},{"type":"Feature","geometry":{"type":"Polygon","coordinates":[[[47.73539846456429,24.829324789886396],[47.83420503560799,24.831451905350864],[47.83190428296063,24.921625769692543],[47.73302621058575,24.91948989856863],[47.73539846456429,24.829324789886396]]]},"id":"17,275","properties":{"lon":47.7836341592936,"lat":24.875481213609632,"grid_id":"AHN-00652"}},{"type":"Feature","geometry":{"type":"Polygon","coordinates":[[[47.83420503560799,24.831451905350864],[47.93302273755572,24.83351387544972],[47.930793521696856,24.923696227580294],[47.83190428296063,24.921625769692543],[47.83420503560799,24.831451905350864]]]},"id":"18,275","properties":{"lon":47.882482035085665,"lat":24.877580068436824,"grid_id":"AHN-00653"}},{"type":"Feature","geometry":{"type":"Polygon","coordinates":[[[47.93302273755572,24.83351387544972],[48.03185122492034,24.835510671715454],[48.029693580214094,24.925701243620946],[47.930793521696856,24.923696227580294],[47.93302273755572,24.83351387544972]]]},"id":"19,275","properties":{"lon":47.98134088648996,"lat":24.879613629660952,"grid_id":"AHN-00654"}},{"type":"Feature","geometry":{"type":"Polygon","coordinates":[[[48.03185122492034,24.835510671715454],[48.13069015199131,24.837442266574076],[48.1286041117072,24.92764079010156],[48.029693580214094,24.925701243620946],[48.03185122492034,24.835510671715454]]]},"id":"20,275","properties":{"lon":48.08021036735226,"lat":24.881581869185087,"grid_id":"AHN-00655"}},{"type":"Feature","geometry":{"type":"Polygon","coordinates":[[[48.13069015199131,24.837442266574076],[48.22953917284177,24.839308633346093],[48.227524769153355,24.929514840208203],[48.1286041117072,24.92764079010156],[48.13069015199131,24.837442266574076]]]},"id":"21,275","properties":{"lon":48.17909013131153,"lat":24.8834847598172,"grid_id":"AHN-00656"}},{"type":"Feature","geometry":{"type":"Polygon","coordinates":[[[48.22953917284177,24.839308633346093],[48.328397941335616,24.84110974624747],[48.32645520531921,24.93132336802688],[48.227524769153355,24.929514840208203],[48.22953917284177,24.839308633346093]]]},"id":"22,275","properties":{"lon":48.277979831787476,"lat":24.885322275257106,"grid_id":"AHN-00657"}},{"type":"Feature","geometry":{"type":"Polygon","coordinates":[[[48.328397941335616,24.84110974624747],[48.427266111134685,24.84284558039055],[48.42539507276803,24.933066348544493],[48.32645520531921,24.93132336802688],[48.328397941335616,24.84110974624747]]]},"id":"23,275","properties":{"lon":48.37687912198958,"lat":24.887094390111955,"grid_id":"AHN-00658"}},{"type":"Feature","geometry":{"type":"Polygon","coordinates":[[[48.427266111134685,24.84284558039055],[48.52614333570579,24.844516111784923],[48.524344023866846,24.934743757649706],[48.42539507276803,24.933066348544493],[48.427266111134685,24.84284558039055]]]},"id":"24,275","properties":{"lon":48.47578765493401,"lat":24.888801079868763,"grid_id":"AHN-00659"}},{"type":"Feature","geometry":{"type":"Polygon","coordinates":[[[48.52614333570579,24.844516111784923],[48.62502926832789,24.84612131733833],[48.623301710793655,24.93635557213384],[48.524344023866846,24.934743757649706],[48.52614333570579,24.844516111784923]]]},"id":"25,275","properties":{"lon":48.574705083444165,"lat":24.890442320929907,"grid_id":"AHN-00660"}},{"type":"Feature","geometry":{"type":"Polygon","coordinates":[[[48.62502926832789,24.84612131733833],[48.72392356209923,24.84766117485743],[48.72226778554461,24.93790176969167],[48.623301710793655,24.93635557213384],[48.62502926832789,24.84612131733833]]]},"id":"26,275","properties":{"lon":48.67363106016773,"lat":24.8920180906053,"grid_id":"AHN-00661"}},{"type":"Feature","geometry":{"type":"Polygon","coordinates":[[[48.72392356209923,24.84766117485743],[48.8228258699445,24.849135663048646],[48.82124189994117,24.939382328922246],[48.72226778554461,24.93790176969167],[48.72392356209923,24.84766117485743]]]},"id":"27,275","properties":{"lon":48.7725652375462,"lat":24.893528367089043,"grid_id":"AHN-00662"}},{"type":"Feature","geometry":{"type":"Polygon","coordinates":[[[48.8228258699445,24.849135663048646],[48.92173584462195,24.850544761518893],[48.92022370563736,24.940797229329654],[48.82124189994117,24.939382328922246],[48.8228258699445,24.849135663048646]]]},"id":"28,275","properties":{"lon":48.871507267898394,"lat":24.89497312947774,"grid_id":"AHN-00663"}},{"type":"Feature","geometry":{"type":"Polygon","coordinates":[[[48.92173584462195,24.850544761518893],[49.020653138730616,24.85188845077632],[49.019212854126955,24.94214645132375],[48.92022370563736,24.940797229329654],[48.92173584462195,24.850544761518893]]]},"id":"29,275","properties":{"lon":48.9704568033138,"lat":24.89635235779096,"grid_id":"AHN-00664"}},{"type":"Feature","geometry":{"type":"Polygon","coordinates":[[[49.020653138730616,24.85188845077632],[49.11957740471747,24.85316671223101],[49.118208996750695,24.943429976220862],[49.019212854126955,24.94214645132375],[49.020653138730616,24.85188845077632]]]},"id":"30,275","properties":{"lon":49.06941349578721,"lat":24.897666032938663,"grid_id":"AHN-00665"}},{"type":"Feature","geometry":{"type":"Polygon","coordinates":[[[49.11957740471747,24.85316671223101],[49.21850829488461,24.85437952819563],[49.21721178470356,24.944647786244456],[49.118208996750695,24.943429976220862],[49.11957740471747,24.85316671223101]]]},"id":"31,275","properties":{"lon":49.16837699714361,"lat":24.898914136733925,"grid_id":"AHN-00666"}},{"type":"Feature","geometry":{"type":"Polygon","coordinates":[[[49.21850829488461,24.85437952819563],[49.31744546139645,24.855526881886096],[49.31622086904194,24.945799864525785],[49.21721178470356,24.944647786244456],[49.21850829488461,24.85437952819563]]]},"id":"32,275","properties":{"lon":49.26734695904447,"lat":24.90009665189419,"grid_id":"AHN-00667"}},{"type":"Feature","geometry":{"type":"Polygon","coordinates":[[[49.31744546139645,24.855526881886096],[49.41638855628693,24.856608757422137],[49.41523590069097,24.946886195104483],[49.31622086904194,24.945799864525785],[49.31744546139645,24.855526881886096]]]},"id":"33,275","properties":{"lon":49.36632303304757,"lat":24.901213562047136,"grid_id":"AHN-00668"}},{"type":"Feature","geometry":{"type":"Polygon","coordinates":[[[49.41638855628693,24.856608757422137],[49.51533723146673,24.85762513982789],[49.51425653045172,24.947906762929136],[49.41523590069097,24.946886195104483],[49.41638855628693,24.856608757422137]]]},"id":"34,275","properties":{"lon":49.465304870566385,"lat":24.90226485172989,"grid_id":"AHN-00669"}},{"type":"Feature","geometry":{"type":"Polygon","coordinates":[[[49.51533723146673,24.85762513982789],[49.614291138730465,24.858576015032423],[49.61328240900845,24.94886155385783],[49.51425653045172,24.947906762929136],[49.51533723146673,24.85762513982789]]]},"id":"35,275","properties":{"lon":49.56429212290323,"lat":24.903250506377596,"grid_id":"AHN-00670"}},{"type":"Feature","geometry":{"type":"Polygon","coordinates":[[[49.614291138730465,24.858576015032423],[49.713249929763926,24.85946136987025],[49.71231318693593,24.949750554658667],[49.61328240900845,24.94886155385783],[49.614291138730465,24.858576015032423]]]},"id":"36,275","properties":{"lon":49.66328444124645,"lat":24.904170512344162,"grid_id":"AHN-00671"}},{"type":"Feature","geometry":{"type":"Polygon","coordinates":[[[49.713249929763926,24.85946136987025],[49.8122132561513,24.860281192081796],[49.81134851470669,24.950573753010207],[49.71231318693593,24.949750554658667],[49.713249929763926,24.85946136987025]]]},"id":"37,275","properties":{"lon":49.76228147665783,"lat":24.905024856876324,"grid_id":"AHN-00672"}},{"type":"Feature","geometry":{"type":"Polygon","coordinates":[[[49.8122132561513,24.860281192081796],[49.91118076938243,24.86103547031383],[49.910388042698266,24.95133113750195],[49.81134851470669,24.950573753010207],[49.8122132561513,24.860281192081796]]]},"id":"38,275","properties":{"lon":49.861282880137765,"lat":24.905813528151224,"grid_id":"AHN-00673"}},{"type":"Feature","geometry":{"type":"Polygon","coordinates":[[[47.535304950074625,24.91502203553996],[47.63415965092062,24.917288643716486],[47.6317040732993,25.00744341348818],[47.53277759944596,25.00516750124878],[47.535304950074625,24.91502203553996]]]},"id":"15,276","properties":{"lon":47.583487270213546,"lat":24.961238552227314,"grid_id":"AHN-00674"}},{"type":"Feature","geometry":{"type":"Polygon","coordinates":[[[47.63415965092062,24.917288643716486],[47.73302621058575,24.91948989856863],[47.73064244385717,25.00965370445934],[47.6317040732993,25.00744341348818],[47.63415965092062,24.917288643716486]]]},"id":"16,276","properties":{"lon":47.682383776227574,"lat":24.96347707005744,"grid_id":"AHN-00675"}},{"type":"Feature","geometry":{"type":"Polygon","coordinates":[[[47.73302621058575,24.91948989856863],[47.83190428296063,24.921625769692543],[47.829592363912866,25.011798343605452],[47.73064244385717,25.00965370445934],[47.73302621058575,24.91948989856863]]]},"id":"17,276","properties":{"lon":47.78129198665703,"lat":24.965650085306304,"grid_id":"AHN-00676"}},{"type":"Feature","geometry":{"type":"Polygon","coordinates":[[[47.83190428296063,24.921625769692543],[47.930793521696856,24.923696227580294],[47.92855348601913,25.013877301270146],[47.829592363912866,25.011798343605452],[47.83190428296063,24.921625769692543]]]},"id":"18,276","properties":{"lon":47.88021155473678,"lat":24.967757567955548,"grid_id":"AHN-00677"}},{"type":"Feature","geometry":{"type":"Polygon","coordinates":[[[47.930793521696856,24.923696227580294],[48.029693580214094,24.925701243620946],[48.02752546249534,25.015890548698508],[47.92855348601913,25.013877301270146],[47.930793521696856,24.923696227580294]]]},"id":"19,276","properties":{"lon":47.97914213343972,"lat":24.96979948887143,"grid_id":"AHN-00678"}},{"type":"Feature","geometry":{"type":"Polygon","coordinates":[[[48.029693580214094,24.925701243620946],[48.1286041117072,24.92764079010156],[48.126507945434625,25.017838058038155],[48.02752546249534,25.015890548698508],[48.029693580214094,24.925701243620946]]]},"id":"20,276","properties":{"lon":48.07808337553296,"lat":24.971775819818586,"grid_id":"AHN-00679"}},{"type":"Feature","geometry":{"type":"Polygon","coordinates":[[[48.1286041117072,24.92764079010156],[48.227524769153355,24.929514840208203],[48.22550058671107,25.019719802340195],[48.126507945434625,25.017838058038155],[48.1286041117072,24.92764079010156]]]},"id":"21,276","properties":{"lon":48.17703493355588,"lat":24.973686533457926,"grid_id":"AHN-00680"}},{"type":"Feature","geometry":{"type":"Polygon","coordinates":[[[48.227524769153355,24.929514840208203],[48.32645520531921,24.93132336802688],[48.324503037986894,25.021535755560215],[48.22550058671107,25.019719802340195],[48.227524769153355,24.929514840208203]]]},"id":"22,276","properties":{"lon":48.27599645981145,"lat":24.975531603369703,"grid_id":"AHN-00681"}},{"type":"Feature","geometry":{"type":"Polygon","coordinates":[[[48.32645520531921,24.93132336802688],[48.42539507276803,24.933066348544493],[48.42351495071964,25.02328589255921],[48.324503037986894,25.021535755560215],[48.32645520531921,24.93132336802688]]]},"id":"23,276","properties":{"lon":48.374967606428555,"lat":24.977311004011785,"grid_id":"AHN-00682"}},{"type":"Feature","geometry":{"type":"Polygon","coordinates":[[[48.42539507276803,24.933066348544493],[48.524344023866846,24.934743757649706],[48.5225359761694,25.024970189104458],[48.42351495071964,25.02328589255921],[48.42539507276803,24.933066348544493]]]},"id":"24,276","properties":{"lon":48.47394802531429,"lat":24.979024710777892,"grid_id":"AHN-00683"}},{"type":"Feature","geometry":{"type":"Polygon","coordinates":[[[48.524344023866846,24.934743757649706],[48.623301710793655,24.93635557213384],[48.62156576540601,25.026588621870438],[48.5225359761694,25.024970189104458],[48.524344023866846,24.934743757649706]]]},"id":"25,276","properties":{"lon":48.57293736819002,"lat":24.980672699943366,"grid_id":"AHN-00684"}},{"type":"Feature","geometry":{"type":"Polygon","coordinates":[[[48.623301710793655,24.93635557213384],[48.72226778554461,24.93790176969167],[48.720603969316315,25.02814116843962],[48.62156576540601,25.026588621870438],[48.623301710793655,24.93635557213384]]]},"id":"26,276","properties":{"lon":48.67193528658095,"lat":24.9822549486838,"grid_id":"AHN-00685"}},{"type":"Feature","geometry":{"type":"Polygon","coordinates":[[[48.72226778554461,24.93790176969167],[48.82124189994117,24.939382328922246],[48.81965023861139,25.029627807303296],[48.720603969316315,25.02814116843962],[48.72226778554461,24.93790176969167]]]},"id":"27,276","properties":{"lon":48.770941431847994,"lat":24.983771435097427,"grid_id":"AHN-00686"}},{"type":"Feature","geometry":{"type":"Polygon","coordinates":[[[48.82124189994117,24.939382328922246],[48.92022370563736,24.940797229329654],[48.91870422383377,25.03104851786233],[48.81965023861139,25.029627807303296],[48.82124189994117,24.939382328922246]]]},"id":"28,276","properties":{"lon":48.86995545516871,"lat":24.985222138186963,"grid_id":"AHN-00687"}},{"type":"Feature","geometry":{"type":"Polygon","coordinates":[[[48.92022370563736,24.940797229329654],[49.019212854126955,24.94214645132375],[49.01776557536475,25.032403280427932],[48.91870422383377,25.03104851786233],[48.92022370563736,24.940797229329654]]]},"id":"29,276","properties":{"lon":48.96897700757557,"lat":24.986607037853762,"grid_id":"AHN-00688"}},{"type":"Feature","geometry":{"type":"Polygon","coordinates":[[[49.019212854126955,24.94214645132375],[49.118208996750695,24.943429976220862],[49.11683394343164,25.033692076222323],[49.01776557536475,25.032403280427932],[49.019212854126955,24.94214645132375]]]},"id":"30,276","properties":{"lon":49.068005739909154,"lat":24.987926114910877,"grid_id":"AHN-00689"}},{"type":"Feature","geometry":{"type":"Polygon","coordinates":[[[49.118208996750695,24.943429976220862],[49.21721178470356,24.944647786244456],[49.21590897811503,25.034914887379436],[49.11683394343164,25.033692076222323],[49.118208996750695,24.943429976220862]]]},"id":"31,276","properties":{"lon":49.167041302895484,"lat":24.98917935109234,"grid_id":"AHN-00690"}},{"type":"Feature","geometry":{"type":"Polygon","coordinates":[[[49.21721178470356,24.944647786244456],[49.31622086904194,24.945799864525785],[49.31499032935607,25.03607169694555],[49.21590897811503,25.034914887379436],[49.21721178470356,24.944647786244456]]]},"id":"32,276","properties":{"lon":49.26608334709761,"lat":24.990366729023712,"grid_id":"AHN-00691"}},{"type":"Feature","geometry":{"type":"Polygon","coordinates":[[[49.31622086904194,24.945799864525785],[49.41523590069097,24.946886195104483],[49.41407764696381,25.0371624888799],[49.31499032935607,25.03607169694555],[49.31622086904194,24.945799864525785]]]},"id":"33,276","properties":{"lon":49.36513152294557,"lat":24.991488232250372,"grid_id":"AHN-00692"}},{"type":"Feature","geometry":{"type":"Polygon","coordinates":[[[49.41523590069097,24.946886195104483],[49.51425653045172,24.947906762929136],[49.51317058062243,25.03818724805525],[49.41407764696381,25.0371624888799],[49.41523590069097,24.946886195104483]]]},"id":"34,276","properties":{"lon":49.4641854807493,"lat":24.992543845231758,"grid_id":"AHN-00693"}},{"type":"Feature","geometry":{"type":"Polygon","coordinates":[[[49.51425653045172,24.947906762929136],[49.61328240900845,24.94886155385783],[49.61226877989861,25.039145960258445],[49.51317058062243,25.03818724805525],[49.51425653045172,24.947906762929136]]]},"id":"35,276","properties":{"lon":49.56324487069779,"lat":24.993533553324195,"grid_id":"AHN-00694"}},{"type":"Feature","geometry":{"type":"Polygon","coordinates":[[[49.61328240900845,24.94886155385783],[49.71231318693593,24.949750554658667],[49.71137189424881,25.040038612190905],[49.61226877989861,25.039145960258445],[49.61328240900845,24.94886155385783]]]},"id":"36,276","properties":{"lon":49.66230934284968,"lat":24.994457342815267,"grid_id":"AHN-00695"}},{"type":"Feature","geometry":{"type":"Polygon","coordinates":[[[49.71231318693593,24.949750554658667],[49.81134851470669,24.950573753010207],[49.81047957302661,25.040865191469127],[49.71137189424881,25.040038612190905],[49.71231318693593,24.949750554658667]]]},"id":"37,276","properties":{"lon":49.761378547186766,"lat":24.995315200893774,"grid_id":"AHN-00696"}},{"type":"Feature","geometry":{"type":"Polygon","coordinates":[[[49.81134851470669,24.950573753010207],[49.910388042698266,24.95133113750195],[49.90959146548999,25.041625686625103],[49.81047957302661,25.040865191469127],[49.81134851470669,24.950573753010207]]]},"id":"38,276","properties":{"lon":49.86045213354659,"lat":24.99610711566053,"grid_id":"AHN-00697"}},{"type":"Feature","geometry":{"type":"Polygon","coordinates":[[[47.53277759944596,25.00516750124878],[47.6317040732993,25.00744341348818],[47.629236598931676,25.097596863605315],[47.530238005110746,25.0953116341187],[47.53277759944596,25.00516750124878]]]},"id":"15,277","properties":{"lon":47.58098977147663,"lat":25.051388040377944,"grid_id":"AHN-00698"}},{"type":"Feature","geometry":{"type":"Polygon","coordinates":[[[47.6317040732993,25.00744341348818],[47.73064244385717,25.00965370445934],[47.72824712759022,25.099816203504133],[47.629236598931676,25.097596863605315],[47.6317040732993,25.00744341348818]]]},"id":"16,277","properties":{"lon":47.67995824296669,"lat":25.053635734804935,"grid_id":"AHN-00699"}},{"type":"Feature","geometry":{"type":"Polygon","coordinates":[[[47.73064244385717,25.00965370445934],[47.829592363912866,25.011798343605452],[47.8272692427752,25.10196962310483],[47.72824712759022,25.099816203504133],[47.73064244385717,25.00965370445934]]]},"id":"17,277","properties":{"lon":47.77893845633264,"lat":25.055817658447655,"grid_id":"AHN-00700"}},{"type":"Feature","geometry":{"type":"Polygon","coordinates":[[[47.829592363912866,25.011798343605452],[47.92855348601913,25.013877301270146],[47.926302595933386,25.104057092602016],[47.8272692427752,25.10196962310483],[47.829592363912866,25.011798343605452]]]},"id":"18,277","properties":{"lon":47.87793006370484,"lat":25.05793378112401,"grid_id":"AHN-00701"}},{"type":"Feature","geometry":{"type":"Polygon","coordinates":[[[47.92855348601913,25.013877301270146],[48.02752546249534,25.015890548698508],[48.025346838276654,25.106078583096302],[47.926302595933386,25.104057092602016],[47.92855348601913,25.013877301270146]]]},"id":"19,277","properties":{"lon":47.976932716955595,"lat":25.059984073559697,"grid_id":"AHN-00702"}},{"type":"Feature","geometry":{"type":"Polygon","coordinates":[[[48.02752546249534,25.015890548698508],[48.126507945434625,25.017838058038155],[48.12440162078927,25.108034066595323],[48.025346838276654,25.106078583096302],[48.02752546249534,25.015890548698508]]]},"id":"20,277","properties":{"lon":48.07594606774844,"lat":25.061968507378246,"grid_id":"AHN-00703"}},{"type":"Feature","geometry":{"type":"Polygon","coordinates":[[[48.126507945434625,25.017838058038155],[48.22550058671107,25.019719802340195],[48.22346659423501,25.109923516014742],[48.12440162078927,25.108034066595323],[48.126507945434625,25.017838058038155]]]},"id":"21,277","properties":{"lon":48.17496976750566,"lat":25.063887055107507,"grid_id":"AHN-00704"}},{"type":"Feature","geometry":{"type":"Polygon","coordinates":[[[48.22550058671107,25.019719802340195],[48.324503037986894,25.021535755560215],[48.322541409164494,25.111746905179228],[48.22346659423501,25.109923516014742],[48.22550058671107,25.019719802340195]]]},"id":"22,277","properties":{"lon":48.27400346744625,"lat":25.065739690182802,"grid_id":"AHN-00705"}},{"type":"Feature","geometry":{"type":"Polygon","coordinates":[[[48.324503037986894,25.021535755560215],[48.42351495071964,25.02328589255921],[48.42162571592232,25.1135042088234],[48.322541409164494,25.111746905179228],[48.324503037986894,25.021535755560215]]]},"id":"23,277","properties":{"lon":48.37304681856742,"lat":25.067526386960637,"grid_id":"AHN-00706"}},{"type":"Feature","geometry":{"type":"Polygon","coordinates":[[[48.42351495071964,25.02328589255921],[48.5225359761694,25.024970189104458],[48.5207191646544,25.11519540259272],[48.42162571592232,25.1135042088234],[48.42351495071964,25.02328589255921]]]},"id":"24,277","properties":{"lon":48.47209947167176,"lat":25.069247120669147,"grid_id":"AHN-00707"}},{"type":"Feature","geometry":{"type":"Polygon","coordinates":[[[48.5225359761694,25.024970189104458],[48.62156576540601,25.026588621870438],[48.6198214053152,25.11682046304438],[48.5207191646544,25.11519540259272],[48.5225359761694,25.024970189104458]]]},"id":"25,277","properties":{"lon":48.57116107736515,"lat":25.07090186748933,"grid_id":"AHN-00708"}},{"type":"Feature","geometry":{"type":"Polygon","coordinates":[[[48.62156576540601,25.026588621870438],[48.720603969316315,25.02814116843962],[48.71893208767503,25.11837936764813],[48.6198214053152,25.11682046304438],[48.62156576540601,25.026588621870438]]]},"id":"26,277","properties":{"lon":48.67023128608965,"lat":25.072490604491907,"grid_id":"AHN-00709"}},{"type":"Feature","geometry":{"type":"Polygon","coordinates":[[[48.720603969316315,25.02814116843962],[48.81965023861139,25.029627807303296],[48.818050861327286,25.119872094787095],[48.71893208767503,25.11837936764813],[48.720603969316315,25.02814116843962]]]},"id":"27,277","properties":{"lon":48.76930974805534,"lat":25.074013309653985,"grid_id":"AHN-00710"}},{"type":"Feature","geometry":{"type":"Polygon","coordinates":[[[48.81965023861139,25.029627807303296],[48.91870422383377,25.03104851786233],[48.91717737569579,25.121298623758555],[48.818050861327286,25.119872094787095],[48.81965023861139,25.029627807303296]]]},"id":"28,277","properties":{"lon":48.86839611334443,"lat":25.075469961862613,"grid_id":"AHN-00711"}},{"type":"Feature","geometry":{"type":"Polygon","coordinates":[[[48.91870422383377,25.03104851786233],[49.01776557536475,25.032403280427932],[49.016311280042096,25.122658934774677],[48.91717737569579,25.121298623758555],[48.91870422383377,25.03104851786233]]]},"id":"29,277","properties":{"lon":48.96749003186151,"lat":25.07686054093652,"grid_id":"AHN-00712"}},{"type":"Feature","geometry":{"type":"Polygon","coordinates":[[[49.01776557536475,25.032403280427932],[49.11683394343164,25.033692076222323],[49.11545222347277,25.123953008963248],[49.016311280042096,25.122658934774677],[49.01776557536475,25.032403280427932]]]},"id":"30,277","properties":{"lon":49.06659115335896,"lat":25.07818502758208,"grid_id":"AHN-00713"}},{"type":"Feature","geometry":{"type":"Polygon","coordinates":[[[49.11683394343164,25.033692076222323],[49.21590897811503,25.034914887379436],[49.214599854946755,25.12518082836833],[49.11545222347277,25.123953008963248],[49.11683394343164,25.033692076222323]]]},"id":"31,277","properties":{"lon":49.165699127405325,"lat":25.079443403429053,"grid_id":"AHN-00714"}},{"type":"Feature","geometry":{"type":"Polygon","coordinates":[[[49.21590897811503,25.034914887379436],[49.31499032935607,25.03607169694555],[49.31375382328265,25.126342375950905],[49.214599854946755,25.12518082836833],[49.21590897811503,25.034914887379436]]]},"id":"32,277","properties":{"lon":49.2648136034678,"lat":25.080635651036594,"grid_id":"AHN-00715"}},{"type":"Feature","geometry":{"type":"Polygon","coordinates":[[[49.31499032935607,25.03607169694555],[49.41407764696381,25.0371624888799],[49.412913777166125,25.127437635589523],[49.31375382328265,25.126342375950905],[49.31499032935607,25.03607169694555]]]},"id":"33,277","properties":{"lon":49.3639342308673,"lat":25.081761753854593,"grid_id":"AHN-00716"}},{"type":"Feature","geometry":{"type":"Polygon","coordinates":[[[49.41407764696381,25.0371624888799],[49.51317058062243,25.03818724805525],[49.512079365157184,25.128466592080837],[49.412913777166125,25.127437635589523],[49.41407764696381,25.0371624888799]]]},"id":"34,277","properties":{"lon":49.46306065877631,"lat":25.082821696262815,"grid_id":"AHN-00717"}},{"type":"Feature","geometry":{"type":"Polygon","coordinates":[[[49.51317058062243,25.03818724805525],[49.61226877989861,25.039145960258445],[49.61125023569759,25.129429231140175],[49.512079365157184,25.128466592080837],[49.51317058062243,25.03818724805525]]]},"id":"35,277","properties":{"lon":49.56219253625573,"lat":25.0838154635662,"grid_id":"AHN-00718"}},{"type":"Feature","geometry":{"type":"Polygon","coordinates":[[[49.61226877989861,25.039145960258445],[49.71137189424881,25.040038612190905],[49.71042603711817,25.13032553940205],[49.61125023569759,25.129429231140175],[49.61226877989861,25.039145960258445]]]},"id":"36,277","properties":{"lon":49.661329512265596,"lat":25.08474304195694,"grid_id":"AHN-00719"}},{"type":"Feature","geometry":{"type":"Polygon","coordinates":[[[49.71137189424881,25.040038612190905],[49.81047957302661,25.040865191469127],[49.809606417646215,25.131155504420647],[49.71042603711817,25.13032553940205],[49.71137189424881,25.040038612190905]]]},"id":"37,277","properties":{"lon":49.76047123564446,"lat":25.085604418565605,"grid_id":"AHN-00720"}},{"type":"Feature","geometry":{"type":"Polygon","coordinates":[[[49.81047957302661,25.040865191469127],[49.90959146548999,25.041625686625103],[49.90879102541287,25.131919114670247],[49.809606417646215,25.131155504420647],[49.81047957302661,25.040865191469127]]]},"id":"38,277","properties":{"lon":49.859617355127995,"lat":25.086399581445246,"grid_id":"AHN-00721"}},{"type":"Feature","geometry":{"type":"Polygon","coordinates":[[[47.530238005110746,25.0953116341187],[47.629236598931676,25.097596863605315],[47.62675718968444,25.187748989946968],[47.52768612783275,25.18545442995463],[47.530238005110746,25.0953116341187]]]},"id":"15,278","properties":{"lon":47.57848018317708,"lat":25.14153620025276,"grid_id":"AHN-00722"}},{"type":"Feature","geometry":{"type":"Polygon","coordinates":[[[47.629236598931676,25.097596863605315],[47.72824712759022,25.099816203504133],[47.72584022475606,25.18997739165414],[47.62675718968444,25.187748989946968],[47.629236598931676,25.097596863605315]]]},"id":"16,278","properties":{"lon":47.67752096777642,"lat":25.14379308430745,"grid_id":"AHN-00723"}},{"type":"Feature","geometry":{"type":"Polygon","coordinates":[[[47.72824712759022,25.099816203504133],[47.8272692427752,25.10196962310483],[47.82493488362479,25.192139604211746],[47.72584022475606,25.18997739165414],[47.72824712759022,25.099816203504133]]]},"id":"17,278","properties":{"lon":47.77657353195306,"lat":25.145983928994575,"grid_id":"AHN-00724"}},{"type":"Feature","geometry":{"type":"Polygon","coordinates":[[[47.8272692427752,25.10196962310483],[47.926302595933386,25.104057092602016],[47.92404081662421,25.194235597664836],[47.82493488362479,25.192139604211746],[47.8272692427752,25.10196962310483]]]},"id":"18,278","properties":{"lon":47.87563752674351,"lat":25.14810870397828,"grid_id":"AHN-00725"}},{"type":"Feature","geometry":{"type":"Polygon","coordinates":[[[47.926302595933386,25.104057092602016],[48.025346838276654,25.106078583096302],[48.02315767385155,25.196265342968978],[47.92404081662421,25.194235597664836],[47.926302595933386,25.104057092602016]]]},"id":"19,278","properties":{"lon":47.97471260289071,"lat":25.150167379832574,"grid_id":"AHN-00726"}},{"type":"Feature","geometry":{"type":"Polygon","coordinates":[[[48.025346838276654,25.106078583096302],[48.12440162078927,25.108034066595323],[48.122285105174925,25.19822881199132],[48.02315767385155,25.196265342968978],[48.025346838276654,25.106078583096302]]]},"id":"20,278","properties":{"lon":48.07379841095419,"lat":25.152159928046146,"grid_id":"AHN-00727"}},{"type":"Feature","geometry":{"type":"Polygon","coordinates":[[[48.12440162078927,25.108034066595323],[48.22346659423501,25.109923516014742],[48.22142276024063,25.200125977511572],[48.122285105174925,25.19822881199132],[48.12440162078927,25.108034066595323]]]},"id":"21,278","properties":{"lon":48.17289460123924,"lat":25.15408632100919,"grid_id":"AHN-00728"}},{"type":"Feature","geometry":{"type":"Polygon","coordinates":[[[48.22346659423501,25.109923516014742],[48.322541409164494,25.111746905179228],[48.320570288480376,25.20195681322301],[48.22142276024063,25.200125977511572],[48.22346659423501,25.109923516014742]]]},"id":"22,278","properties":{"lon":48.2720008238503,"lat":25.15594653201846,"grid_id":"AHN-00729"}},{"type":"Feature","geometry":{"type":"Polygon","coordinates":[[[48.322541409164494,25.111746905179228],[48.42162571592232,25.1135042088234],[48.4197273391186,25.203721293733405],[48.320570288480376,25.20195681322301],[48.322541409164494,25.111746905179228]]]},"id":"23,278","properties":{"lon":48.371116728675005,"lat":25.1577405352938,"grid_id":"AHN-00730"}},{"type":"Feature","geometry":{"type":"Polygon","coordinates":[[[48.42162571592232,25.1135042088234],[48.5207191646544,25.11519540259272],[48.51889356117979,25.205419394565933],[48.4197273391186,25.203721293733405],[48.42162571592232,25.1135042088234]]]},"id":"24,278","properties":{"lon":48.47024196539744,"lat":25.159468305968915,"grid_id":"AHN-00731"}},{"type":"Feature","geometry":{"type":"Polygon","coordinates":[[[48.5207191646544,25.11519540259272],[48.6198214053152,25.11682046304438],[48.618068603495736,25.20705109216007],[48.51889356117979,25.205419394565933],[48.5207191646544,25.11519540259272]]]},"id":"25,278","properties":{"lon":48.56937618350294,"lat":25.161129820076308,"grid_id":"AHN-00732"}},{"type":"Feature","geometry":{"type":"Polygon","coordinates":[[[48.6198214053152,25.11682046304438],[48.71893208767503,25.11837936764813],[48.71725211471291,25.208616363872427],[48.618068603495736,25.20705109216007],[48.6198214053152,25.11682046304438]]]},"id":"26,278","properties":{"lon":48.66851903230129,"lat":25.16272505456979,"grid_id":"AHN-00733"}},{"type":"Feature","geometry":{"type":"Polygon","coordinates":[[[48.71893208767503,25.11837936764813],[48.818050861327286,25.119872094787095],[48.816443743299764,25.21011518797756],[48.71725211471291,25.208616363872427],[48.71893208767503,25.11837936764813]]]},"id":"27,278","properties":{"lon":48.76767016090031,"lat":25.164253987331097,"grid_id":"AHN-00734"}},{"type":"Feature","geometry":{"type":"Polygon","coordinates":[[[48.818050861327286,25.119872094787095],[48.91717737569579,25.121298623758555],[48.9156431375541,25.21154754366877],[48.816443743299764,25.21011518797756],[48.818050861327286,25.119872094787095]]]},"id":"28,278","properties":{"lon":48.86682921826854,"lat":25.16571659714063,"grid_id":"AHN-00735"}},{"type":"Feature","geometry":{"type":"Polygon","coordinates":[[[48.91717737569579,25.121298623758555],[49.016311280042096,25.122658934774677],[49.014849945610386,25.21291341105884],[48.9156431375541,25.21154754366877],[48.91717737569579,25.121298623758555]]]},"id":"29,278","properties":{"lon":48.96599585315557,"lat":25.16711286369772,"grid_id":"AHN-00736"}},{"type":"Feature","geometry":{"type":"Polygon","coordinates":[[[49.016311280042096,25.122658934774677],[49.11545222347277,25.123953008963248],[49.11406381544715,25.214212771180737],[49.014849945610386,25.21291341105884],[49.016311280042096,25.122658934774677]]]},"id":"30,278","properties":{"lon":49.06516971420466,"lat":25.168442767633938,"grid_id":"AHN-00737"}},{"type":"Feature","geometry":{"type":"Polygon","coordinates":[[[49.11545222347277,25.123953008963248],[49.214599854946755,25.12518082836833],[49.21328439489434,25.21544560598832],[49.11406381544715,25.214212771180737],[49.11545222347277,25.123953008963248]]]},"id":"31,278","properties":{"lon":49.1643504498771,"lat":25.16970629048573,"grid_id":"AHN-00738"}},{"type":"Feature","geometry":{"type":"Polygon","coordinates":[[[49.214599854946755,25.12518082836833],[49.31375382328265,25.126342375950905],[49.31251133164068,25.21661189835699],[49.21328439489434,25.21544560598832],[49.214599854946755,25.12518082836833]]]},"id":"32,278","properties":{"lon":49.263537708495946,"lat":25.170903414705055,"grid_id":"AHN-00739"}},{"type":"Feature","geometry":{"type":"Polygon","coordinates":[[[49.31375382328265,25.126342375950905],[49.412913777166125,25.127437635589523],[49.4117442732411,25.217711632084274],[49.31251133164068,25.21661189835699],[49.31375382328265,25.126342375950905]]]},"id":"33,278","properties":{"lon":49.36273113824628,"lat":25.172034123674692,"grid_id":"AHN-00740"}},{"type":"Feature","geometry":{"type":"Polygon","coordinates":[[[49.412913777166125,25.127437635589523],[49.512079365157184,25.128466592080837],[49.51098286712408,25.21874479189044],[49.4117442732411,25.217711632084274],[49.412913777166125,25.127437635589523]]]},"id":"34,278","properties":{"lon":49.46193038719587,"lat":25.173098401699647,"grid_id":"AHN-00741"}},{"type":"Feature","geometry":{"type":"Polygon","coordinates":[[[49.512079365157184,25.128466592080837],[49.61125023569759,25.129429231140175],[49.6102267605991,25.219711363419044],[49.51098286712408,25.21874479189044],[49.512079365157184,25.128466592080837]]]},"id":"35,278","properties":{"lon":49.561135103267425,"lat":25.174096233991637,"grid_id":"AHN-00742"}},{"type":"Feature","geometry":{"type":"Polygon","coordinates":[[[49.61125023569759,25.129429231140175],[49.71042603711817,25.13032553940205],[49.709475600863996,25.22061133323743],[49.6102267605991,25.219711363419044],[49.61125023569759,25.129429231140175]]]},"id":"36,278","properties":{"lon":49.66034493429108,"lat":25.175027606683184,"grid_id":"AHN-00743"}},{"type":"Feature","geometry":{"type":"Polygon","coordinates":[[[49.71042603711817,25.13032553940205],[49.809606417646215,25.131155504420647],[49.808729035012426,25.22144468883723],[49.709475600863996,25.22061133323743],[49.71042603711817,25.13032553940205]]]},"id":"37,278","properties":{"lon":49.759559527979334,"lat":25.175892506854055,"grid_id":"AHN-00744"}},{"type":"Feature","geometry":{"type":"Polygon","coordinates":[[[47.62675718968444,25.187748989946968],[47.72584022475606,25.18997739165414],[47.72342169808375,25.28013726486598],[47.624265807175,25.27789978839735],[47.62675718968444,25.187748989946968]]]},"id":"16,279","properties":{"lon":47.67507191294803,"lat":25.23394911448723,"grid_id":"AHN-00745"}},{"type":"Feature","geometry":{"type":"Polygon","coordinates":[[[47.72584022475606,25.18997739165414],[47.82493488362479,25.192139604211746],[47.822589250303885,25.282308282953103],[47.72342169808375,25.28013726486598],[47.72584022475606,25.18997739165414]]]},"id":"17,279","properties":{"lon":47.77419717693743,"lat":25.23614889293998,"grid_id":"AHN-00746"}},{"type":"Feature","geometry":{"type":"Polygon","coordinates":[[[47.82493488362479,25.192139604211746],[47.92404081662421,25.194235597664836],[47.92176811304856,25.284412812553654],[47.822589250303885,25.282308282953103],[47.82493488362479,25.192139604211746]]]},"id":"18,279","properties":{"lon":47.87333390836796,"lat":25.238282332585687,"grid_id":"AHN-00747"}},{"type":"Feature","geometry":{"type":"Polygon","coordinates":[[[47.92404081662421,25.194235597664836],[48.02315767385155,25.196265342968978],[48.020957935293076,25.286450824477622],[47.92176811304856,25.284412812553654],[47.92404081662421,25.194235597664836]]]},"id":"19,279","properties":{"lon":47.97248175686326,"lat":25.240349403831804,"grid_id":"AHN-00748"}},{"type":"Feature","geometry":{"type":"Polygon","coordinates":[[[48.02315767385155,25.196265342968978],[48.122285105174925,25.19822881199132],[48.12015836578219,25.288422290451148],[48.020957935293076,25.286450824477622],[48.02315767385155,25.196265342968978]]]},"id":"20,279","properties":{"lon":48.07164037189218,"lat":25.24235007801919,"grid_id":"AHN-00749"}},{"type":"Feature","geometry":{"type":"Polygon","coordinates":[[[48.122285105174925,25.19822881199132],[48.22142276024063,25.200125977511572],[48.21936905303737,25.290327183117476],[48.12015836578219,25.288422290451148],[48.122285105174925,25.19822881199132]]]},"id":"21,279","properties":{"lon":48.17080940260615,"lat":25.244284327412622,"grid_id":"AHN-00750"}},{"type":"Feature","geometry":{"type":"Polygon","coordinates":[[[48.22142276024063,25.200125977511572],[48.320570288480376,25.20195681322301],[48.318589645364185,25.292165476037994],[48.21936905303737,25.290327183117476],[48.22142276024063,25.200125977511572]]]},"id":"22,279","properties":{"lon":48.269988498003464,"lat":25.246152125182668,"grid_id":"AHN-00751"}},{"type":"Feature","geometry":{"type":"Polygon","coordinates":[[[48.320570288480376,25.20195681322301],[48.4197273391186,25.203721293733405],[48.4178197908596,25.29393714369315],[48.318589645364185,25.292165476037994],[48.320570288480376,25.20195681322301]]]},"id":"23,279","properties":{"lon":48.36917730684751,"lat":25.247953445405155,"grid_id":"AHN-00752"}},{"type":"Feature","geometry":{"type":"Polygon","coordinates":[[[48.4197273391186,25.203721293733405],[48.51889356117979,25.205419394565933],[48.51705913741933,25.295642161483386],[48.4178197908596,25.29393714369315],[48.4197273391186,25.203721293733405]]]},"id":"24,279","properties":{"lon":48.468375477696746,"lat":25.249688263089805,"grid_id":"AHN-00753"}},{"type":"Feature","geometry":{"type":"Polygon","coordinates":[[[48.51889356117979,25.205419394565933],[48.618068603495736,25.20705109216007],[48.616307332745194,25.29728050573002],[48.51705913741933,25.295642161483386],[48.51889356117979,25.205419394565933]]]},"id":"25,279","properties":{"lon":48.56758265891252,"lat":25.2513565541556,"grid_id":"AHN-00754"}},{"type":"Feature","geometry":{"type":"Polygon","coordinates":[[[48.618068603495736,25.20705109216007],[48.71725211471291,25.208616363872427],[48.71556402435251,25.29885215367609],[48.616307332745194,25.29728050573002],[48.618068603495736,25.20705109216007]]]},"id":"26,279","properties":{"lon":48.666798498673316,"lat":25.252958295443943,"grid_id":"AHN-00755"}},{"type":"Feature","geometry":{"type":"Polygon","coordinates":[[[48.71725211471291,25.208616363872427],[48.816443743299764,25.21011518797756],[48.814828859577425,25.300357083487196],[48.71556402435251,25.29885215367609],[48.71725211471291,25.208616363872427]]]},"id":"27,279","properties":{"lon":48.76602264496724,"lat":25.25449346470614,"grid_id":"AHN-00756"}},{"type":"Feature","geometry":{"type":"Polygon","coordinates":[[[48.816443743299764,25.21011518797756],[48.9156431375541,25.21154754366877],[48.914101485584354,25.30179527425226],[48.814828859577425,25.300357083487196],[48.816443743299764,25.21011518797756]]]},"id":"28,279","properties":{"lon":48.865254745614926,"lat":25.25596204063909,"grid_id":"AHN-00757"}},{"type":"Feature","geometry":{"type":"Polygon","coordinates":[[[48.9156431375541,25.21154754366877],[49.014849945610386,25.21291341105884],[49.01338154937334,25.303166705984296],[48.914101485584354,25.30179527425226],[48.9156431375541,25.21154754366877]]]},"id":"29,279","properties":{"lon":48.96449444826778,"lat":25.25736400282995,"grid_id":"AHN-00758"}},{"type":"Feature","geometry":{"type":"Polygon","coordinates":[[[49.014849945610386,25.21291341105884],[49.11406381544715,25.214212771180737],[49.112668697787505,25.304471359621118],[49.01338154937334,25.303166705984296],[49.014849945610386,25.21291341105884]]]},"id":"30,279","properties":{"lon":49.063741400399635,"lat":25.25869933181259,"grid_id":"AHN-00759"}},{"type":"Feature","geometry":{"type":"Polygon","coordinates":[[[49.11406381544715,25.214212771180737],[49.21328439489434,25.21544560598832],[49.2119625775204,25.30570921702605],[49.112668697787505,25.304471359621118],[49.11406381544715,25.214212771180737]]]},"id":"31,279","properties":{"lon":49.16299524937082,"lat":25.25996800902665,"grid_id":"AHN-00760"}},{"type":"Feature","geometry":{"type":"Polygon","coordinates":[[[49.21328439489434,25.21544560598832],[49.31251133164068,25.21661189835699],[49.311262835123514,25.30688026098855],[49.2119625775204,25.30570921702605],[49.21328439489434,25.21544560598832]]]},"id":"32,279","properties":{"lon":49.262255642359314,"lat":25.261170016851732,"grid_id":"AHN-00761"}},{"type":"Feature","geometry":{"type":"Polygon","coordinates":[[[49.31251133164068,25.21661189835699],[49.4117442732411,25.217711632084274],[49.41056911701362,25.307984475224853],[49.311262835123514,25.30688026098855],[49.31251133164068,25.21661189835699]]]},"id":"33,279","properties":{"lon":49.36152222640729,"lat":25.26230533857375,"grid_id":"AHN-00762"}},{"type":"Feature","geometry":{"type":"Polygon","coordinates":[[[49.4117442732411,25.217711632084274],[49.51098286712408,25.21874479189044],[49.5098810694803,25.309021844378556],[49.41056911701362,25.307984475224853],[49.4117442732411,25.217711632084274]]]},"id":"34,279","properties":{"lon":49.46079464846702,"lat":25.263373958406884,"grid_id":"AHN-00763"}},{"type":"Feature","geometry":{"type":"Polygon","coordinates":[[[49.51098286712408,25.21874479189044],[49.6102267605991,25.219711363419044],[49.60919833869333,25.30999235402115],[49.5098810694803,25.309021844378556],[49.51098286712408,25.21874479189044]]]},"id":"35,279","properties":{"lon":49.560072555313624,"lat":25.26437586150648,"grid_id":"AHN-00764"}},{"type":"Feature","geometry":{"type":"Polygon","coordinates":[[[49.6102267605991,25.219711363419044],[49.709475600863996,25.22061133323743],[49.70852057071015,25.310895990652583],[49.60919833869333,25.30999235402115],[49.6102267605991,25.219711363419044]]]},"id":"36,279","properties":{"lon":49.65935559363445,"lat":25.265311033946496,"grid_id":"AHN-00765"}},{"type":"Feature","geometry":{"type":"Polygon","coordinates":[[[49.709475600863996,25.22061133323743],[49.808729035012426,25.22144468883723],[49.80784741148334,25.311732741701697],[49.70852057071015,25.310895990652583],[49.709475600863996,25.22061133323743]]]},"id":"37,279","properties":{"lon":49.75864341002423,"lat":25.26617946271713,"grid_id":"AHN-00766"}},{"type":"Feature","geometry":{"type":"Polygon","coordinates":[[[47.72342169808375,25.28013726486598],[47.822589250303885,25.282308282953103],[47.82023230641838,25.372475655361594],[47.72099151005876,25.370295819101727],[47.72342169808375,25.28013726486598]]]},"id":"17,280","properties":{"lon":47.771809354440556,"lat":25.326312546288715,"grid_id":"AHN-00767"}},{"type":"Feature","geometry":{"type":"Polygon","coordinates":[[[47.822589250303885,25.282308282953103],[47.92176811304856,25.284412812553654],[47.91948444993426,25.374588733369652],[47.82023230641838,25.372475655361594],[47.822589250303885,25.282308282953103]]]},"id":"18,280","properties":{"lon":47.871019172850666,"lat":25.328454662990254,"grid_id":"AHN-00768"}},{"type":"Feature","geometry":{"type":"Polygon","coordinates":[[[47.92176811304856,25.284412812553654],[48.020957935293076,25.286450824477622],[48.01874758845247,25.376635023789788],[47.91948444993426,25.374588733369652],[47.92176811304856,25.284412812553654]]]},"id":"19,280","properties":{"lon":47.97024014429782,"lat":25.330530141662262,"grid_id":"AHN-00769"}},{"type":"Feature","geometry":{"type":"Polygon","coordinates":[[[48.020957935293076,25.286450824477622],[48.12015836578219,25.288422290451148],[48.11802136958707,25.37861449820657],[48.01874758845247,25.376635023789788],[48.020957935293076,25.286450824477622]]]},"id":"20,280","properties":{"lon":48.06947191707813,"lat":25.332538953491483,"grid_id":"AHN-00770"}},{"type":"Feature","geometry":{"type":"Polygon","coordinates":[[[48.12015836578219,25.288422290451148],[48.21936905303737,25.290327183117476],[48.217305440727436,25.380527129126286],[48.11802136958707,25.37861449820657],[48.12015836578219,25.288422290451148]]]},"id":"21,280","properties":{"lon":48.168714139244834,"lat":25.334481070592552,"grid_id":"AHN-00771"}},{"type":"Feature","geometry":{"type":"Polygon","coordinates":[[[48.21936905303737,25.290327183117476],[48.318589645364185,25.292165476037994],[48.31659944904561,25.38237288997794],[48.217305440727436,25.380527129126286],[48.21936905303737,25.290327183117476]]]},"id":"22,280","properties":{"lon":48.26796645867786,"lat":25.336356466003384,"grid_id":"AHN-00772"}},{"type":"Feature","geometry":{"type":"Polygon","coordinates":[[[48.318589645364185,25.292165476037994],[48.4178197908596,25.29393714369315],[48.41590304150375,25.384151755114182],[48.31659944904561,25.38237288997794],[48.318589645364185,25.292165476037994]]]},"id":"23,280","properties":{"lon":48.367228522973114,"lat":25.338165113672552,"grid_id":"AHN-00773"}},{"type":"Feature","geometry":{"type":"Polygon","coordinates":[[[48.4178197908596,25.29393714369315],[48.51705913741933,25.295642161483386],[48.51521586486145,25.385863699812255],[48.41590304150375,25.384151755114182],[48.4178197908596,25.29393714369315]]]},"id":"24,280","properties":{"lon":48.466499979586935,"lat":25.3399069884808,"grid_id":"AHN-00774"}},{"type":"Feature","geometry":{"type":"Polygon","coordinates":[[[48.51705913741933,25.295642161483386],[48.616307332745194,25.29728050573002],[48.61453756568319,25.38750870027487],[48.51521586486145,25.385863699812255],[48.51705913741933,25.295642161483386]]]},"id":"25,280","properties":{"lon":48.56578047574328,"lat":25.341582066234444,"grid_id":"AHN-00775"}},{"type":"Feature","geometry":{"type":"Polygon","coordinates":[[[48.616307332745194,25.29728050573002],[48.71556402435251,25.29885215367609],[48.71386779034574,25.389086733631093],[48.61453756568319,25.38750870027487],[48.616307332745194,25.29728050573002]]]},"id":"26,280","properties":{"lon":48.66506965847492,"lat":25.343190323654078,"grid_id":"AHN-00776"}},{"type":"Feature","geometry":{"type":"Polygon","coordinates":[[[48.71556402435251,25.29885215367609],[48.814828859577425,25.300357083487196],[48.81320618504556,25.390597777937124],[48.71386779034574,25.389086733631093],[48.71556402435251,25.29885215367609]]]},"id":"27,280","properties":{"lon":48.76436717464523,"lat":25.344731738390077,"grid_id":"AHN-00777"}},{"type":"Feature","geometry":{"type":"Polygon","coordinates":[[[48.814828859577425,25.300357083487196],[48.914101485584354,25.30179527425226],[48.91255239580629,25.392041812177123],[48.81320618504556,25.390597777937124],[48.814828859577425,25.300357083487196]]]},"id":"28,280","properties":{"lon":48.86367267093348,"lat":25.34620628901034,"grid_id":"AHN-00778"}},{"type":"Feature","geometry":{"type":"Polygon","coordinates":[[[48.914101485584354,25.30179527425226],[49.01338154937334,25.303166705984296],[49.01190606848613,25.393418816263974],[48.91255239580629,25.392041812177123],[48.914101485584354,25.30179527425226]]]},"id":"29,280","properties":{"lon":48.962985793846386,"lat":25.347613955016897,"grid_id":"AHN-00779"}},{"type":"Feature","geometry":{"type":"Polygon","coordinates":[[[49.01338154937334,25.303166705984296],[49.112668697787505,25.304471359621118],[49.11126684878535,25.394728771039976],[49.01190606848613,25.393418816263974],[49.01338154937334,25.303166705984296]]]},"id":"30,280","properties":{"lon":49.06230618974756,"lat":25.348954716837365,"grid_id":"AHN-00780"}},{"type":"Feature","geometry":{"type":"Polygon","coordinates":[[[49.112668697787505,25.304471359621118],[49.2119625775204,25.30570921702605],[49.21063438225375,25.39597165827756],[49.11126684878535,25.394728771039976],[49.112668697787505,25.304471359621118]]]},"id":"31,280","properties":{"lon":49.16163350481991,"lat":25.350228555827535,"grid_id":"AHN-00781"}},{"type":"Feature","geometry":{"type":"Polygon","coordinates":[[[49.2119625775204,25.30570921702605],[49.311262835123514,25.30688026098855],[49.31000831429808,25.397147460679946],[49.21063438225375,25.39597165827756],[49.2119625775204,25.30570921702605]]]},"id":"32,280","properties":{"lon":49.260967385118875,"lat":25.35143545426503,"grid_id":"AHN-00782"}},{"type":"Feature","geometry":{"type":"Polygon","coordinates":[[[49.311262835123514,25.30688026098855],[49.41056911701362,25.307984475224853],[49.40938829018958,25.398256161881754],[49.31000831429808,25.397147460679946],[49.311262835123514,25.30688026098855]]]},"id":"33,280","properties":{"lon":49.36030747655496,"lat":25.352575395362663,"grid_id":"AHN-00783"}},{"type":"Feature","geometry":{"type":"Polygon","coordinates":[[[49.41056911701362,25.307984475224853],[49.5098810694803,25.309021844378556],[49.50877395507143,25.39929774644962],[49.40938829018958,25.398256161881754],[49.41056911701362,25.307984475224853]]]},"id":"34,280","properties":{"lon":49.45965342492152,"lat":25.353648363269933,"grid_id":"AHN-00784"}},{"type":"Feature","geometry":{"type":"Polygon","coordinates":[[[49.5098810694803,25.309021844378556],[49.60919833869333,25.30999235402115],[49.608164953966266,25.400272199882718],[49.50877395507143,25.39929774644962],[49.5098810694803,25.309021844378556]]]},"id":"35,280","properties":{"lon":49.559004875854356,"lat":25.354654343045777,"grid_id":"AHN-00785"}},{"type":"Feature","geometry":{"type":"Polygon","coordinates":[[[49.60919833869333,25.30999235402115],[49.70852057071015,25.310895990652583],[49.707560931783675,25.401179508613318],[49.608164953966266,25.400272199882718],[49.60919833869333,25.30999235402115]]]},"id":"36,280","properties":{"lon":49.65836147490975,"lat":25.355593320689987,"grid_id":"AHN-00786"}},{"type":"Feature","geometry":{"type":"Polygon","coordinates":[[[49.70852057071015,25.310895990652583],[49.80784741148334,25.311732741701697],[49.8069615333277,25.402019660007255],[49.707560931783675,25.401179508613318],[49.70852057071015,25.310895990652583]]]},"id":"37,280","properties":{"lon":49.7577228675155,"lat":25.356465283138697,"grid_id":"AHN-00787"}},{"type":"Feature","geometry":{"type":"Polygon","coordinates":[[[47.62176241276994,25.368049254845804],[47.72099151005876,25.370295819101727],[47.718549622921415,25.460453050328923],[47.61924696758344,25.458197385186768],[47.62176241276994,25.368049254845804]]]},"id":"16,281","properties":{"lon":47.67013831233928,"lat":25.414257200566333,"grid_id":"AHN-00788"}},{"type":"Feature","geometry":{"type":"Polygon","coordinates":[[[47.72099151005876,25.370295819101727],[47.82023230641838,25.372475655361594],[47.81786401533631,25.46264171747572],[47.718549622921415,25.460453050328923],[47.72099151005876,25.370295819101727]]]},"id":"17,281","properties":{"lon":47.769410027385504,"lat":25.41647488502539,"grid_id":"AHN-00789"}},{"type":"Feature","geometry":{"type":"Polygon","coordinates":[[[47.82023230641838,25.372475655361594],[47.91948444993426,25.374588733369652],[47.91718979177857,25.464763356220153],[47.81786401533631,25.46264171747572],[47.82023230641838,25.372475655361594]]]},"id":"18,281","properties":{"lon":47.86869328425866,"lat":25.418625691290465,"grid_id":"AHN-00790"}},{"type":"Feature","geometry":{"type":"Polygon","coordinates":[[[47.91948444993426,25.374588733369652],[48.01874758845247,25.376635023789788],[48.0165265989577,25.46681793707944],[47.91718979177857,25.464763356220153],[47.91948444993426,25.374588733369652]]]},"id":"19,281","properties":{"lon":47.96798773034678,"lat":25.42070958948652,"grid_id":"AHN-00791"}},{"type":"Feature","geometry":{"type":"Polygon","coordinates":[[[48.01874758845247,25.376635023789788],[48.11802136958707,25.37861449820657],[48.11587408334968,25.46880543149608],[48.0165265989577,25.46681793707944],[48.01874758845247,25.376635023789788]]]},"id":"20,281","properties":{"lon":48.06729301282163,"lat":25.422726550666674,"grid_id":"AHN-00792"}},{"type":"Feature","geometry":{"type":"Polygon","coordinates":[[[48.11802136958707,25.37861449820657],[48.217305440727436,25.380527129126286],[48.21523189120441,25.470725811838875],[48.11587408334968,25.46880543149608],[48.11802136958707,25.37861449820657]]]},"id":"21,281","properties":{"lon":48.16660877860805,"lat":25.424676546804477,"grid_id":"AHN-00793"}},{"type":"Feature","geometry":{"type":"Polygon","coordinates":[[[48.217305440727436,25.380527129126286],[48.31659944904561,25.38237288997794],[48.31459966855308,25.47257905140394],[48.21523189120441,25.470725811838875],[48.217305440727436,25.380527129126286]]]},"id":"22,281","properties":{"lon":48.26593467441661,"lat":25.426559550787978,"grid_id":"AHN-00794"}},{"type":"Feature","geometry":{"type":"Polygon","coordinates":[[[48.31659944904561,25.38237288997794],[48.41590304150375,25.384151755114182],[48.4139770612156,25.47436512441565],[48.31459966855308,25.47257905140394],[48.31659944904561,25.38237288997794]]]},"id":"23,281","properties":{"lon":48.365270346754464,"lat":25.428375536466763,"grid_id":"AHN-00795"}},{"type":"Feature","geometry":{"type":"Polygon","coordinates":[[[48.41590304150375,25.384151755114182],[48.51521586486145,25.385863699812255],[48.513363714808065,25.476084006027584],[48.4139770612156,25.47436512441565],[48.41590304150375,25.384151755114182]]]},"id":"24,281","properties":{"lon":48.46461544190327,"lat":25.430124478583704,"grid_id":"AHN-00796"}},{"type":"Feature","geometry":{"type":"Polygon","coordinates":[[[48.51521586486145,25.385863699812255],[48.61453756568319,25.38750870027487],[48.612759274750175,25.477735672323412],[48.513363714808065,25.476084006027584],[48.51521586486145,25.385863699812255]]]},"id":"25,281","properties":{"lon":48.56396960595348,"lat":25.431806352807676,"grid_id":"AHN-00797"}},{"type":"Feature","geometry":{"type":"Polygon","coordinates":[[[48.61453756568319,25.38750870027487],[48.71386779034574,25.389086733631093],[48.712163386272735,25.479320100317768],[48.612759274750175,25.477735672323412],[48.61453756568319,25.38750870027487]]]},"id":"26,281","properties":{"lon":48.66333248480336,"lat":25.43342113575774,"grid_id":"AHN-00798"}},{"type":"Feature","geometry":{"type":"Polygon","coordinates":[[[48.71386779034574,25.389086733631093],[48.81320618504556,25.390597777937124],[48.8115756944251,25.480837267957064],[48.712163386272735,25.479320100317768],[48.71386779034574,25.389086733631093]]]},"id":"27,281","properties":{"lon":48.76270372417197,"lat":25.434968804966086,"grid_id":"AHN-00799"}},{"type":"Feature","geometry":{"type":"Polygon","coordinates":[[[48.81320618504556,25.390597777937124],[48.91255239580629,25.392041812177123],[48.91099584408266,25.482287154120314],[48.8115756944251,25.480837267957064],[48.81320618504556,25.390597777937124]]]},"id":"28,281","properties":{"lon":48.86208296958446,"lat":25.43644933889154,"grid_id":"AHN-00800"}},{"type":"Feature","geometry":{"type":"Polygon","coordinates":[[[48.91255239580629,25.392041812177123],[49.01190606848613,25.393418816263974],[49.01042347995435,25.483669738619863],[48.91099584408266,25.482287154120314],[48.91255239580629,25.392041812177123]]]},"id":"29,281","properties":{"lon":48.961469866427564,"lat":25.43786271694964,"grid_id":"AHN-00801"}},{"type":"Feature","geometry":{"type":"Polygon","coordinates":[[[49.01190606848613,25.393418816263974],[49.11126684878535,25.394728771039976],[49.10985824659013,25.484985002202148],[49.01042347995435,25.483669738619863],[49.01190606848613,25.393418816263974]]]},"id":"30,281","properties":{"lon":49.06086405987939,"lat":25.439208919450905,"grid_id":"AHN-00802"}},{"type":"Feature","geometry":{"type":"Polygon","coordinates":[[[49.11126684878535,25.394728771039976],[49.21063438225375,25.39597165827756],[49.20929978838851,25.486232926548375],[49.10985824659013,25.484985002202148],[49.11126684878535,25.394728771039976]]]},"id":"31,281","properties":{"lon":49.16026519500961,"lat":25.440487927668652,"grid_id":"AHN-00803"}},{"type":"Feature","geometry":{"type":"Polygon","coordinates":[[[49.21063438225375,25.39597165827756],[49.31000831429808,25.397147460679946],[49.3087477496041,25.487413494275184],[49.20929978838851,25.486232926548375],[49.21063438225375,25.39597165827756]]]},"id":"32,281","properties":{"lon":49.259672916715616,"lat":25.44169972378413,"grid_id":"AHN-00804"}},{"type":"Feature","geometry":{"type":"Polygon","coordinates":[[[49.31000831429808,25.397147460679946],[49.40938829018958,25.398256161881754],[49.40820177435506,25.488526688935295],[49.3087477496041,25.487413494275184],[49.31000831429808,25.397147460679946]]]},"id":"33,281","properties":{"lon":49.35908686975633,"lat":25.44284429094259,"grid_id":"AHN-00805"}},{"type":"Feature","geometry":{"type":"Polygon","coordinates":[[[49.40938829018958,25.398256161881754],[49.50877395507143,25.39929774644962],[49.507661506630704,25.489572495018063],[49.40820177435506,25.488526688935295],[49.40938829018958,25.398256161881754]]]},"id":"34,281","properties":{"lon":49.45850669877904,"lat":25.44392161318071,"grid_id":"AHN-00806"}},{"type":"Feature","geometry":{"type":"Polygon","coordinates":[[[49.50877395507143,25.39929774644962],[49.608164953966266,25.400272199882718],[49.607126590299025,25.490550897950087],[49.507661506630704,25.489572495018063],[49.50877395507143,25.39929774644962]]]},"id":"35,281","properties":{"lon":49.557932048262536,"lat":25.44493167551111,"grid_id":"AHN-00807"}},{"type":"Feature","geometry":{"type":"Polygon","coordinates":[[[49.608164953966266,25.400272199882718],[49.707560931783675,25.401179508613318],[49.706596669114234,25.49146188409571],[49.607126590299025,25.490550897950087],[49.608164953966266,25.400272199882718]]]},"id":"36,281","properties":{"lon":49.657362562608945,"lat":25.445874463863884,"grid_id":"AHN-00808"}},{"type":"Feature","geometry":{"type":"Polygon","coordinates":[[[49.707560931783675,25.401179508613318],[49.8069615333277,25.402019660007255],[49.80607138672434,25.492305440757516],[49.706596669114234,25.49146188409571],[49.707560931783675,25.401179508613318]]]},"id":"37,281","properties":{"lon":49.756797886112,"lat":25.446749965092337,"grid_id":"AHN-00809"}},{"type":"Feature","geometry":{"type":"Polygon","coordinates":[[[47.61924696758344,25.458197385186768],[47.718549622921415,25.460453050328923],[47.716095998665324,25.550608954520534],[47.616719432475655,25.54834417531977],[47.61924696758344,25.458197385186768]]]},"id":"16,282","properties":{"lon":47.66765368992205,"lat":25.50440924832605,"grid_id":"AHN-00810"}},{"type":"Feature","geometry":{"type":"Polygon","coordinates":[[[47.718549622921415,25.460453050328923],[47.81786401533631,25.46264171747572],[47.81548434018635,25.55280646533974],[47.716095998665324,25.550608954520534],[47.718549622921415,25.460453050328923]]]},"id":"17,282","properties":{"lon":47.76699915845842,"lat":25.506635905172526,"grid_id":"AHN-00811"}},{"type":"Feature","geometry":{"type":"Polygon","coordinates":[[[47.81786401533631,25.46264171747572],[47.91718979177857,25.464763356220153],[47.91488410284673,25.554936677218556],[47.81548434018635,25.55280646533974],[47.81786401533631,25.46264171747572]]]},"id":"18,282","properties":{"lon":47.86635620639708,"lat":25.508795413551734,"grid_id":"AHN-00812"}},{"type":"Feature","geometry":{"type":"Polygon","coordinates":[[[47.91718979177857,25.464763356220153],[48.0165265989577,25.46681793707944],[48.014294932212024,25.556999560526993],[47.91488410284673,25.554936677218556],[47.91718979177857,25.464763356220153]]]},"id":"19,282","properties":{"lon":47.9657244799676,"lat":25.510887743444442,"grid_id":"AHN-00813"}},{"type":"Feature","geometry":{"type":"Polygon","coordinates":[[[48.0165265989577,25.46681793707944],[48.11587408334968,25.46880543149608],[48.113716473612776,25.558995086564927],[48.014294932212024,25.556999560526993],[48.0165265989577,25.46681793707944]]]},"id":"20,282","properties":{"lon":48.06510362520472,"lat":25.512912865752842,"grid_id":"AHN-00814"}},{"type":"Feature","geometry":{"type":"Polygon","coordinates":[[[48.11587408334968,25.46880543149608],[48.21523189120441,25.470725811838875],[48.21314837215196,25.560923227563162],[48.113716473612776,25.558995086564927],[48.11587408334968,25.46880543149608]]]},"id":"21,282","properties":{"lon":48.164493287894665,"lat":25.514870752316504,"grid_id":"AHN-00815"}},{"type":"Feature","geometry":{"type":"Polygon","coordinates":[[[48.21523189120441,25.470725811838875],[48.31459966855308,25.47257905140394],[48.31259027271247,25.56278395668442],[48.21314837215196,25.560923227563162],[48.21523189120441,25.470725811838875]]]},"id":"22,282","properties":{"lon":48.263893113593845,"lat":25.5167613759049,"grid_id":"AHN-00816"}},{"type":"Feature","geometry":{"type":"Polygon","coordinates":[[[48.31459966855308,25.47257905140394],[48.4139770612156,25.47436512441565],[48.412041819964564,25.564577248024317],[48.31259027271247,25.56278395668442],[48.31459966855308,25.47257905140394]]]},"id":"23,282","properties":{"lon":48.363302747687484,"lat":25.518584710206127,"grid_id":"AHN-00817"}},{"type":"Feature","geometry":{"type":"Polygon","coordinates":[[[48.4139770612156,25.47436512441565],[48.513363714808065,25.476084006027584],[48.51150265837334,25.566303076612304],[48.412041819964564,25.564577248024317],[48.4139770612156,25.47436512441565]]]},"id":"24,282","properties":{"lon":48.46272183527374,"lat":25.52034072984594,"grid_id":"AHN-00818"}},{"type":"Feature","geometry":{"type":"Polygon","coordinates":[[[48.513363714808065,25.476084006027584],[48.612759274750175,25.477735672323412],[48.6109724322063,25.567961418412555],[48.51150265837334,25.566303076612304],[48.513363714808065,25.476084006027584]]]},"id":"25,282","properties":{"lon":48.5621500213251,"lat":25.52202941038307,"grid_id":"AHN-00819"}},{"type":"Feature","geometry":{"type":"Polygon","coordinates":[[[48.612759274750175,25.477735672323412],[48.712163386272735,25.479320100317768],[48.71045078554079,25.56955225032484],[48.6109724322063,25.567961418412555],[48.612759274750175,25.477735672323412]]]},"id":"26,282","properties":{"lon":48.661586950586695,"lat":25.523650728309743,"grid_id":"AHN-00820"}},{"type":"Feature","geometry":{"type":"Polygon","coordinates":[[[48.712163386272735,25.479320100317768],[48.8115756944251,25.480837267957064],[48.80993736227158,25.571075550185377],[48.71045078554079,25.56955225032484],[48.712163386272735,25.479320100317768]]]},"id":"27,282","properties":{"lon":48.761032267611036,"lat":25.52520466104537,"grid_id":"AHN-00821"}},{"type":"Feature","geometry":{"type":"Polygon","coordinates":[[[48.8115756944251,25.480837267957064],[48.91099584408266,25.482287154120314],[48.90943180611831,25.572531296767618],[48.80993736227158,25.571075550185377],[48.8115756944251,25.480837267957064]]]},"id":"28,282","properties":{"lon":48.86048561679444,"lat":25.52669118695714,"grid_id":"AHN-00822"}},{"type":"Feature","geometry":{"type":"Polygon","coordinates":[[[48.91099584408266,25.482287154120314],[49.01042347995435,25.483669738619863],[49.00893376063315,25.57391946978301],[48.90943180611831,25.572531296767618],[48.91099584408266,25.482287154120314]]]},"id":"29,282","properties":{"lon":48.959946642342786,"lat":25.52811028533253,"grid_id":"AHN-00823"}},{"type":"Feature","geometry":{"type":"Polygon","coordinates":[[[49.01042347995435,25.483669738619863],[49.10985824659013,25.484985002202148],[49.10844286920823,25.575240049881756],[49.00893376063315,25.57391946978301],[49.01042347995435,25.483669738619863]]]},"id":"30,282","properties":{"lon":49.05941498831438,"lat":25.529461936407532,"grid_id":"AHN-00824"}},{"type":"Feature","geometry":{"type":"Polygon","coordinates":[[[49.10985824659013,25.484985002202148],[49.20929978838851,25.486232926548375],[49.20795877508329,25.576493018653487],[49.10844286920823,25.575240049881756],[49.10985824659013,25.484985002202148]]]},"id":"31,282","properties":{"lon":49.15889029860161,"lat":25.530746121334534,"grid_id":"AHN-00825"}},{"type":"Feature","geometry":{"type":"Polygon","coordinates":[[[49.20929978838851,25.486232926548375],[49.3087477496041,25.487413494275184],[49.30748112135321,25.577678358627942],[49.20795877508329,25.576493018653487],[49.20929978838851,25.486232926548375]]]},"id":"32,282","properties":{"lon":49.25837221694328,"lat":25.531962822237023,"grid_id":"AHN-00826"}},{"type":"Feature","geometry":{"type":"Polygon","coordinates":[[[49.3087477496041,25.487413494275184],[49.40820177435506,25.488526688935295],[49.40700955097558,25.578796053275607],[49.30748112135321,25.577678358627942],[49.3087477496041,25.487413494275184]]]},"id":"33,282","properties":{"lon":49.35786038697192,"lat":25.533112022142284,"grid_id":"AHN-00827"}},{"type":"Feature","geometry":{"type":"Polygon","coordinates":[[[49.40820177435506,25.488526688935295],[49.507661506630704,25.489572495018063],[49.506543706778295,25.579846087008303],[49.40700955097558,25.578796053275607],[49.40820177435506,25.488526688935295]]]},"id":"34,282","properties":{"lon":49.45735445212592,"lat":25.53419370504294,"grid_id":"AHN-00828"}},{"type":"Feature","geometry":{"type":"Polygon","coordinates":[[[49.507661506630704,25.489572495018063],[49.607126590299025,25.490550897950087],[49.60608323146716,25.58082844517976],[49.506543706778295,25.579846087008303],[49.507661506630704,25.489572495018063]]]},"id":"35,282","properties":{"lon":49.55685405577893,"lat":25.535207855847197,"grid_id":"AHN-00829"}},{"type":"Feature","geometry":{"type":"Polygon","coordinates":[[[49.607126590299025,25.490550897950087],[49.706596669114234,25.49146188409571],[49.705627767633445,25.58174311408613],[49.60608323146716,25.58082844517976],[49.607126590299025,25.490550897950087]]]},"id":"36,282","properties":{"lon":49.65635884115381,"lat":25.536154460425454,"grid_id":"AHN-00830"}},{"type":"Feature","geometry":{"type":"Polygon","coordinates":[[[49.706596669114234,25.49146188409571],[49.80607138672434,25.492305440757516],[49.80517695776155,25.582590080966504],[49.705627767633445,25.58174311408613],[49.706596669114234,25.49146188409571]]]},"id":"37,282","properties":{"lon":49.7558684513657,"lat":25.5370335055778,"grid_id":"AHN-00831"}},{"type":"Feature","geometry":{"type":"Polygon","coordinates":[[[50.204009514779536,25.495005151481553],[50.30350207789602,25.495511403131836],[50.30298019825917,25.585809004407352],[50.20341310426468,25.585300706037483],[50.204009514779536,25.495005151481553]]]},"id":"42,282","properties":{"lon":50.253476377479465,"lat":25.54041494380039,"grid_id":"AHN-00832"}},{"type":"Feature","geometry":{"type":"Polygon","coordinates":[[[47.616719432475655,25.54834417531977],[47.716095998665324,25.550608954520534],[47.71363059903581,25.64076352765497],[47.61417976805105,25.63848962114942],[47.616719432475655,25.54834417531977]]]},"id":"16,283","properties":{"lon":47.66515713456482,"lat":25.594559960480527,"grid_id":"AHN-00833"}},{"type":"Feature","geometry":{"type":"Polygon","coordinates":[[[47.716095998665324,25.550608954520534],[47.81548434018635,25.55280646533974],[47.813093243856216,25.64296989500369],[47.71363059903581,25.64076352765497],[47.716095998665324,25.550608954520534]]]},"id":"17,283","properties":{"lon":47.76457671010418,"lat":25.596795602735966,"grid_id":"AHN-00834"}},{"type":"Feature","geometry":{"type":"Polygon","coordinates":[[[47.81548434018635,25.55280646533974],[47.91488410284673,25.554936677218556],[47.91256734717044,25.645108692484392],[47.813093243856216,25.64296989500369],[47.81548434018635,25.55280646533974]]]},"id":"18,283","properties":{"lon":47.86400790284536,"lat":25.598963825852284,"grid_id":"AHN-00835"}},{"type":"Feature","geometry":{"type":"Polygon","coordinates":[[[47.91488410284673,25.554936677218556],[48.014294932212024,25.556999560526993],[48.012052553392635,25.647179890319283],[47.91256734717044,25.645108692484392],[47.91488410284673,25.554936677218556]]]},"id":"19,283","properties":{"lon":47.96345035787697,"lat":25.601064599671428,"grid_id":"AHN-00836"}},{"type":"Feature","geometry":{"type":"Polygon","coordinates":[[[48.014294932212024,25.556999560526993],[48.113716473612776,25.558995086564927],[48.11154850670045,25.649183459665092],[48.012052553392635,25.647179890319283],[48.014294932212024,25.556999560526993]]]},"id":"20,283","properties":{"lon":48.062903720095875,"lat":25.603097894969856,"grid_id":"AHN-00837"}},{"type":"Feature","geometry":{"type":"Polygon","coordinates":[[[48.113716473612776,25.558995086564927],[48.21314837215196,25.560923227563162],[48.21105485104249,25.6511193726141],[48.11154850670045,25.649183459665092],[48.113716473612776,25.558995086564927]]]},"id":"21,283","properties":{"lon":48.16236763411645,"lat":25.60506368342776,"grid_id":"AHN-00838"}},{"type":"Feature","geometry":{"type":"Polygon","coordinates":[[[48.21314837215196,25.560923227563162],[48.31259027271247,25.56278395668442],[48.31057123014586,25.652987602195132],[48.21105485104249,25.6511193726141],[48.21314837215196,25.560923227563162]]]},"id":"22,283","properties":{"lon":48.26184174436894,"lat":25.606961937677582,"grid_id":"AHN-00839"}},{"type":"Feature","geometry":{"type":"Polygon","coordinates":[[[48.31259027271247,25.56278395668442],[48.412041819964564,25.564577248024317],[48.41009728752366,25.65478812237456],[48.31057123014586,25.652987602195132],[48.31259027271247,25.56278395668442]]]},"id":"23,283","properties":{"lon":48.3613256950523,"lat":25.60879263127896,"grid_id":"AHN-00840"}},{"type":"Feature","geometry":{"type":"Polygon","coordinates":[[[48.412041819964564,25.564577248024317],[48.51150265837334,25.566303076612304],[48.50963266648256,25.656520908057225],[48.41009728752366,25.65478812237456],[48.412041819964564,25.564577248024317]]]},"id":"24,283","properties":{"lon":48.460819130150796,"lat":25.610555738724923,"grid_id":"AHN-00841"}},{"type":"Feature","geometry":{"type":"Polygon","coordinates":[[[48.51150265837334,25.566303076612304],[48.6109724322063,25.567961418412555],[48.60917701013029,25.658185935087356],[48.50963266648256,25.656520908057225],[48.51150265837334,25.566303076612304]]]},"id":"25,283","properties":{"lon":48.56032169345749,"lat":25.612251235472506,"grid_id":"AHN-00842"}},{"type":"Feature","geometry":{"type":"Polygon","coordinates":[[[48.6109724322063,25.567961418412555],[48.71045078554079,25.56955225032484],[48.708729961383256,25.65978318024944],[48.60917701013029,25.658185935087356],[48.6109724322063,25.567961418412555]]]},"id":"26,283","properties":{"lon":48.659833028558715,"lat":25.61387909787907,"grid_id":"AHN-00843"}},{"type":"Feature","geometry":{"type":"Polygon","coordinates":[[[48.71045078554079,25.56955225032484],[48.80993736227158,25.571075550185377],[48.80829116297406,25.661312621269058],[48.708729961383256,25.65978318024944],[48.71045078554079,25.56955225032484]]]},"id":"27,283","properties":{"lon":48.759352778860936,"lat":25.61543930325521,"grid_id":"AHN-00844"}},{"type":"Feature","geometry":{"type":"Polygon","coordinates":[[[48.80993736227158,25.571075550185377],[48.90943180611831,25.572531296767618],[48.907860257459106,25.66277423681371],[48.80829116297406,25.661312621269058],[48.80993736227158,25.571075550185377]]]},"id":"28,283","properties":{"lon":48.85888058759596,"lat":25.616931829859578,"grid_id":"AHN-00845"}},{"type":"Feature","geometry":{"type":"Polygon","coordinates":[[[48.90943180611831,25.572531296767618],[49.00893376063315,25.57391946978301],[49.007436887226206,25.66416800649356],[48.907860257459106,25.66277423681371],[48.90943180611831,25.572531296767618]]]},"id":"29,283","properties":{"lon":48.95841609781774,"lat":25.618356656879453,"grid_id":"AHN-00846"}},{"type":"Feature","geometry":{"type":"Polygon","coordinates":[[[49.00893376063315,25.57391946978301],[49.10844286920823,25.575240049881756],[49.10702069450214,25.665493910862214],[49.007436887226206,25.66416800649356],[49.00893376063315,25.57391946978301]]]},"id":"30,283","properties":{"lon":49.05795895240047,"lat":25.61971376444515,"grid_id":"AHN-00847"}},{"type":"Feature","geometry":{"type":"Polygon","coordinates":[[[49.10844286920823,25.575240049881756],[49.20795877508329,25.576493018653487],[49.20661132136028,25.666751931417373],[49.10702069450214,25.665493910862214],[49.10844286920823,25.575240049881756]]]},"id":"31,283","properties":{"lon":49.15750879409647,"lat":25.62100313363223,"grid_id":"AHN-00848"}},{"type":"Feature","geometry":{"type":"Polygon","coordinates":[[[49.20795877508329,25.576493018653487],[49.30748112135321,25.577678358627942],[49.306208409728214,25.667942050601553],[49.20661132136028,25.666751931417373],[49.20795877508329,25.576493018653487]]]},"id":"32,283","properties":{"lon":49.25706526548216,"lat":25.622224746452616,"grid_id":"AHN-00849"}},{"type":"Feature","geometry":{"type":"Polygon","coordinates":[[[49.30748112135321,25.577678358627942],[49.40700955097558,25.578796053275607],[49.405811601395364,25.669064251802702],[49.306208409728214,25.667942050601553],[49.30748112135321,25.577678358627942]]]},"id":"33,283","properties":{"lon":49.35662800900946,"lat":25.623378585865304,"grid_id":"AHN-00850"}},{"type":"Feature","geometry":{"type":"Polygon","coordinates":[[[49.40700955097558,25.578796053275607],[49.506543706778295,25.579846087008303],[49.50542053802063,25.670118519354794],[49.405811601395364,25.669064251802702],[49.40700955097558,25.578796053275607]]]},"id":"34,283","properties":{"lon":49.45619666696531,"lat":25.62446463577026,"grid_id":"AHN-00851"}},{"type":"Feature","geometry":{"type":"Polygon","coordinates":[[[49.506543706778295,25.579846087008303],[49.60608323146716,25.58082844517976],[49.60503486114001,25.671104838538408],[49.50542053802063,25.670118519354794],[49.506543706778295,25.579846087008303]]]},"id":"35,283","properties":{"lon":49.5557708815576,"lat":25.625482881015962,"grid_id":"AHN-00852"}},{"type":"Feature","geometry":{"type":"Polygon","coordinates":[[[49.60608323146716,25.58082844517976],[49.705627767633445,25.58174311408613],[49.70465421217427,25.67202319558127],[49.60503486114001,25.671104838538408],[49.60608323146716,25.58082844517976]]]},"id":"36,283","properties":{"lon":49.65535029483388,"lat":25.626433307384183,"grid_id":"AHN-00853"}},{"type":"Feature","geometry":{"type":"Polygon","coordinates":[[[49.705627767633445,25.58174311408613],[49.80517695776155,25.582590080966504],[49.80427823243656,25.67287357765873],[49.70465421217427,25.67202319558127],[49.705627767633445,25.58174311408613]]]},"id":"37,283","properties":{"lon":49.75493454874443,"lat":25.62731590161447,"grid_id":"AHN-00854"}},{"type":"Feature","geometry":{"type":"Polygon","coordinates":[[[50.103848875316984,25.58472465599605],[50.20341310426468,25.585300706037483],[50.202813828692854,25.67559513301415],[50.10317472027035,25.67501676007639],[50.103848875316984,25.58472465599605]]]},"id":"41,283","properties":{"lon":50.15331280641984,"lat":25.63016772495616,"grid_id":"AHN-00855"}},{"type":"Feature","geometry":{"type":"Polygon","coordinates":[[[50.20341310426468,25.585300706037483],[50.30298019825917,25.585809004407352],[50.30245581156363,25.67610548109295],[50.202813828692854,25.67559513301415],[50.20341310426468,25.585300706037483]]]},"id":"42,283","properties":{"lon":50.25291588948145,"lat":25.630710992621694,"grid_id":"AHN-00856"}},{"type":"Feature","geometry":{"type":"Polygon","coordinates":[[[47.61417976805105,25.63848962114942],[47.71363059903581,25.64076352765497],[47.711153385528306,25.730916765716014],[47.61162793465684,25.72863371858537],[47.61417976805105,25.63848962114942]]]},"id":"16,284","properties":{"lon":47.662648607323796,"lat":25.684709332990476,"grid_id":"AHN-00857"}},{"type":"Feature","geometry":{"type":"Polygon","coordinates":[[[47.71363059903581,25.64076352765497],[47.813093243856216,25.64296989500369],[47.8106906889912,25.73313200252337],[47.711153385528306,25.730916765716014],[47.71363059903581,25.64076352765497]]]},"id":"17,284","properties":{"lon":47.76214264451269,"lat":25.68695397371709,"grid_id":"AHN-00858"}},{"type":"Feature","geometry":{"type":"Polygon","coordinates":[[[47.813093243856216,25.64296989500369],[47.91256734717044,25.645108692484392],[47.91023948854639,25.735279398143255],[47.8106906889912,25.73313200252337],[47.813093243856216,25.64296989500369]]]},"id":"18,284","properties":{"lon":47.861648336941684,"lat":25.689130924278714,"grid_id":"AHN-00859"}},{"type":"Feature","geometry":{"type":"Polygon","coordinates":[[[47.91256734717044,25.645108692484392],[48.012052553392635,25.647179890319283],[48.00979942744913,25.737358922649555],[47.91023948854639,25.735279398143255],[47.91256734717044,25.645108692484392]]]},"id":"19,284","properties":{"lon":47.96116532857523,"lat":25.69124015435273,"grid_id":"AHN-00860"}},{"type":"Feature","geometry":{"type":"Polygon","coordinates":[[[48.012052553392635,25.647179890319283],[48.11154850670045,25.649183459665092],[48.10937014871667,25.739370547055287],[48.00979942744913,25.737358922649555],[48.012052553392635,25.647179890319283]]]},"id":"20,284","properties":{"lon":48.06069326311421,"lat":25.69328163453651,"grid_id":"AHN-00861"}},{"type":"Feature","geometry":{"type":"Polygon","coordinates":[[[48.11154850670045,25.649183459665092],[48.21105485104249,25.6511193726141],[48.20895129513575,25.741314243313678],[48.10937014871667,25.739370547055287],[48.11154850670045,25.649183459665092]]]},"id":"21,284","properties":{"lon":48.160231784065196,"lat":25.6952553363979,"grid_id":"AHN-00862"}},{"type":"Feature","geometry":{"type":"Polygon","coordinates":[[[48.21105485104249,25.6511193726141],[48.31057123014586,25.652987602195132],[48.308542509270154,25.74318998431916],[48.20895129513575,25.741314243313678],[48.21105485104249,25.6511193726141]]]},"id":"22,284","properties":{"lon":48.25978053467271,"lat":25.697161232437736,"grid_id":"AHN-00863"}},{"type":"Feature","geometry":{"type":"Polygon","coordinates":[[[48.31057123014586,25.652987602195132],[48.41009728752366,25.65478812237456],[48.40814343346832,25.74499774390836],[48.308542509270154,25.74318998431916],[48.31057123014586,25.652987602195132]]]},"id":"23,284","properties":{"lon":48.359339157963284,"lat":25.698999296072348,"grid_id":"AHN-00864"}},{"type":"Feature","geometry":{"type":"Polygon","coordinates":[[[48.41009728752366,25.65478812237456],[48.50963266648256,25.656520908057225],[48.50775370987087,25.74673749686104],[48.40814343346832,25.74499774390836],[48.41009728752366,25.65478812237456]]]},"id":"24,284","properties":{"lon":48.45890729678867,"lat":25.700769501692793,"grid_id":"AHN-00865"}},{"type":"Feature","geometry":{"type":"Polygon","coordinates":[[[48.50963266648256,25.656520908057225],[48.60917701013029,25.658185935087356],[48.607372980418255,25.74840921890103],[48.50775370987087,25.74673749686104],[48.50963266648256,25.656520908057225]]]},"id":"25,284","properties":{"lon":48.558484593753285,"lat":25.70247182459394,"grid_id":"AHN-00866"}},{"type":"Feature","geometry":{"type":"Polygon","coordinates":[[[48.60917701013029,25.658185935087356],[48.708729961383256,25.65978318024944],[48.70700088685836,25.750012886697082],[48.607372980418255,25.74840921890103],[48.60917701013029,25.658185935087356]]]},"id":"26,284","properties":{"lon":48.65807069129159,"lat":25.70410624103368,"grid_id":"AHN-00867"}},{"type":"Feature","geometry":{"type":"Polygon","coordinates":[[[48.708729961383256,25.65978318024944],[48.80829116297406,25.661312621269058],[48.80663707075406,25.751548477863732],[48.70700088685836,25.750012886697082],[48.708729961383256,25.65978318024944]]]},"id":"27,284","properties":{"lon":48.75766523165242,"lat":25.705672728220645,"grid_id":"AHN-00868"}},{"type":"Feature","geometry":{"type":"Polygon","coordinates":[[[48.80829116297406,25.661312621269058],[48.907860257459106,25.66277423681371],[48.90628117349091,25.753015970962117],[48.80663707075406,25.751548477863732],[48.80829116297406,25.661312621269058]]]},"id":"28,284","properties":{"lon":48.85726785688077,"lat":25.70717126428675,"grid_id":"AHN-00869"}},{"type":"Feature","geometry":{"type":"Polygon","coordinates":[[[48.907860257459106,25.66277423681371],[49.007436887226206,25.66416800649356],[49.005932836284785,25.754415345500743],[48.90628117349091,25.753015970962117],[48.907860257459106,25.66277423681371]]]},"id":"29,284","properties":{"lon":48.95687820888263,"lat":25.7086018283153,"grid_id":"AHN-00870"}},{"type":"Feature","geometry":{"type":"Polygon","coordinates":[[[49.007436887226206,25.66416800649356],[49.10702069450214,25.665493910862214],[49.105591700189464,25.755746581936226],[49.005932836284785,25.754415345500743],[49.007436887226206,25.66416800649356]]]},"id":"30,284","properties":{"lon":49.056495929350675,"lat":25.709964400354306,"grid_id":"AHN-00871"}},{"type":"Feature","geometry":{"type":"Polygon","coordinates":[[[49.10702069450214,25.665493910862214],[49.20661132136028,25.666751931417373],[49.20525740610438,25.757009661674015],[49.105591700189464,25.755746581936226],[49.10702069450214,25.665493910862214]]]},"id":"31,284","properties":{"lon":49.156120659881154,"lat":25.711258961367818,"grid_id":"AHN-00872"}},{"type":"Feature","geometry":{"type":"Polygon","coordinates":[[[49.20661132136028,25.666751931417373],[49.306208409728214,25.667942050601553],[49.30492959478218,25.758204567069058],[49.20525740610438,25.757009661674015],[49.20661132136028,25.666751931417373]]]},"id":"32,284","properties":{"lon":49.25575204185721,"lat":25.712485493287193,"grid_id":"AHN-00873"}},{"type":"Feature","geometry":{"type":"Polygon","coordinates":[[[49.405811601395364,25.669064251802702],[49.50542053802063,25.670118519354794],[49.50429198274962,25.760389789002],[49.40460790683652,25.759331281426437],[49.405811601395364,25.669064251802702]]]},"id":"34,284","properties":{"lon":49.455033325160436,"lat":25.714734402276957,"grid_id":"AHN-00874"}},{"type":"Feature","geometry":{"type":"Polygon","coordinates":[[[49.50542053802063,25.670118519354794],[49.60503486114001,25.671104838538408],[49.60398146288005,25.7613800750029],[49.50429198274962,25.760389789002],[49.50542053802063,25.670118519354794]]]},"id":"35,284","properties":{"lon":49.55468250862417,"lat":25.715756747941537,"grid_id":"AHN-00875"}},{"type":"Feature","geometry":{"type":"Polygon","coordinates":[[[49.60503486114001,25.671104838538408],[49.70465421217427,25.67202319558127],[49.70367598747038,25.762302125588157],[49.60398146288005,25.7613800750029],[49.60503486114001,25.671104838538408]]]},"id":"36,284","properties":{"lon":49.65433690784478,"lat":25.71671100169336,"grid_id":"AHN-00876"}},{"type":"Feature","geometry":{"type":"Polygon","coordinates":[[[49.70465421217427,25.67202319558127],[49.80427823243656,25.67287357765873],[49.803375196654905,25.763155927869146],[49.70367598747038,25.762302125588157],[49.70465421217427,25.67202319558127]]]},"id":"37,284","properties":{"lon":49.753996163621224,"lat":25.717597150199012,"grid_id":"AHN-00877"}},{"type":"Feature","geometry":{"type":"Polygon","coordinates":[[[49.80427823243656,25.67287357765873],[49.903906563140126,25.673655972894252],[49.90307873046732,25.763941469910076],[49.803375196654905,25.763155927869146],[49.80427823243656,25.67287357765873]]]},"id":"38,284","properties":{"lon":49.85365991660469,"lat":25.71841518107919,"grid_id":"AHN-00878"}},{"type":"Feature","geometry":{"type":"Polygon","coordinates":[[[49.903906563140126,25.673655972894252],[50.00353884540593,25.674370370359828],[50.002786228848485,25.764658740728425],[49.90307873046732,25.763941469910076],[49.903906563140126,25.673655972894252]]]},"id":"39,284","properties":{"lon":49.95332780739709,"lat":25.719165082897398,"grid_id":"AHN-00879"}},{"type":"Feature","geometry":{"type":"Polygon","coordinates":[[[50.00353884540593,25.674370370359828],[50.10317472027035,25.67501676007639],[50.1024973316541,25.765307730295323],[50.002786228848485,25.764658740728425],[50.00353884540593,25.674370370359828]]]},"id":"40,284","properties":{"lon":50.05299947647068,"lat":25.719846845173137,"grid_id":"AHN-00880"}},{"type":"Feature","geometry":{"type":"Polygon","coordinates":[[[50.10317472027035,25.67501676007639],[50.202813828692854,25.67559513301415],[50.20221167866246,25.765888429535945],[50.1024973316541,25.765307730295323],[50.10317472027035,25.67501676007639]]]},"id":"41,284","properties":{"lon":50.15267456423468,"lat":25.720460458385034,"grid_id":"AHN-00881"}},{"type":"Feature","geometry":{"type":"Polygon","coordinates":[[[50.202813828692854,25.67559513301415],[50.30245581156363,25.67610548109295],[50.301928909582166,25.766400830329808],[50.20221167866246,25.765888429535945],[50.202813828692854,25.67559513301415]]]},"id":"42,284","properties":{"lon":50.25235271102554,"lat":25.72100591396125,"grid_id":"AHN-00882"}},{"type":"Feature","geometry":{"type":"Polygon","coordinates":[[[47.61162793465684,25.72863371858537],[47.711153385528306,25.730916765716014],[47.70866431938677,25.82106866469288],[47.60906389238126,25.818776463542296],[47.61162793465684,25.72863371858537]]]},"id":"16,285","properties":{"lon":47.66012806900006,"lat":25.77485736178591,"grid_id":"AHN-00883"}},{"type":"Feature","geometry":{"type":"Polygon","coordinates":[[[47.711153385528306,25.730916765716014],[47.8106906889912,25.73313200252337],[47.808276637992584,25.823292783960312],[47.70866431938677,25.82106866469288],[47.711153385528306,25.730916765716014]]]},"id":"17,285","properties":{"lon":47.759696923621696,"lat":25.77711101416585,"grid_id":"AHN-00884"}},{"type":"Feature","geometry":{"type":"Polygon","coordinates":[[[47.8106906889912,25.73313200252337],[47.91023948854639,25.735279398143255],[47.90790049053473,25.825448790326845],[47.808276637992584,25.823292783960312],[47.8106906889912,25.73313200252337]]]},"id":"18,285","properties":{"lon":47.859277471792055,"lat":25.779296704933,"grid_id":"AHN-00885"}},{"type":"Feature","geometry":{"type":"Polygon","coordinates":[[[47.91023948854639,25.735279398143255],[48.00979942744913,25.737358922649555],[48.00753551910207,25.827536653717463],[47.90790049053473,25.825448790326845],[47.91023948854639,25.735279398143255]]]},"id":"19,285","properties":{"lon":47.9588693563048,"lat":25.78141440361111,"grid_id":"AHN-00886"}},{"type":"Feature","geometry":{"type":"Polygon","coordinates":[[[48.00979942744913,25.737358922649555],[48.10937014871667,25.739370547055287],[48.1071813655439,25.82955634500094],[48.00753551910207,25.827536653717463],[48.00979942744913,25.737358922649555]]]},"id":"20,285","properties":{"lon":48.058472219693996,"lat":25.78346408068215,"grid_id":"AHN-00887"}},{"type":"Feature","geometry":{"type":"Polygon","coordinates":[[[48.10937014871667,25.739370547055287],[48.20895129513575,25.741314243313678],[48.20683767147751,25.83150783599092],[48.1071813655439,25.82955634500094],[48.10937014871667,25.739370547055287]]]},"id":"21,285","properties":{"lon":48.15808570431592,"lat":25.785445707553247,"grid_id":"AHN-00888"}},{"type":"Feature","geometry":{"type":"Polygon","coordinates":[[[48.20895129513575,25.741314243313678],[48.308542509270154,25.74318998431916],[48.306504078295816,25.833391099446917],[48.20683767147751,25.83150783599092],[48.20895129513575,25.741314243313678]]]},"id":"22,285","properties":{"lon":48.25770945223197,"lat":25.78735925657525,"grid_id":"AHN-00889"}},{"type":"Feature","geometry":{"type":"Polygon","coordinates":[[[48.308542509270154,25.74318998431916],[48.40814343346832,25.74499774390836],[48.406180227174985,25.835206109075322],[48.306504078295816,25.833391099446917],[48.308542509270154,25.74318998431916]]]},"id":"23,285","properties":{"lon":48.357343105312296,"lat":25.78920470105075,"grid_id":"AHN-00890"}},{"type":"Feature","geometry":{"type":"Polygon","coordinates":[[[48.40814343346832,25.74499774390836],[48.50775370987087,25.74673749686104],[48.50586575908205,25.836952839530344],[48.406180227174985,25.835206109075322],[48.40814343346832,25.74499774390836]]]},"id":"24,285","properties":{"lon":48.45698630523609,"lat":25.79098201522542,"grid_id":"AHN-00891"}},{"type":"Feature","geometry":{"type":"Polygon","coordinates":[[[48.50775370987087,25.74673749686104],[48.607372980418255,25.74840921890103],[48.60556031478253,25.838631266414943],[48.50586575908205,25.836952839530344],[48.50775370987087,25.74673749686104]]]},"id":"25,285","properties":{"lon":48.556638693436554,"lat":25.79269117428252,"grid_id":"AHN-00892"}},{"type":"Feature","geometry":{"type":"Polygon","coordinates":[[[48.607372980418255,25.74840921890103],[48.70700088685836,25.750012886697082],[48.705263534848164,25.840241366281703],[48.60556031478253,25.838631266414943],[48.607372980418255,25.74840921890103]]]},"id":"26,285","properties":{"lon":48.65629991118195,"lat":25.794332154369272,"grid_id":"AHN-00893"}},{"type":"Feature","geometry":{"type":"Polygon","coordinates":[[[48.70700088685836,25.750012886697082],[48.80663707075406,25.751548477863732],[48.8049750596645,25.84178311663369],[48.705263534848164,25.840241366281703],[48.70700088685836,25.750012886697082]]]},"id":"27,285","properties":{"lon":48.75596959953033,"lat":25.795904932565467,"grid_id":"AHN-00894"}},{"type":"Feature","geometry":{"type":"Polygon","coordinates":[[[48.80663707075406,25.751548477863732],[48.90628117349091,25.753015970962117],[48.90469452943859,25.843256495925267],[48.8049750596645,25.84178311663369],[48.80663707075406,25.751548477863732]]]},"id":"28,285","properties":{"lon":48.85564739937292,"lat":25.797409486901678,"grid_id":"AHN-00895"}},{"type":"Feature","geometry":{"type":"Polygon","coordinates":[[[48.90628117349091,25.753015970962117],[49.005932836284785,25.754415345500743],[49.00442158420672,25.844661483562888],[48.90469452943859,25.843256495925267],[48.90628117349091,25.753015970962117]]]},"id":"29,285","properties":{"lon":48.95533295142988,"lat":25.798845796368735,"grid_id":"AHN-00896"}},{"type":"Feature","geometry":{"type":"Polygon","coordinates":[[[49.005932836284785,25.754415345500743],[49.105591700189464,25.755746581936226],[49.104155863842045,25.84599805990583],[49.00442158420672,25.844661483562888],[49.005932836284785,25.754415345500743]]]},"id":"30,285","properties":{"lon":49.05502589623258,"lat":25.80021384088693,"grid_id":"AHN-00897"}},{"type":"Feature","geometry":{"type":"Polygon","coordinates":[[[49.105591700189464,25.755746581936226],[49.20525740610438,25.757009661674015],[49.20389700806234,25.847266206266916],[49.104155863842045,25.84599805990583],[49.105591700189464,25.755746581936226]]]},"id":"31,285","properties":{"lon":49.154725874169934,"lat":25.80151360135714,"grid_id":"AHN-00898"}},{"type":"Feature","geometry":{"type":"Polygon","coordinates":[[[49.20525740610438,25.757009661674015],[49.30492959478218,25.758204567069058],[49.3036446564377,25.84846590491319],[49.20389700806234,25.847266206266916],[49.20525740610438,25.757009661674015]]]},"id":"32,285","properties":{"lon":49.25443252547609,"lat":25.802745059597775,"grid_id":"AHN-00899"}},{"type":"Feature","geometry":{"type":"Polygon","coordinates":[[[49.90307873046732,25.763941469910076],[50.002786228848485,25.764658740728425],[50.002030007853676,25.85494597052373],[49.90224693321157,25.854225822122153],[49.90307873046732,25.763941469910076]]]},"id":"39,285","properties":{"lon":49.95253569068394,"lat":25.809451479279012,"grid_id":"AHN-00900"}},{"type":"Feature","geometry":{"type":"Polygon","coordinates":[[[50.002786228848485,25.764658740728425],[50.1024973316541,25.765307730295323],[50.10181669882349,25.855597563769106],[50.002030007853676,25.85494597052373],[50.002786228848485,25.764658740728425]]]},"id":"40,285","properties":{"lon":50.05228276186174,"lat":25.810135980176952,"grid_id":"AHN-00901"}},{"type":"Feature","geometry":{"type":"Polygon","coordinates":[[[50.1024973316541,25.765307730295323],[50.20221167866246,25.765888429535945],[50.2016066447104,25.85618059273822],[50.10181669882349,25.855597563769106],[50.1024973316541,25.765307730295323]]]},"id":"41,285","properties":{"lon":50.15203326300694,"lat":25.81075205828823,"grid_id":"AHN-00902"}},{"type":"Feature","geometry":{"type":"Polygon","coordinates":[[[47.60906389238126,25.818776463542296],[47.70866431938677,25.82106866469288],[47.70616336160206,25.911219220580122],[47.60648760105199,25.908917851939893],[47.60906389238126,25.818776463542296]]]},"id":"16,286","properties":{"lon":47.657595480121024,"lat":25.865004042829465,"grid_id":"AHN-00903"}},{"type":"Feature","geometry":{"type":"Polygon","coordinates":[[[47.70866431938677,25.82106866469288],[47.808276637992584,25.823292783960312],[47.80585105301605,25.91345223538175],[47.70616336160206,25.911219220580122],[47.70866431938677,25.82106866469288]]]},"id":"17,286","properties":{"lon":47.757239509142195,"lat":25.86726672009144,"grid_id":"AHN-00904"}},{"type":"Feature","geometry":{"type":"Polygon","coordinates":[[[47.808276637992584,25.823292783960312],[47.90790049053473,25.825448790326845],[47.905550316457585,25.91561686517289],[47.80585105301605,25.91345223538175],[47.808276637992584,25.823292783960312]]]},"id":"18,286","properties":{"lon":47.85689527025108,"lat":25.869461163903104,"grid_id":"AHN-00905"}},{"type":"Feature","geometry":{"type":"Polygon","coordinates":[[[47.90790049053473,25.825448790326845],[48.00753551910207,25.827536653717463],[48.00526079284153,25.917713079729047],[47.905550316457585,25.91561686517289],[47.90790049053473,25.825448790326845]]]},"id":"19,286","properties":{"lon":47.95656240508582,"lat":25.87158734364941,"grid_id":"AHN-00906"}},{"type":"Feature","geometry":{"type":"Polygon","coordinates":[[[48.00753551910207,25.827536653717463],[48.1071813655439,25.82955634500094],[48.10498212284165,25.919740849774197],[48.00526079284153,25.917713079729047],[48.00753551910207,25.827536653717463]]]},"id":"20,286","properties":{"lon":48.056240555029255,"lat":25.873645229644676,"grid_id":"AHN-00907"}},{"type":"Feature","geometry":{"type":"Polygon","coordinates":[[[48.1071813655439,25.82955634500094],[48.20683767147751,25.83150783599092],[48.204713946898174,25.92170014698186],[48.10498212284165,25.919740849774197],[48.1071813655439,25.82955634500094]]]},"id":"21,286","properties":{"lon":48.15592936121854,"lat":25.875634793167723,"grid_id":"AHN-00908"}},{"type":"Feature","geometry":{"type":"Polygon","coordinates":[[[48.20683767147751,25.83150783599092],[48.306504078295816,25.833391099446917],[48.30445590522554,25.923590943976123],[48.204713946898174,25.92170014698186],[48.20683767147751,25.83150783599092]]]},"id":"22,286","properties":{"lon":48.255628464579665,"lat":25.87755600642829,"grid_id":"AHN-00909"}},{"type":"Feature","geometry":{"type":"Polygon","coordinates":[[[48.306504078295816,25.833391099446917],[48.406180227174985,25.835206109075322],[48.40420763781999,25.925413214332643],[48.30445590522554,25.923590943976123],[48.306504078295816,25.833391099446917]]]},"id":"23,286","properties":{"lon":48.355337505789926,"lat":25.879408842604324,"grid_id":"AHN-00910"}},{"type":"Feature","geometry":{"type":"Polygon","coordinates":[[[48.406180227174985,25.835206109075322],[48.50586575908205,25.836952839530344],[48.5039687844673,25.927166932579592],[48.40420763781999,25.925413214332643],[48.406180227174985,25.835206109075322]]]},"id":"24,286","properties":{"lon":48.455056125360876,"lat":25.881193275794658,"grid_id":"AHN-00911"}},{"type":"Feature","geometry":{"type":"Polygon","coordinates":[[[48.50586575908205,25.836952839530344],[48.60556031478253,25.838631266414943],[48.603738984750464,25.928852074198595],[48.5039687844673,25.927166932579592],[48.50586575908205,25.836952839530344]]]},"id":"25,286","properties":{"lon":48.55478396353906,"lat":25.882909281084153,"grid_id":"AHN-00912"}},{"type":"Feature","geometry":{"type":"Polygon","coordinates":[[[48.60556031478253,25.838631266414943],[48.705263534848164,25.840241366281703],[48.70351787805738,25.930468615625628],[48.603738984750464,25.928852074198595],[48.60556031478253,25.838631266414943]]]},"id":"26,286","properties":{"lon":48.65452066042186,"lat":25.884556834473265,"grid_id":"AHN-00913"}},{"type":"Feature","geometry":{"type":"Polygon","coordinates":[[[48.705263534848164,25.840241366281703],[48.8049750596645,25.84178311663369],[48.803305103588585,25.93201653425185],[48.70351787805738,25.930468615625628],[48.705263534848164,25.840241366281703]]]},"id":"27,286","properties":{"lon":48.75426585587977,"lat":25.886135912942272,"grid_id":"AHN-00914"}},{"type":"Feature","geometry":{"type":"Polygon","coordinates":[[[48.8049750596645,25.84178311663369],[48.90469452943859,25.843256495925267],[48.903100300364954,25.933495808424453],[48.803305103588585,25.93201653425185],[48.8049750596645,25.84178311663369]]]},"id":"28,286","properties":{"lon":48.85401918962633,"lat":25.88764649442492,"grid_id":"AHN-00915"}},{"type":"Feature","geometry":{"type":"Polygon","coordinates":[[[48.90469452943859,25.843256495925267],[49.00442158420672,25.844661483562888],[49.00290310723547,25.934906417447444],[48.903100300364954,25.933495808424453],[48.90469452943859,25.843256495925267]]]},"id":"29,286","properties":{"lon":48.95378030120103,"lat":25.889088557783452,"grid_id":"AHN-00916"}},{"type":"Feature","geometry":{"type":"Polygon","coordinates":[[[49.00442158420672,25.844661483562888],[49.104155863842045,25.84599805990583],[49.10271316288497,25.936248341582374],[49.00290310723547,25.934906417447444],[49.00442158420672,25.844661483562888]]]},"id":"30,286","properties":{"lon":49.05354882993182,"lat":25.890462082855226,"grid_id":"AHN-00917"}},{"type":"Feature","geometry":{"type":"Polygon","coordinates":[[[49.104155863842045,25.84599805990583],[49.20389700806234,25.847266206266916],[49.20253010584185,25.93752156204909],[49.10271316288497,25.936248341582374],[49.104155863842045,25.84599805990583]]]},"id":"31,286","properties":{"lon":49.15332441506438,"lat":25.891767050424587,"grid_id":"AHN-00918"}},{"type":"Feature","geometry":{"type":"Polygon","coordinates":[[[49.20389700806234,25.847266206266916],[49.3036446564377,25.84846590491319],[49.30235357448593,25.938726061026408],[49.20253010584185,25.93752156204909],[49.20389700806234,25.847266206266916]]]},"id":"32,286","properties":{"lon":49.2531066956065,"lat":25.893003442246066,"grid_id":"AHN-00919"}},{"type":"Feature","geometry":{"type":"Polygon","coordinates":[[[50.002030007853676,25.85494597052373],[50.10181669882349,25.855597563769106],[50.10113281106408,25.945886257624807],[50.00127017051817,25.945232056851367],[50.002030007853676,25.85494597052373]]]},"id":"40,286","properties":{"lon":50.051562617280716,"lat":25.900423975138768,"grid_id":"AHN-00920"}},{"type":"Feature","geometry":{"type":"Polygon","coordinates":[[[47.60648760105199,25.908917851939893],[47.70616336160206,25.911219220580122],[47.7036504729103,26.001368429377678],[47.60389902023437,25.999057879702853],[47.60648760105199,25.908917851939893]]]},"id":"16,287","properties":{"lon":47.655050800975665,"lat":25.95514937208972,"grid_id":"AHN-00921"}},{"type":"Feature","geometry":{"type":"Polygon","coordinates":[[[47.70616336160206,25.911219220580122],[47.80585105301605,25.91345223538175],[47.803413895970124,26.00361035286067],[47.7036504729103,26.001368429377678],[47.70616336160206,25.911219220580122]]]},"id":"17,287","properties":{"lon":47.7547703625106,"lat":25.957421087535135,"grid_id":"AHN-00922"}},{"type":"Feature","geometry":{"type":"Polygon","coordinates":[[[47.80585105301605,25.91345223538175],[47.905550316457585,25.91561686517289],[47.90318892939747,26.00578361882521],[47.803413895970124,26.00361035286067],[47.80585105301605,25.91345223538175]]]},"id":"18,287","properties":{"lon":47.85450169493821,"lat":25.959624297308988,"grid_id":"AHN-00923"}},{"type":"Feature","geometry":{"type":"Polygon","coordinates":[[[47.905550316457585,25.91561686517289],[48.00526079284153,25.917713079729047],[48.0029752129256,26.007888196896754],[47.90318892939747,26.00578361882521],[47.905550316457585,25.91561686517289]]]},"id":"19,287","properties":{"lon":47.95424443872437,"lat":25.961758970624718,"grid_id":"AHN-00924"}},{"type":"Feature","geometry":{"type":"Polygon","coordinates":[[[48.00526079284153,25.917713079729047],[48.10498212284165,25.919740849774197],[48.10277238604505,26.00992405765392],[48.0029752129256,26.007888196896754],[48.00526079284153,25.917713079729047]]]},"id":"20,287","properties":{"lon":48.05399823406012,"lat":25.96382507767406,"grid_id":"AHN-00925"}},{"type":"Feature","geometry":{"type":"Polygon","coordinates":[[[48.10498212284165,25.919740849774197],[48.204713946898174,25.92170014698186],[48.20258008801137,26.011891172629568],[48.10277238604505,26.00992405765392],[48.10498212284165,25.919740849774197]]]},"id":"21,287","properties":{"lon":48.15376272090987,"lat":25.965822589560823,"grid_id":"AHN-00926"}},{"type":"Feature","geometry":{"type":"Polygon","coordinates":[[[48.204713946898174,25.92170014698186],[48.30445590522554,25.923590943976123],[48.30239795785283,26.013789514311842],[48.20258008801137,26.011891172629568],[48.204713946898174,25.92170014698186]]]},"id":"22,287","properties":{"lon":48.25353753901863,"lat":25.967751478385914,"grid_id":"AHN-00927"}},{"type":"Feature","geometry":{"type":"Polygon","coordinates":[[[48.30445590522554,25.923590943976123],[48.40420763781999,25.925413214332643],[48.4022256343781,26.01561905614515],[48.30239795785283,26.013789514311842],[48.30445590522554,25.923590943976123]]]},"id":"23,287","properties":{"lon":48.353322327888996,"lat":25.969611717167044,"grid_id":"AHN-00928"}},{"type":"Feature","geometry":{"type":"Polygon","coordinates":[[[48.40420763781999,25.925413214332643],[48.5039687844673,25.927166932579592],[48.502062756184,26.017379772531154],[48.4022256343781,26.01561905614515],[48.40420763781999,25.925413214332643]]]},"id":"24,287","properties":{"lon":48.45311672682653,"lat":25.9714032799026,"grid_id":"AHN-00929"}},{"type":"Feature","geometry":{"type":"Polygon","coordinates":[[[48.5039687844673,25.927166932579592],[48.603738984750464,25.928852074198595],[48.60190896166326,26.019071638829676],[48.502062756184,26.017379772531154],[48.5039687844673,25.927166932579592]]]},"id":"25,287","properties":{"lon":48.55292037490961,"lat":25.973126141526283,"grid_id":"AHN-00930"}},{"type":"Feature","geometry":{"type":"Polygon","coordinates":[[[48.603738984750464,25.928852074198595],[48.70351787805738,25.930468615625628],[48.70176388901224,26.02069463135962],[48.60190896166326,26.019071638829676],[48.603738984750464,25.928852074198595]]]},"id":"26,287","properties":{"lon":48.65273291103589,"lat":25.974780277945207,"grid_id":"AHN-00931"}},{"type":"Feature","geometry":{"type":"Polygon","coordinates":[[[48.70351787805738,25.930468615625628],[48.803305103588585,25.93201653425185],[48.80162717623873,26.02224872739983],[48.70176388901224,26.02069463135962],[48.70351787805738,25.930468615625628]]]},"id":"27,287","properties":{"lon":48.75255397391201,"lat":25.976365666014434,"grid_id":"AHN-00932"}},{"type":"Feature","geometry":{"type":"Polygon","coordinates":[[[48.803305103588585,25.93201653425185],[48.903100300364954,25.933495808424453],[48.901498461169695,26.0237339051899],[48.80162717623873,26.02224872739983],[48.803305103588585,25.93201653425185]]]},"id":"28,287","properties":{"lon":48.85238320203476,"lat":25.97788228353978,"grid_id":"AHN-00933"}},{"type":"Feature","geometry":{"type":"Polygon","coordinates":[[[48.903100300364954,25.933495808424453],[49.00290310723547,25.934906417447444],[49.0013773814591,26.025150143930986],[48.901498461169695,26.0237339051899],[48.903100300364954,25.933495808424453]]]},"id":"29,287","properties":{"lon":48.952220233755284,"lat":25.979330109301685,"grid_id":"AHN-00934"}},{"type":"Feature","geometry":{"type":"Polygon","coordinates":[[[49.00290310723547,25.934906417447444],[49.10271316288497,25.936248341582374],[49.10126357459565,26.02649742378656],[49.0013773814591,26.025150143930986],[49.00290310723547,25.934906417447444]]]},"id":"30,287","properties":{"lon":49.0520647072365,"lat":25.98070912303294,"grid_id":"AHN-00935"}},{"type":"Feature","geometry":{"type":"Polygon","coordinates":[[[49.10271316288497,25.936248341582374],[49.20253010584185,25.93752156204909],[49.20115667791065,26.027775725883124],[49.10126357459565,26.02649742378656],[49.10271316288497,25.936248341582374]]]},"id":"31,287","properties":{"lon":49.15191626049458,"lat":25.982019305423368,"grid_id":"AHN-00936"}},{"type":"Feature","geometry":{"type":"Polygon","coordinates":[[[47.504159897700696,25.99667873611373],[47.60389902023437,25.999057879702853],[47.601298109229795,26.089196542760813],[47.50148297577466,26.086807931923353],[47.504159897700696,25.99667873611373]]]},"id":"15,288","properties":{"lon":47.55271070866901,"lat":26.04294383205441,"grid_id":"AHN-00937"}},{"type":"Feature","geometry":{"type":"Polygon","coordinates":[[[47.60389902023437,25.999057879702853],[47.7036504729103,26.001368429377678],[47.70112561379121,26.09151628709079],[47.601298109229795,26.089196542760813],[47.60389902023437,25.999057879702853]]]},"id":"16,288","properties":{"lon":47.652493991578496,"lat":26.0452933455083,"grid_id":"AHN-00938"}},{"type":"Feature","geometry":{"type":"Polygon","coordinates":[[[47.7036504729103,26.001368429377678],[47.803413895970124,26.00361035286067],[47.80096512851456,26.09376713247571],[47.70112561379121,26.09151628709079],[47.7036504729103,26.001368429377678]]]},"id":"17,288","properties":{"lon":47.75228944492359,"lat":26.04757411253446,"grid_id":"AHN-00939"}},{"type":"Feature","geometry":{"type":"Polygon","coordinates":[[[47.803413895970124,26.00361035286067],[47.90318892939747,26.00578361882521],[47.90081629219579,26.09594904743363],[47.80096512851456,26.09376713247571],[47.803413895970124,26.00361035286067]]]},"id":"18,288","properties":{"lon":47.8520967082372,"lat":26.04978610125538,"grid_id":"AHN-00940"}},{"type":"Feature","geometry":{"type":"Polygon","coordinates":[[[47.90318892939747,26.00578361882521],[48.0029752129256,26.007888196896754],[48.00067874337884,26.098062001439374],[47.90081629219579,26.09594904743363],[47.90318892939747,26.00578361882521]]]},"id":"19,288","properties":{"lon":47.9519154207553,"lat":26.051929280736815,"grid_id":"AHN-00941"}},{"type":"Feature","geometry":{"type":"Polygon","coordinates":[[[48.0029752129256,26.007888196896754],[48.10277238604505,26.00992405765392],[48.10055212036338,26.100105964925646],[48.00067874337884,26.098062001439374],[48.0029752129256,26.007888196896754]]]},"id":"20,288","properties":{"lon":48.05174522152312,"lat":26.054003621003815,"grid_id":"AHN-00942"}},{"type":"Feature","geometry":{"type":"Polygon","coordinates":[[[48.10277238604505,26.00992405765392],[48.20258008801137,26.011891172629568],[48.20043606121257,26.10208090928411],[48.10055212036338,26.100105964925646],[48.10277238604505,26.00992405765392]]]},"id":"21,288","properties":{"lon":48.1515857493075,"lat":26.056009093051486,"grid_id":"AHN-00943"}},{"type":"Feature","geometry":{"type":"Polygon","coordinates":[[[48.20258008801137,26.011891172629568],[48.30239795785283,26.013789514311842],[48.30033020376077,26.103986806866427],[48.20043606121257,26.10208090928411],[48.20258008801137,26.011891172629568]]]},"id":"22,288","properties":{"lon":48.25143664265495,"lat":26.05794566881134,"grid_id":"AHN-00944"}},{"type":"Feature","geometry":{"type":"Polygon","coordinates":[[[48.30239795785283,26.013789514311842],[48.4022256343781,26.01561905614515],[48.40023418562135,26.105823630985267],[48.30033020376077,26.103986806866427],[48.30239795785283,26.013789514311842]]]},"id":"23,288","properties":{"lon":48.351297539875645,"lat":26.059813321186862,"grid_id":"AHN-00945"}},{"type":"Feature","geometry":{"type":"Polygon","coordinates":[[[48.4022256343781,26.01561905614515],[48.502062756184,26.017379772531154],[48.500147644194435,26.10759135591527],[48.40023418562135,26.105823630985267],[48.4022256343781,26.01561905614515]]]},"id":"24,288","properties":{"lon":48.451168079097556,"lat":26.06161202403518,"grid_id":"AHN-00946"}},{"type":"Feature","geometry":{"type":"Polygon","coordinates":[[[48.502062756184,26.017379772531154],[48.60190896166326,26.019071638829676],[48.60007021667474,26.10928995689401],[48.500147644194435,26.10759135591527],[48.502062756184,26.017379772531154]]]},"id":"25,288","properties":{"lon":48.5510478981983,"lat":26.063341752174544,"grid_id":"AHN-00947"}},{"type":"Feature","geometry":{"type":"Polygon","coordinates":[[[48.60190896166326,26.019071638829676],[48.70176388901224,26.02069463135962],[48.70000154005932,26.110919410122857],[48.60007021667474,26.10928995689401],[48.60190896166326,26.019071638829676]]]},"id":"26,288","properties":{"lon":48.6509366348813,"lat":26.06500248139439,"grid_id":"AHN-00948"}},{"type":"Feature","geometry":{"type":"Polygon","coordinates":[[[48.70176388901224,26.02069463135962],[48.80162717623873,26.02224872739983],[48.799941251155445,26.11247969276789],[48.70000154005932,26.110919410122857],[48.70176388901224,26.02069463135962]]]},"id":"27,288","properties":{"lon":48.75083392664689,"lat":26.066594188417778,"grid_id":"AHN-00949"}},{"type":"Feature","geometry":{"type":"Polygon","coordinates":[[[48.80162717623873,26.02224872739983],[48.901498461169695,26.0237339051899],[48.89988898658838,26.11397078296071],[48.799941251155445,26.11247969276789],[48.80162717623873,26.02224872739983]]]},"id":"28,288","properties":{"lon":48.85073941081891,"lat":26.06811685095809,"grid_id":"AHN-00950"}},{"type":"Feature","geometry":{"type":"Polygon","coordinates":[[[48.901498461169695,26.0237339051899],[49.0013773814591,26.025150143930986],[48.99984438280924,26.115392659799223],[48.89988898658838,26.11397078296071],[48.901498461169695,26.0237339051899]]]},"id":"29,288","properties":{"lon":48.95065272451244,"lat":26.069570447684768,"grid_id":"AHN-00951"}},{"type":"Feature","geometry":{"type":"Polygon","coordinates":[[[47.50148297577466,26.086807931923353],[47.601298109229795,26.089196542760813],[47.598684827073946,26.17933383704839],[47.49879332201912,26.176935744864473],[47.50148297577466,26.086807931923353]]]},"id":"15,289","properties":{"lon":47.55006551698785,"lat":26.133077107713166,"grid_id":"AHN-00952"}},{"type":"Feature","geometry":{"type":"Polygon","coordinates":[[[47.601298109229795,26.089196542760813],[47.70112561379121,26.09151628709079],[47.69858874446651,26.18166278973004],[47.598684827073946,26.17933383704839],[47.601298109229795,26.089196542760813]]]},"id":"16,289","properties":{"lon":47.649925011689646,"lat":26.13543595907896,"grid_id":"AHN-00953"}},{"type":"Feature","geometry":{"type":"Polygon","coordinates":[[[47.70112561379121,26.09151628709079],[47.80096512851456,26.09376713247571],[47.798504712058744,26.183922570311207],[47.69858874446651,26.18166278973004],[47.70112561379121,26.09151628709079]]]},"id":"17,289","properties":{"lon":47.74979671733223,"lat":26.137725791138603,"grid_id":"AHN-00954"}},{"type":"Feature","geometry":{"type":"Polygon","coordinates":[[[47.80096512851456,26.09376713247571],[47.90081629219579,26.09594904743363],[47.89843236745122,26.186113147154018],[47.798504712058744,26.183922570311207],[47.80096512851456,26.09376713247571]]]},"id":"18,289","properties":{"lon":47.849680272254616,"lat":26.13994657185132,"grid_id":"AHN-00955"}},{"type":"Feature","geometry":{"type":"Polygon","coordinates":[[[47.90081629219579,26.09594904743363],[48.00067874337884,26.098062001439374],[47.99837134799083,26.188234489582083],[47.89843236745122,26.186113147154018],[47.90081629219579,26.09594904743363]]]},"id":"19,289","properties":{"lon":47.949575314509396,"lat":26.1420982701494,"grid_id":"AHN-00956"}},{"type":"Feature","geometry":{"type":"Polygon","coordinates":[[[48.00067874337884,26.098062001439374],[48.10055212036338,26.100105964925646],[48.09832129077865,26.19028656788163],[47.99837134799083,26.188234489582083],[48.00067874337884,26.098062001439374]]]},"id":"20,289","properties":{"lon":48.049481481923536,"lat":26.144180855900792,"grid_id":"AHN-00957"}},{"type":"Feature","geometry":{"type":"Polygon","coordinates":[[[48.10055212036338,26.100105964925646],[48.20043606121257,26.10208090928411],[48.19828183267766,26.19226935330257],[48.09832129077865,26.19028656788163],[48.10055212036338,26.100105964925646]]]},"id":"21,289","properties":{"lon":48.14939841209601,"lat":26.146194299950544,"grid_id":"AHN-00958"}},{"type":"Feature","geometry":{"type":"Polygon","coordinates":[[[48.20043606121257,26.10208090928411],[48.30033020376077,26.103986806866427],[48.29825261032057,26.194182818059566],[48.19828183267766,26.19226935330257],[48.20043606121257,26.10208090928411]]]},"id":"22,289","properties":{"lon":48.24932574236101,"lat":26.14813857409642,"grid_id":"AHN-00959"}},{"type":"Feature","geometry":{"type":"Polygon","coordinates":[[[48.30033020376077,26.103986806866427],[48.40023418562135,26.105823630985267],[48.39823326011764,26.196026935333023],[48.29825261032057,26.194182818059566],[48.30033020376077,26.103986806866427]]]},"id":"23,289","properties":{"lon":48.349263109836016,"lat":26.150013651105148,"grid_id":"AHN-00960"}},{"type":"Feature","geometry":{"type":"Polygon","coordinates":[[[48.40023418562135,26.105823630985267],[48.500147644194435,26.10759135591527],[48.49822341826454,26.19780167927009],[48.39823326011764,26.196026935333023],[48.40023418562135,26.105823630985267]]]},"id":"24,289","properties":{"lon":48.449210151439495,"lat":26.151819504714556,"grid_id":"AHN-00961"}},{"type":"Feature","geometry":{"type":"Polygon","coordinates":[[[48.500147644194435,26.10759135591527],[48.60007021667474,26.10928995689401],[48.59822272075014,26.19950702498559],[48.49822341826454,26.19780167927009],[48.500147644194435,26.10759135591527]]]},"id":"25,289","properties":{"lon":48.549166503869245,"lat":26.153556109599297,"grid_id":"AHN-00962"}},{"type":"Feature","geometry":{"type":"Polygon","coordinates":[[[48.60007021667474,26.10928995689401],[48.70000154005932,26.110919410122857],[48.69823080336439,26.20114294856293],[48.59822272075014,26.19950702498559],[48.60007021667474,26.10928995689401]]]},"id":"26,289","properties":{"lon":48.64913180360823,"lat":26.155223441429037,"grid_id":"AHN-00963"}},{"type":"Feature","geometry":{"type":"Polygon","coordinates":[[[48.70000154005932,26.110919410122857],[48.799941251155445,26.11247969276789],[48.798247301706205,26.202709427054984],[48.69823080336439,26.20114294856293],[48.70000154005932,26.110919410122857]]]},"id":"27,289","properties":{"lon":48.74910568694893,"lat":26.156821476837003,"grid_id":"AHN-00964"}},{"type":"Feature","geometry":{"type":"Polygon","coordinates":[[[48.89988898658838,26.11397078296071],[48.99984438280924,26.115392659799223],[48.99830408706015,26.205633961847006],[48.89827185119131,26.204206438484917],[48.89988898658838,26.11397078296071]]]},"id":"29,289","properties":{"lon":48.94907774873808,"lat":26.15980956970166,"grid_id":"AHN-00965"}},{"type":"Feature","geometry":{"type":"Polygon","coordinates":[[[47.49879332201912,26.176935744864473],[47.598684827073946,26.17933383704839],[47.5960591325351,26.269469758505103],[47.496090894010365,26.267062170798038],[47.49879332201912,26.176935744864473]]]},"id":"15,290","properties":{"lon":47.54740775289718,"lat":26.22320900556186,"grid_id":"AHN-00966"}},{"type":"Feature","geometry":{"type":"Polygon","coordinates":[[[47.598684827073946,26.17933383704839],[47.69858874446651,26.18166278973004],[47.696039824898165,26.2718079333113],[47.5960591325351,26.269469758505103],[47.598684827073946,26.17933383704839]]]},"id":"16,290","properties":{"lon":47.64734382081557,"lat":26.225577208766975,"grid_id":"AHN-00967"}},{"type":"Feature","geometry":{"type":"Polygon","coordinates":[[[47.69858874446651,26.18166278973004],[47.798504712058744,26.183922570311207],[47.796032607760054,26.27407666245715],[47.696039824898165,26.2718079333113],[47.69858874446651,26.18166278973004]]]},"id":"17,290","properties":{"lon":47.74729214042042,"lat":26.227876119395166,"grid_id":"AHN-00968"}},{"type":"Feature","geometry":{"type":"Polygon","coordinates":[[[47.798504712058744,26.183922570311207],[47.89843236745122,26.186113147154018],[47.89603711751817,26.276275914148247],[47.796032607760054,26.27407666245715],[47.798504712058744,26.183922570311207]]]},"id":"18,290","properties":{"lon":47.84725234887813,"lat":26.230105705240597,"grid_id":"AHN-00969"}},{"type":"Feature","geometry":{"type":"Polygon","coordinates":[[[47.89843236745122,26.186113147154018],[47.99837134799083,26.188234489582083],[47.996052990314624,26.278405657556398],[47.89603711751817,26.276275914148247],[47.89843236745122,26.186113147154018]]]},"id":"19,290","properties":{"lon":47.947224083045406,"lat":26.232265935074896,"grid_id":"AHN-00970"}},{"type":"Feature","geometry":{"type":"Polygon","coordinates":[[[47.99837134799083,26.188234489582083],[48.09832129077865,26.19028656788163],[48.096079862044064,26.280465862820787],[47.996052990314624,26.278405657556398],[47.99837134799083,26.188234489582083]]]},"id":"20,290","properties":{"lon":48.047206979535545,"lat":26.23435677862362,"grid_id":"AHN-00971"}},{"type":"Feature","geometry":{"type":"Polygon","coordinates":[[[48.09832129077865,26.19028656788163],[48.19828183267766,26.19226935330257],[48.1961173683615,26.282456501049026],[48.096079862044064,26.280465862820787],[48.09832129077865,26.19028656788163]]]},"id":"21,290","properties":{"lon":48.14720067474998,"lat":26.23637820659361,"grid_id":"AHN-00972"}},{"type":"Feature","geometry":{"type":"Polygon","coordinates":[[[48.19828183267766,26.19226935330257],[48.29825261032057,26.194182818059566],[48.29616514469017,26.284377544318236],[48.1961173683615,26.282456501049026],[48.19828183267766,26.19226935330257]]]},"id":"22,290","properties":{"lon":48.24720480479428,"lat":26.238330190637267,"grid_id":"AHN-00973"}},{"type":"Feature","geometry":{"type":"Polygon","coordinates":[[[48.29825261032057,26.194182818059566],[48.39823326011764,26.196026935333023],[48.39622282622943,26.286228965676056],[48.29616514469017,26.284377544318236],[48.29825261032057,26.194182818059566]]]},"id":"23,290","properties":{"lon":48.347219005638436,"lat":26.24021270338548,"grid_id":"AHN-00974"}},{"type":"Feature","geometry":{"type":"Polygon","coordinates":[[[48.39823326011764,26.196026935333023],[48.49822341826454,26.19780167927009],[48.4962900479626,26.28801073914164],[48.39622282622943,26.286228965676056],[48.39823326011764,26.196026935333023]]]},"id":"24,290","properties":{"lon":48.447242912926036,"lat":26.242025718429087,"grid_id":"AHN-00975"}},{"type":"Feature","geometry":{"type":"Polygon","coordinates":[[[48.49822341826454,26.19780167927009],[48.59822272075014,26.19950702498559],[48.59636644466487,26.289722839706588],[48.4962900479626,26.28801073914164],[48.49822341826454,26.19780167927009]]]},"id":"25,290","properties":{"lon":48.54727616218697,"lat":26.243769210359627,"grid_id":"AHN-00976"}},{"type":"Feature","geometry":{"type":"Polygon","coordinates":[[[48.59822272075014,26.19950702498559],[48.69823080336439,26.20114294856293],[48.69645165091123,26.291365243335875],[48.59636644466487,26.289722839706588],[48.59822272075014,26.19950702498559]]]},"id":"26,290","properties":{"lon":48.64731838868034,"lat":26.245443154697128,"grid_id":"AHN-00977"}},{"type":"Feature","geometry":{"type":"Polygon","coordinates":[[[47.496090894010365,26.267062170798038],[47.5960591325351,26.269469758505103],[47.59342098411237,26.359604303075372],[47.49337564904784,26.357187205589515],[47.496090894010365,26.267062170798038]]]},"id":"15,291","properties":{"lon":47.544737374453675,"lat":26.313339521489734,"grid_id":"AHN-00978"}},{"type":"Feature","geometry":{"type":"Polygon","coordinates":[[[47.5960591325351,26.269469758505103],[47.696039824898165,26.2718079333113],[47.69347881478674,26.361951713855714],[47.59342098411237,26.359604303075372],[47.5960591325351,26.269469758505103]]]},"id":"16,291","properties":{"lon":47.644750378171224,"lat":26.31571709055091,"grid_id":"AHN-00979"}},{"type":"Feature","geometry":{"type":"Polygon","coordinates":[[[47.696039824898165,26.2718079333113],[47.796032607760054,26.27407666245715],[47.7935487765222,26.364229405009173],[47.69347881478674,26.361951713855714],[47.696039824898165,26.2718079333113]]]},"id":"17,291","properties":{"lon":47.744775674622915,"lat":26.31802509335394,"grid_id":"AHN-00980"}},{"type":"Feature","geometry":{"type":"Polygon","coordinates":[[[47.796032607760054,26.27407666245715],[47.89603711751817,26.276275914148247],[47.89363050450519,26.366437344584185],[47.7935487765222,26.364229405009173],[47.796032607760054,26.27407666245715]]]},"id":"18,291","properties":{"lon":47.844812899745094,"lat":26.32026349753572,"grid_id":"AHN-00981"}},{"type":"Feature","geometry":{"type":"Polygon","coordinates":[[[47.89603711751817,26.276275914148247],[47.996052990314624,26.278405657556398],[47.993723633665184,26.368575501600183],[47.89363050450519,26.366437344584185],[47.89603711751817,26.276275914148247]]]},"id":"19,291","properties":{"lon":47.94486168920087,"lat":26.322432271705107,"grid_id":"AHN-00982"}},{"type":"Feature","geometry":{"type":"Polygon","coordinates":[[[47.996052990314624,26.278405657556398],[48.096079862044064,26.280465862820787],[48.09382779868256,26.37064384604872],[47.993723633665184,26.368575501600183],[47.996052990314624,26.278405657556398]]]},"id":"20,291","properties":{"lon":48.044921678385016,"lat":26.324531385447095,"grid_id":"AHN-00983"}},{"type":"Feature","geometry":{"type":"Polygon","coordinates":[[[48.096079862044064,26.280465862820787],[48.1961173683615,26.282456501049026],[48.19394263399652,26.372642348894548],[48.09382779868256,26.37064384604872],[48.096079862044064,26.280465862820787]]]},"id":"21,291","properties":{"lon":48.1449925024945,"lat":26.326560809312795,"grid_id":"AHN-00984"}},{"type":"Feature","geometry":{"type":"Polygon","coordinates":[[[48.1961173683615,26.282456501049026],[48.29616514469017,26.284377544318236],[48.29406777381297,26.37457098207673],[48.19394263399652,26.372642348894548],[48.1961173683615,26.282456501049026]]]},"id":"22,291","properties":{"lon":48.24507379643241,"lat":26.328520514817804,"grid_id":"AHN-00985"}},{"type":"Feature","geometry":{"type":"Polygon","coordinates":[[[48.29616514469017,26.284377544318236],[48.39622282622943,26.286228965676056],[48.39420285211243,26.376429718509605],[48.29406777381297,26.37457098207673],[48.29616514469017,26.284377544318236]]]},"id":"23,291","properties":{"lon":48.34516519491402,"lat":26.33041047447169,"grid_id":"AHN-00986"}},{"type":"Feature","geometry":{"type":"Polygon","coordinates":[[[48.39622282622943,26.286228965676056],[48.4962900479626,26.28801073914164],[48.494347502658,26.37821853208384],[48.39420285211243,26.376429718509605],[48.39622282622943,26.286228965676056]]]},"id":"24,291","properties":{"lon":48.445266332423074,"lat":26.332230661728996,"grid_id":"AHN-00987"}},{"type":"Feature","geometry":{"type":"Polygon","coordinates":[[[48.4962900479626,26.28801073914164],[48.59636644466487,26.289722839706588],[48.59450135900332,26.37993739766732],[48.494347502658,26.37821853208384],[48.4962900479626,26.28801073914164]]]},"id":"25,291","properties":{"lon":48.54537684323296,"lat":26.333981051035646,"grid_id":"AHN-00988"}},{"type":"Feature","geometry":{"type":"Polygon","coordinates":[[[48.59636644466487,26.289722839706588],[48.69645165091123,26.291365243335875],[48.694664054500436,26.381586291106146],[48.59450135900332,26.37993739766732],[48.59636644466487,26.289722839706588]]]},"id":"26,291","properties":{"lon":48.6454963613915,"lat":26.335661617803986,"grid_id":"AHN-00989"}},{"type":"Feature","geometry":{"type":"Polygon","coordinates":[[[47.7935487765222,26.364229405009173],[47.89363050450519,26.366437344584185],[47.891212490273354,26.4565974346357],[47.791053178993614,26.45438079406854],[47.7935487765222,26.364229405009173]]]},"id":"18,292","properties":{"lon":47.84236188623709,"lat":26.410419944872327,"grid_id":"AHN-00990"}},{"type":"Feature","geometry":{"type":"Polygon","coordinates":[[[47.89363050450519,26.366437344584185],[47.993723633665184,26.368575501600183],[47.99138324111783,26.45874401795763],[47.891212490273354,26.4565974346357],[47.89363050450519,26.366437344584185]]]},"id":"19,292","properties":{"lon":47.942488095562695,"lat":26.41259727624766,"grid_id":"AHN-00991"}},{"type":"Feature","geometry":{"type":"Polygon","coordinates":[[[47.993723633665184,26.368575501600183],[48.09382779868256,26.37064384604872],[48.0915650649853,26.46082051387768],[47.99138324111783,26.45874401795763],[47.993723633665184,26.368575501600183]]]},"id":"20,292","properties":{"lon":48.042625542278145,"lat":26.414704672644046,"grid_id":"AHN-00992"}},{"type":"Feature","geometry":{"type":"Polygon","coordinates":[[[48.09382779868256,26.37064384604872],[48.19394263399652,26.372642348894548],[48.19175759509124,26.462826893217205],[48.0915650649853,26.46082051387768],[48.09382779868256,26.37064384604872]]]},"id":"21,292","properties":{"lon":48.142773860355426,"lat":26.416742104450826,"grid_id":"AHN-00993"}},{"type":"Feature","geometry":{"type":"Polygon","coordinates":[[[48.19394263399652,26.372642348894548],[48.29406777381297,26.37457098207673],[48.29196046441626,26.464763127776635],[48.19175759509124,26.462826893217205],[48.19394263399652,26.372642348894548]]]},"id":"22,292","properties":{"lon":48.24293268347681,"lat":26.418709543069106,"grid_id":"AHN-00994"}},{"type":"Feature","geometry":{"type":"Polygon","coordinates":[[[48.29406777381297,26.37457098207673],[48.39420285211243,26.376429718509605],[48.392173305714174,26.46662919033652],[48.29196046441626,26.464763127776635],[48.29406777381297,26.37457098207673]]]},"id":"23,292","properties":{"lon":48.34310164513253,"lat":26.420606960842147,"grid_id":"AHN-00995"}},{"type":"Feature","geometry":{"type":"Polygon","coordinates":[[[48.39420285211243,26.376429718509605],[48.494347502658,26.37821853208384],[48.49239575151991,26.4684250546585],[48.392173305714174,26.46662919033652],[48.39420285211243,26.376429718509605]]]},"id":"24,292","properties":{"lon":48.443280378589776,"lat":26.422434331123007,"grid_id":"AHN-00996"}},{"type":"Feature","geometry":{"type":"Polygon","coordinates":[[[48.494347502658,26.37821853208384],[48.59450135900332,26.37993739766732],[48.592627434157535,26.470150695486307],[48.49239575151991,26.4684250546585],[48.494347502658,26.37821853208384]]]},"id":"25,292","properties":{"lon":48.54346851686932,"lat":26.424191628212174,"grid_id":"AHN-00997"}},{"type":"Feature","geometry":{"type":"Polygon","coordinates":[[[48.59450135900332,26.37993739766732],[48.694664054500436,26.381586291106146],[48.69286798574825,26.471806088546654],[48.592627434157535,26.470150695486307],[48.59450135900332,26.37993739766732]]]},"id":"26,292","properties":{"lon":48.64366569284271,"lat":26.42587882741128,"grid_id":"AHN-00998"}},{"type":"Feature","geometry":{"type":"Polygon","coordinates":[[[48.694664054500436,26.381586291106146],[48.79483522230788,26.383165189225448],[48.79311703821845,26.47339121055015],[48.69286798574825,26.471806088546654],[48.694664054500436,26.381586291106146]]]},"id":"27,292","properties":{"lon":48.743871539119134,"lat":26.427495905000388,"grid_id":"AHN-00999"}},{"type":"Feature","geometry":{"type":"Polygon","coordinates":[[[48.0915650649853,26.46082051387768],[48.19175759509124,26.462826893217205],[48.189562216928785,26.553010130402026],[48.089291625010176,26.550995862626582],[48.0915650649853,26.46082051387768]]]},"id":"21,293","properties":{"lon":48.14054471311227,"lat":26.506922088357225,"grid_id":"AHN-01000"}},{"type":"Feature","geometry":{"type":"Polygon","coordinates":[[[48.19175759509124,26.462826893217205],[48.29196046441626,26.464763127776635],[48.28984318300996,26.554953977866838],[48.189562216928785,26.553010130402026],[48.19175759509124,26.462826893217205]]]},"id":"22,293","properties":{"lon":48.24078143194256,"lat":26.50889727178285,"grid_id":"AHN-01001"}},{"type":"Feature","geometry":{"type":"Polygon","coordinates":[[[48.29196046441626,26.464763127776635],[48.392173305714174,26.46662919033652],[48.39013415477275,26.556827377667222],[48.28984318300996,26.554953977866838],[48.29196046441626,26.464763127776635]]]},"id":"23,293","properties":{"lon":48.34102832351354,"lat":26.510802158979043,"grid_id":"AHN-01002"}},{"type":"Feature","geometry":{"type":"Polygon","coordinates":[[[48.392173305714174,26.46662919033652],[48.49239575151991,26.4684250546585],[48.490434763515935,26.558630303435326],[48.39013415477275,26.556827377667222],[48.392173305714174,26.46662919033652]]]},"id":"24,293","properties":{"lon":48.441285019869234,"lat":26.512636723151857,"grid_id":"AHN-01003"}},{"type":"Feature","geometry":{"type":"Polygon","coordinates":[[[48.49239575151991,26.4684250546585],[48.592627434157535,26.470150695486307],[48.590744640326015,26.5603627297902],[48.490434763515935,26.558630303435326],[48.49239575151991,26.4684250546585]]]},"id":"25,293","properties":{"lon":48.541551152797304,"lat":26.51440093848442,"grid_id":"AHN-01004"}},{"type":"Feature","geometry":{"type":"Polygon","coordinates":[[[48.592627434157535,26.470150695486307],[48.69286798574825,26.471806088546654],[48.69106341608532,26.56202463233873],[48.590744640326015,26.5603627297902],[48.592627434157535,26.470150695486307]]]},"id":"26,293","properties":{"lon":48.64182635393674,"lat":26.516094780159655,"grid_id":"AHN-01005"}},{"type":"Feature","geometry":{"type":"Polygon","coordinates":[[[48.39013415477275,26.556827377667222],[48.490434763515935,26.558630303435326],[48.48846450741084,26.648834274991902],[48.38808536681535,26.64702427701975],[48.39013415477275,26.556827377667222]]]},"id":"24,294","properties":{"lon":48.439280224512686,"lat":26.6028378343583,"grid_id":"AHN-01006"}},{"type":"Feature","geometry":{"type":"Polygon","coordinates":[[[48.490434763515935,26.558630303435326],[48.590744640326015,26.5603627297902],[48.58885294751243,26.65057349721385],[48.48846450741084,26.648834274991902],[48.490434763515935,26.558630303435326]]]},"id":"25,294","properties":{"lon":48.53962472049988,"lat":26.604608978460245,"grid_id":"AHN-01007"}},{"type":"Feature","geometry":{"type":"Polygon","coordinates":[[[48.590744640326015,26.5603627297902],[48.69106341608532,26.56202463233873],[48.68925031675549,26.652241919172166],[48.58885294751243,26.65057349721385],[48.590744640326015,26.5603627297902]]]},"id":"26,294","properties":{"lon":48.639978315398146,"lat":26.606309472720067,"grid_id":"AHN-01008"}}]}