{"type":"FeatureCollection","features":[{"type":"Feature","geometry":{"type":"MultiPolygon","coordinates":[[[[47.9000003,21.034],[48.03923550160032,20.873815509809013],[48.0418382,20.9024385],[48.2945238,21.0306749],[48.5952745,21.2305034],[48.7696825,21.3725245],[48.8101956,21.4227098],[48.9355084,21.534528],[48.9540478,21.5677374],[48.8867566,21.5239888],[48.8943098,21.5437889],[48.9523302,21.5935981],[48.970183,21.622964],[48.9097581,21.5935981],[48.8671861,21.5348483],[48.8273607,21.5156856],[48.8122545,21.4799085],[48.7820421,21.4632947],[48.7696825,21.4454008],[48.7284837,21.4236696],[48.6886583,21.4147205],[48.7422222,21.465544],[48.9715562,21.6829541],[48.9495836,21.6893346],[48.8356004,21.6319003],[48.7559496,21.603813],[48.6708055,21.5310159],[48.6350999,21.5220734],[48.8314806,21.7097502],[48.8644395,21.7607764],[48.8040147,21.7148536],[48.7655626,21.674021],[48.6502061,21.6063666],[48.6914049,21.6574295],[48.8548265,21.7862828],[48.9166246,21.8589509],[48.8548265,21.8436554],[48.7655626,21.7480216],[48.7312303,21.7454705],[48.6007677,21.674021],[48.7120042,21.7684288],[48.6186205,21.7314386],[48.6433397,21.7556746],[48.687285,21.7811819],[48.6529527,21.7888332],[48.6007677,21.7913835],[48.5609422,21.787558],[48.6186205,21.8372818],[48.644713,21.841106],[48.6529527,21.8143345],[48.6914049,21.8054095],[48.7614427,21.8296331],[48.8095079,21.8857141],[48.8603197,21.9392253],[48.9179979,21.9978098],[48.861693,21.9901697],[48.7710558,21.9481419],[48.7147508,21.9022792],[48.6598192,21.869147],[48.5993944,21.8538526],[48.5636888,21.8882627],[48.621367,21.9188425],[48.6817918,21.9634262],[48.7353502,22.0156351],[48.762816,22.0627339],[48.8191209,22.1072724],[48.8465868,22.1517968],[48.7985216,22.1581563],[48.8177477,22.1963072],[48.8836656,22.2280917],[48.9482103,22.2522431],[49.0168748,22.2509721],[49.055327,22.2547851],[49.0951524,22.2789319],[49.1583238,22.3297536],[49.2173753,22.3475368],[49.2214952,22.3716675],[49.1294847,22.4046818],[49.0443407,22.3945244],[48.9358507,22.3678577],[48.9399706,22.4059514],[49.0003954,22.4668796],[49.0498338,22.4795696],[49.0968701,22.4776653],[49.1205593,22.4992359],[49.1397854,22.5173146],[49.1377255,22.4963812],[49.1380688,22.4874994],[49.1552349,22.502725],[49.1854473,22.5163631],[49.2022702,22.5458551],[49.2036435,22.5864358],[49.2163464,22.6336592],[49.1971203,22.6517203],[49.1696545,22.6662942],[49.1624444,22.6976547],[49.2063897,22.7122237],[49.2311089,22.7236244],[49.2455285,22.7768152],[49.2345422,22.8407434],[49.2393487,22.8578281],[49.2551415,22.888828],[49.273681,22.9147613],[49.2784875,22.9381603],[49.2757409,22.9628197],[49.2846673,22.9855782],[49.3004601,22.9874746],[49.3189996,22.9647164],[49.3327325,22.9470129],[49.3444054,22.9242479],[49.3579672,22.9372113],[49.3505858,22.9386341],[49.3454359,22.9430604],[49.3447493,22.9500158],[49.3497275,22.9604483],[49.3601988,22.9610805],[49.364662,22.9566548],[49.3715285,22.9545999],[49.37685,22.9577612],[49.3835448,22.9568128],[49.3866347,22.952545],[49.3866347,22.9455897],[49.3862913,22.9365789],[49.3892096,22.9307295],[49.3928145,22.9286742],[49.3991659,22.9304133],[49.4060324,22.9406892],[49.4170187,22.9443251],[49.4228552,22.9471705],[49.4238852,22.957287],[49.4238852,22.9664545],[49.4309233,22.9776759],[49.4343565,22.9879482],[49.440193,22.9937951],[49.4444845,22.9925309],[49.4405363,22.9841554],[49.4389914,22.9740409],[49.4343565,22.9667706],[49.42852,22.9594999],[49.4286917,22.952545],[49.4293783,22.9455897],[49.4352148,22.9380017],[49.4441412,22.9364208],[49.451866,22.938476],[49.4539259,22.9455897],[49.4515227,22.9533353],[49.4552992,22.9625031],[49.460449,22.9658223],[49.4645689,22.9620289],[49.4611357,22.9528611],[49.461479,22.9440089],[49.4669722,22.9389502],[49.4688605,22.9353142],[49.4637106,22.9313619],[49.4616507,22.9263027],[49.4734953,22.925196],[49.48225,22.9261446],[49.4894598,22.9286742],[49.4989012,22.926777],[49.5016478,22.9201366],[49.494438,22.9133378],[49.5035361,22.9041667],[49.5131491,22.898474],[49.5138357,22.8872461],[49.5131491,22.8769661],[49.516754,22.8722213],[49.5231054,22.8799711],[49.5282553,22.8945206],[49.5304867,22.901795],[49.5370098,22.9163421],[49.5421597,22.9321525],[49.5534893,22.947961],[49.5682522,22.9410055],[49.5668789,22.9289906],[49.5538327,22.9134961],[49.5466229,22.8907254],[49.5400998,22.8723796],[49.5579525,22.8777571],[49.5651623,22.8869299],[49.5826718,22.90306],[49.6012112,22.9144448],[49.6238705,22.9214017],[49.6365734,22.9191881],[49.6448132,22.9084363],[49.6530529,22.9122311],[49.6667859,22.9274096],[49.6746823,22.929623],[49.6770855,22.92488],[49.6726223,22.9125474],[49.661636,22.9036925],[49.6544262,22.8856648],[49.6479031,22.8549805],[49.6533963,22.847071],[49.6633526,22.8628894],[49.674339,22.9005299],[49.684982,22.9036925],[49.6925351,22.9141285],[49.7045514,22.929623],[49.716911,22.9362629],[49.7309872,22.9397408],[49.7292706,22.9324687],[49.7100445,22.9220341],[49.7121045,22.9131798],[49.7299572,22.914761],[49.7412869,22.9321525],[49.7533032,22.9318363],[49.7460934,22.9198206],[49.7430035,22.9100175],[49.7357937,22.8945208],[49.7261807,22.8764918],[49.7519299,22.8862974],[49.7684094,22.8954696],[49.7793957,22.90812],[49.792442,22.9008462],[49.8058316,22.8951533],[49.8363873,22.893572],[49.8473736,22.8995811],[49.8817059,22.9217179],[49.8834225,22.9378438],[49.8871991,22.9539678],[49.9040219,22.9606065],[49.910545,22.9741991],[49.9084851,22.9839975],[49.8968121,22.9855779],[49.8868557,22.9767278],[49.8875424,22.9874742],[49.8803326,22.991899],[49.8738095,22.9884224],[49.8641964,22.9748313],[49.8542401,22.9517548],[49.8470303,22.9492256],[49.8501202,22.9628193],[49.8710629,23.0023282],[49.8751828,23.0219203],[49.8762127,23.0307675],[49.8676297,23.0228683],[49.8607632,23.0095966],[49.8538968,22.9903188],[49.8470303,22.9912669],[49.8607632,23.0295036],[49.8751828,23.066466],[49.8861691,23.0939443],[49.8957821,23.1106812],[49.9136349,23.1182594],[49.9256512,23.1299418],[49.9369809,23.1555131],[49.9459072,23.1795015],[49.9603268,23.2138984],[49.9792096,23.2328287],[49.9840161,23.2441855],[49.9678799,23.2520717],[49.9483105,23.2362989],[49.9297711,23.20317],[49.9270245,23.1776078],[49.9153515,23.178239],[49.9060818,23.1577227],[49.8978421,23.143833],[49.8985287,23.1245743],[49.8847958,23.1103654],[49.8641964,23.0768895],[49.8583599,23.0851013],[49.8772427,23.1229956],[49.8899456,23.149831],[49.8995587,23.1662453],[49.8865124,23.1757141],[49.869003,23.1735048],[49.8508068,23.140676],[49.8435971,23.1220484],[49.8284909,23.1214169],[49.8387906,23.1400446],[49.8401635,23.1668769],[49.866256,23.2255727],[49.8635094,23.2571189],[49.84703,23.3025324],[49.835357,23.3296469],[49.8463433,23.3762962],[49.866256,23.3882711],[49.8786156,23.3472999],[49.8889153,23.3050549],[49.9012749,23.3573863],[49.922561,23.3832292],[49.8999017,23.3857502],[49.9040215,23.4103272],[49.8999017,23.4285995],[49.868316,23.4311196],[49.8793023,23.4890691],[49.8477166,23.5111084],[49.8229974,23.5035525],[49.8374169,23.5507699],[49.8154443,23.5331441],[49.8181908,23.567764],[49.8271172,23.6080376],[49.802398,23.6218788],[49.769439,23.6111834],[49.7021478,23.5702815],[49.6829217,23.555176],[49.6533959,23.5022932],[49.6410363,23.4852906],[49.6341698,23.4342697],[49.6266167,23.4191487],[49.5964043,23.4197787],[49.6128838,23.4733245],[49.6417229,23.5174047],[49.6540826,23.5526583],[49.6417229,23.5476226],[49.6266167,23.5312555],[49.6403497,23.5759456],[49.6520226,23.6162167],[49.6485894,23.6382347],[49.6410363,23.630057],[49.6314233,23.6004872],[49.6238702,23.5633584],[49.6135705,23.5356622],[49.5991509,23.513627],[49.597091,23.5463637],[49.587478,23.5683934],[49.5689385,23.5444752],[49.5668786,23.5633584],[49.5888512,23.6388637],[49.5812981,23.6753423],[49.5950311,23.6816307],[49.6039574,23.6558464],[49.6094506,23.6313151],[49.6080773,23.6061501],[49.6190636,23.5734283],[49.6224969,23.6155875],[49.6348565,23.6677959],[49.618377,23.6703114],[49.6266167,23.70741],[49.6190636,23.7168401],[49.6101373,23.7011228],[49.5915978,23.7023803],[49.5716851,23.6772289],[49.5782088,23.7033229],[49.5787237,23.7096099],[49.582157,23.7253262],[49.5953749,23.7426119],[49.5976065,23.7471687],[49.5924566,23.7504683],[49.5881651,23.7484257],[49.5847319,23.7375836],[49.5797537,23.7377407],[49.5876501,23.7693217],[49.5869635,23.7730921],[49.5758055,23.7784332],[49.5701407,23.772935],[49.5639609,23.7749772],[49.5531462,23.7716782],[49.5562361,23.7605238],[49.5629309,23.725169],[49.5619009,23.7017511],[49.5622442,23.6942061],[49.5591543,23.6894903],[49.5500563,23.6987646],[49.5488547,23.7085097],[49.5498846,23.7135392],[49.5407866,23.7163681],[49.5361517,23.7125962],[49.5315169,23.6995505],[49.5270537,23.6879183],[49.5251654,23.6951493],[49.5303152,23.7132248],[49.5357656,23.7304335],[49.5410013,23.7427689],[49.5412159,23.7444974],[49.5427608,23.7464222],[49.543662,23.7490541],[49.5435333,23.7518823],[49.540615,23.7546319],[49.536581,23.7552604],[49.5328044,23.755064],[49.5285987,23.7545926],[49.5263242,23.752825],[49.5256376,23.7511753],[49.5237064,23.7515681],[49.5239639,23.7492112],[49.5233631,23.7480328],[49.5243072,23.7461865],[49.5242214,23.7430046],[49.5227623,23.7430439],[49.5219469,23.7432992],[49.5226979,23.7418458],[49.5208096,23.741669],[49.5194363,23.7419636],[49.5192647,23.7433189],[49.5186424,23.7429261],[49.5185995,23.7420815],[49.5176768,23.7426707],[49.5171189,23.7425529],[49.5159173,23.742219],[49.5153165,23.7426511],[49.515059,23.7434564],[49.5140075,23.7435349],[49.5129347,23.7431225],[49.512999,23.7424547],[49.5121836,23.7413744],[49.5123338,23.741119],[49.5121193,23.7403333],[49.5113039,23.7404905],[49.5113683,23.7417672],[49.5108533,23.7417672],[49.5104241,23.7413154],[49.5097804,23.7412172],[49.5095229,23.7420422],[49.5084071,23.7415511],[49.5083856,23.7401959],[49.5091152,23.7387031],[49.5093512,23.737387],[49.5098448,23.7366995],[49.5101666,23.7359335],[49.5099735,23.7353638],[49.5092225,23.7357174],[49.5087075,23.7354817],[49.5081281,23.7354228],[49.5072698,23.7368174],[49.5064544,23.7376031],[49.5058751,23.7375049],[49.506197,23.736562],[49.5070767,23.7354817],[49.5085143,23.7338907],[49.5064544,23.7320835],[49.5037936,23.7332621],[49.5043086,23.7367192],[49.5058536,23.7412762],[49.5090293,23.7478757],[49.5138358,23.7525894],[49.5207023,23.7565959],[49.5240497,23.7634302],[49.5258521,23.773092],[49.5295428,23.7829101],[49.529972,23.7877011],[49.5322036,23.7920207],[49.5313453,23.7944553],[49.5290279,23.7984605],[49.5268607,23.8002667],[49.5258736,23.8018176],[49.523642,23.8022692],[49.5214319,23.8029956],[49.519608,23.8042324],[49.5184064,23.8054693],[49.5175051,23.8055478],[49.5177626,23.8049196],[49.5187926,23.8040165],[49.5200157,23.8026815],[49.5192218,23.8020336],[49.5179987,23.8022496],[49.5188141,23.8007771],[49.519608,23.7995991],[49.5194149,23.7980678],[49.5178699,23.7986371],[49.5175051,23.7970076],[49.5170545,23.7963793],[49.517312,23.7952602],[49.5169687,23.7950246],[49.5160246,23.7952405],[49.5153594,23.7952209],[49.516046,23.7944356],[49.5159817,23.7931397],[49.5146084,23.7932379],[49.5144367,23.7926293],[49.5140505,23.7914119],[49.5130634,23.79098],[49.5145654,23.7877599],[49.5134496,23.7869156],[49.5114541,23.7867193],[49.5110464,23.7832635],[49.5102095,23.7808483],[49.5117759,23.7790614],[49.5119905,23.7772353],[49.5111751,23.7757822],[49.5130205,23.773465],[49.5132351,23.7723065],[49.5129347,23.771737],[49.512012,23.7719923],[49.5114112,23.7719137],[49.5112395,23.7705587],[49.5120334,23.7698518],[49.512999,23.7690074],[49.5132994,23.7682219],[49.5126557,23.7679469],[49.5121622,23.7684183],[49.511218,23.7682808],[49.5111966,23.7670829],[49.5107031,23.7671025],[49.5099091,23.7668865],[49.5104027,23.7662188],[49.5124197,23.7644514],[49.5133853,23.7633124],[49.5133424,23.7621733],[49.5120334,23.7623304],[49.5113683,23.7616824],[49.5111751,23.7629196],[49.5102095,23.762841],[49.5094371,23.7632927],[49.5091367,23.762409],[49.508214,23.7627625],[49.5079136,23.7622322],[49.5081925,23.7605237],[49.5075702,23.7603273],[49.5062399,23.7616824],[49.5066476,23.7597185],[49.5066476,23.7575582],[49.5065188,23.7563209],[49.5051884,23.7569101],[49.505167,23.7552014],[49.5052314,23.7542784],[49.5037937,23.7542587],[49.5051455,23.7528643],[49.5061111,23.7513324],[49.5053386,23.7491327],[49.5013045,23.7503111],[49.5013045,23.7523537],[49.5029353,23.7555746],[49.5030212,23.7593454],[49.5043944,23.7637445],[49.5069694,23.7670437],[49.5069694,23.7694787],[49.5087718,23.7723851],[49.5083427,23.775684],[49.5080852,23.7804753],[49.5101451,23.7847951],[49.5093726,23.7891933],[49.5120334,23.7944553],[49.5155524,23.8008164],[49.5164966,23.8048215],[49.514265,23.8076485],[49.5131492,23.8098472],[49.5140075,23.8137341],[49.511218,23.8136556],[49.5107889,23.8153438],[49.511733,23.8178565],[49.5113897,23.8201336],[49.5096302,23.8236669],[49.5079565,23.8255906],[49.5043516,23.8265721],[49.5022916,23.8268076],[49.5020341,23.8249232],[49.5034933,23.8206833],[49.5034933,23.8186025],[49.5011758,23.8178958],[49.4981288,23.8189166],[49.4941806,23.8194269],[49.491992,23.8192306],[49.4911766,23.8180528],[49.4913482,23.8156187],[49.4902324,23.8142838],[49.4895458,23.8121244],[49.4916915,23.8105146],[49.4894599,23.809219],[49.4880867,23.8082766],[49.4903612,23.8047036],[49.4880867,23.8041147],[49.4870996,23.8026619],[49.4887733,23.8008164],[49.4876575,23.8001489],[49.4849968,23.8004237],[49.4844818,23.7992458],[49.4854688,23.7970861],[49.4845247,23.7967327],[49.483881,23.7948872],[49.4847393,23.7927274],[49.4849968,23.7912352],[49.4836664,23.7920992],[49.4840955,23.7905677],[49.4832372,23.7900965],[49.4821214,23.7899001],[49.4825506,23.7880545],[49.4813489,23.7873869],[49.4807481,23.7857768],[49.4811773,23.783774],[49.4824218,23.7817319],[49.483838,23.7789829],[49.4832372,23.7777262],[49.4781302,23.7800041],[49.4801901,23.7930417],[49.4887732,23.8183278],[49.4932364,23.8301053],[49.4952963,23.8382705],[49.4899748,23.8418818],[49.4834517,23.8458071],[49.4776152,23.844394],[49.4769285,23.8478481],[49.4803618,23.8544422],[49.4781302,23.8613499],[49.4753836,23.8648036],[49.4710921,23.8646466],[49.4719504,23.860251],[49.4717787,23.8566401],[49.4674872,23.8569541],[49.4661139,23.8538142],[49.4673155,23.845022],[49.4673155,23.8377994],[49.461994,23.8359152],[49.4602774,23.8423528],[49.4649122,23.8646466],[49.4702337,23.8837974],[49.4709204,23.8971384],[49.4693754,23.8993357],[49.4652556,23.8958829],[49.460449,23.8859948],[49.4554709,23.8787745],[49.4542692,23.8828556],[49.4582174,23.9002773],[49.4664572,23.9231888],[49.4621657,23.9302497],[49.4561575,23.9319757],[49.4534109,23.9235026],[49.450321,23.9173828],[49.4460295,23.9198935],[49.4558142,23.943586],[49.463539,23.9716661],[49.4623373,23.976999],[49.4585608,23.9746463],[49.4575308,23.9622544],[49.4516943,23.9581758],[49.4528959,23.9666466],[49.4515227,23.9773127],[49.4480894,23.9784107],[49.4475744,23.9635094],[49.4482611,23.9479788],[49.4420813,23.9407619],[49.4374464,23.9495476],[49.4395064,23.9658623],[49.4448279,23.9856254],[49.4474028,24.0246721],[49.4510077,24.0514805],[49.450836,24.0693496],[49.439163,24.0760891],[49.4322966,24.0848655],[49.4324682,24.0953651],[49.4322966,24.1049237],[49.418907,24.1111913],[49.4086073,24.1216887],[49.4051741,24.1274854],[49.4094656,24.1356317],[49.4046591,24.1434642],[49.4053457,24.1542723],[49.3998526,24.155682],[49.3974493,24.1489467],[49.3898962,24.1417411],[49.3897246,24.156935],[49.3898962,24.1830893],[49.3935011,24.207516],[49.4005392,24.2082989],[49.4153021,24.1841855],[49.4238852,24.1979651],[49.4245718,24.2147179],[49.4307516,24.2253634],[49.4338415,24.2400777],[49.4444845,24.2615201],[49.4561575,24.2709097],[49.4589041,24.2648065],[49.4633673,24.2435213],[49.4707487,24.2552599],[49.4700621,24.287027],[49.4684743,24.3349364],[49.4692039,24.343304],[49.4672298,24.354056],[49.4664144,24.3667618],[49.4668865,24.3773554],[49.467659,24.3883781],[49.4679164,24.3971721],[49.4668865,24.4097954],[49.4661569,24.4292944],[49.4660711,24.438867],[49.4652128,24.4469934],[49.4648265,24.4548848],[49.4651699,24.4609788],[49.4638818,24.4677763],[49.4690322,24.4686351],[49.468603,24.4725411],[49.4732379,24.474416],[49.4775294,24.4767595],[49.4789027,24.4802747],[49.4771861,24.4850396],[49.476242,24.4888671],[49.4786452,24.4937098],[49.4820785,24.4997238],[49.4880008,24.5080024],[49.4925498,24.5130787],[49.4966697,24.5160462],[49.5019054,24.5212002],[49.504137,24.5236991],[49.5061969,24.5269787],[49.5130633,24.5317419],[49.5150375,24.5386911],[49.517784,24.5451714],[49.5170116,24.5541497],[49.5219897,24.5593802],[49.5296287,24.5645324],[49.5335769,24.5682793],[49.5337485,24.573119],[49.5314311,24.5768657],[49.5255088,24.5792073],[49.5207881,24.5806903],[49.5192432,24.5838904],[49.5206164,24.5899782],[49.5158958,24.594817],[49.5166682,24.5972363],[49.5189857,24.6001238],[49.5188998,24.6037917],[49.5206164,24.6077715],[49.5204448,24.6115172],[49.5186423,24.6100345],[49.5175265,24.6069131],[49.5156383,24.6058987],[49.5130633,24.6090201],[49.5140933,24.6131559],[49.5196723,24.6200225],[49.5243072,24.6250162],[49.5253371,24.627591],[49.5225047,24.6342228],[49.5189857,24.6374995],[49.5170116,24.6425705],[49.5186423,24.6475633],[49.5200156,24.6524779],[49.5231914,24.6558322],[49.5260238,24.6606684],[49.5274829,24.6662845],[49.5298003,24.6701844],[49.5273112,24.6736942],[49.5250796,24.6800115],[49.5267963,24.6846129],[49.5230197,24.6906178],[49.5229339,24.6949068],[49.5263671,24.6998195],[49.5260238,24.7033285],[49.5255946,24.7074611],[49.5269679,24.7129191],[49.5232772,24.7190786],[49.5235347,24.7245361],[49.5216464,24.7289019],[49.520359,24.7318644],[49.5226764,24.736074],[49.5220756,24.7416867],[49.5226764,24.7460519],[49.5219897,24.75182],[49.5227622,24.7589128],[49.5207881,24.7658494],[49.5252513,24.7737207],[49.5239638,24.7792537],[49.5221614,24.784241],[49.5215606,24.7869684],[49.5188998,24.7918775],[49.5201873,24.797098],[49.5212173,24.806214],[49.5209598,24.8119793],[49.5197581,24.8167315],[49.5176982,24.8232754],[49.5173549,24.8300525],[49.519329,24.8328568],[49.5214748,24.8371409],[49.5194148,24.8388545],[49.5165824,24.8388545],[49.5138358,24.8422816],[49.5170116,24.8445404],[49.5164107,24.8477337],[49.5130633,24.8481231],[49.5067119,24.8432163],[49.5033645,24.842749],[49.4999312,24.8429826],[49.4938373,24.8408796],[49.4896316,24.8378419],[49.4873141,24.8379198],[49.487915,24.8425153],[49.4898032,24.8467991],[49.4941806,24.8506933],[49.5013045,24.852874],[49.5062827,24.8548211],[49.5101451,24.8576247],[49.5116042,24.8608177],[49.508171,24.8704741],[49.508171,24.8745233],[49.5085143,24.8791174],[49.5067119,24.8834778],[49.5039653,24.8827771],[49.5033645,24.8792732],[49.5007896,24.8802854],[49.5001887,24.8834778],[49.5009612,24.8885388],[49.4999312,24.8938331],[49.4978713,24.8978037],[49.4965839,24.902397],[49.4940948,24.9090141],[49.4955539,24.9142297],[49.4983005,24.918044],[49.503107,24.9220916],[49.5098876,24.9262948],[49.5148658,24.9280072],[49.5189857,24.9289412],[49.5265388,24.9319767],[49.5328044,24.931821],[49.5373534,24.9344673],[49.5392417,24.9365687],[49.5414733,24.940071],[49.5422458,24.941394],[49.5468806,24.9448962],[49.5498847,24.9486316],[49.5495414,24.951511],[49.5463657,24.949799],[49.5437907,24.949799],[49.5423316,24.9519001],[49.5414733,24.9561023],[49.5376109,24.9580477],[49.5402717,24.9613937],[49.5438766,24.9654399],[49.5431899,24.9693304],[49.5425033,24.9755549],[49.5392417,24.9760996],[49.5429324,24.9804565],[49.5440482,24.9863693],[49.5415591,24.9848911],[49.5403575,24.9856691],[49.5410441,24.9906481],[49.5454215,24.9989719],[49.5455073,25.0014611],[49.5440482,25.0051949],[49.5408725,25.0035614],[49.5391559,25.0058172],[49.5398425,25.0095508],[49.5403575,25.0128176],[49.5394992,25.0140621],[49.536066,25.0107953],[49.5349502,25.0135955],[49.5381259,25.0174844],[49.5401858,25.0202844],[49.5422458,25.0233954],[49.53907,25.0304726],[49.5410441,25.0361497],[49.5418166,25.0424486],[49.5483398,25.0458701],[49.5484256,25.0478141],[49.5455932,25.0545011],[49.5405292,25.0566782],[49.5370959,25.0596328],[49.5392417,25.0642978],[49.5405292,25.0684184],[49.5440482,25.0715282],[49.5486831,25.077592],[49.5508288,25.0857544],[49.5535754,25.096015],[49.5523738,25.1032435],[49.5483398,25.1120259],[49.5443057,25.1194866],[49.5427608,25.1236054],[49.5386409,25.1268692],[49.5312595,25.1305991],[49.5253371,25.1344844],[49.5200156,25.139535],[49.5192432,25.1430315],[49.5162391,25.1455955],[49.5135783,25.1475379],[49.5098018,25.1485479],[49.5090293,25.1531318],[49.5086001,25.1553849],[49.5057677,25.1560064],[49.5032786,25.1585701],[49.5030856,25.1603569],[49.5037079,25.1619106],[49.5049953,25.1637556],[49.5070123,25.1655035],[49.5087075,25.167465],[49.5083642,25.168941],[49.5088577,25.1709607],[49.5079779,25.1716016],[49.5070982,25.1709801],[49.5058536,25.1721259],[49.5058322,25.174398],[49.5043516,25.17634],[49.5021844,25.1780294],[49.5027637,25.1802238],[49.5034718,25.182321],[49.502356,25.1863599],[49.5018196,25.1880881],[49.5008111,25.1911948],[49.5020342,25.192787],[49.5037722,25.1946898],[49.5048022,25.1963402],[49.5049739,25.1984371],[49.5060468,25.2017765],[49.5058751,25.2039122],[49.5034718,25.2056983],[49.5005107,25.2086493],[49.4996524,25.2102995],[49.4999957,25.2116585],[49.5007896,25.2135416],[49.5007467,25.2158129],[49.5004678,25.2172301],[49.5008111,25.2186472],[49.5017767,25.220899],[49.5034504,25.2222578],[49.5035147,25.2244514],[49.5026564,25.2264896],[49.5027208,25.2286442],[49.5033431,25.2290712],[49.5054674,25.2298477],[49.507699,25.2311288],[49.5093941,25.2319246],[49.5114112,25.234118],[49.5129561,25.2363889],[49.5126986,25.2372623],[49.5100379,25.2407754],[49.5099091,25.2425416],[49.5108104,25.2444048],[49.5105314,25.2467144],[49.5104027,25.2483835],[49.5114326,25.250596],[49.5125055,25.2524785],[49.5149946,25.2546326],[49.517076,25.2559329],[49.5189857,25.2575436],[49.5237493,25.2617935],[49.5267105,25.2617547],[49.5300364,25.2633654],[49.5326757,25.2660433],[49.5333195,25.2688764],[49.5320105,25.2731647],[49.5308947,25.2747364],[49.5282269,25.2764717],[49.5301808,25.2818999],[49.5367739,25.2819408],[49.5624376,25.2829438],[49.5596281,25.2922163],[49.5649695,25.2933429],[49.5841192,25.2974654],[49.5857722,25.2899926],[49.5862406,25.289191],[49.5876896,25.2887432],[49.5903761,25.2885633],[49.5931348,25.2888655],[49.5948987,25.2891677],[49.594743,25.2882583],[49.5939266,25.2870325],[49.5938916,25.2857723],[49.5936755,25.283001],[49.5990228,25.2824781],[49.6034431,25.2805379],[49.6055245,25.2803051],[49.6082282,25.2796842],[49.6106529,25.2792573],[49.6155882,25.2762304],[49.6176696,25.2736692],[49.618957,25.2694973],[49.6204591,25.2645491],[49.62224,25.2615412],[49.6262097,25.259426],[49.6297931,25.2570196],[49.6344065,25.2515275],[49.6391487,25.2457246],[49.6422171,25.242134],[49.648118,25.2376699],[49.6498561,25.2360978],[49.6515512,25.2345062],[49.6543193,25.2311288],[49.6551561,25.2262955],[49.6548128,25.2245096],[49.6557998,25.2233449],[49.6568727,25.2221802],[49.6570873,25.2190354],[49.6573448,25.2174242],[49.6581173,25.2157935],[49.6591472,25.2142987],[49.6613145,25.2133669],[49.6622586,25.2132116],[49.6647692,25.2126874],[49.6660352,25.2130174],[49.6674943,25.2141046],[49.6689105,25.2148229],[49.6694898,25.2163177],[49.6711635,25.2179483],[49.6721077,25.2195401],[49.6726656,25.2213455],[49.6738028,25.223209],[49.674983,25.2240826],[49.6767425,25.2246843],[49.6774506,25.2244514],[49.6786523,25.224432],[49.6796393,25.2242573],[49.6814418,25.224199],[49.6831369,25.2239273],[49.6842527,25.2242184],[49.6854543,25.2236943],[49.6861625,25.2226655],[49.6864199,25.2207049],[49.6872139,25.2191713],[49.6889949,25.2176183],[49.6898746,25.2167447],[49.6969342,25.2131145],[49.6988225,25.2117555],[49.7009682,25.2097559],[49.7037148,25.2058731],[49.7041654,25.2043976],[49.7060108,25.2041452],[49.7081351,25.2028055],[49.7095728,25.2015436],[49.7114825,25.1964567],[49.7121048,25.194185],[49.7107529,25.1921268],[49.7096586,25.1917579],[49.709723,25.1891172],[49.7088218,25.1879327],[49.7097873,25.1855832],[49.708929,25.1846123],[49.7086501,25.1842822],[49.7097873,25.1815442],[49.7100663,25.1798742],[49.7109246,25.178612],[49.7105598,25.1772138],[49.7106242,25.1756991],[49.711976,25.1738543],[49.7124481,25.1710578],[49.7128343,25.1667853],[49.7121262,25.1642994],[49.7109246,25.1636197],[49.7079634,25.1621825],[49.7063327,25.159716],[49.7063756,25.1572882],[49.7066331,25.1548992],[49.7065687,25.1537533],[49.7054314,25.1538892],[49.7038865,25.1554236],[49.7029209,25.157599],[49.7024917,25.1598908],[49.7015691,25.1620271],[49.699831,25.1622602],[49.6989727,25.1614833],[49.6996164,25.1596965],[49.6997881,25.1582205],[49.6974277,25.1568221],[49.6963978,25.1557732],[49.6954965,25.1532677],[49.6956897,25.151811],[49.6936512,25.1522383],[49.6934366,25.1542195],[49.6921062,25.156589],[49.6895742,25.1561229],[49.6880722,25.1531706],[49.6873426,25.149791],[49.6887588,25.1438473],[49.6909046,25.1372428],[49.6912479,25.1337073],[49.6933937,25.1320366],[49.6949386,25.1332022],[49.6954965,25.1365434],[49.694252,25.1396515],[49.6933078,25.1425264],[49.6928358,25.145207],[49.6906471,25.1450904],[49.6897888,25.1458285],[49.6911621,25.1477709],[49.6897459,25.1499075],[49.6900034,25.1512283],[49.6922779,25.1511895],[49.695239,25.1480817],[49.6958828,25.1450127],[49.6969127,25.1416328],[49.6979427,25.1403897],[49.7007751,25.1416328],[49.7015905,25.1437696],[49.7014617,25.1466832],[49.7019767,25.1484702],[49.7044658,25.1481205],[49.7062254,25.14443],[49.7066116,25.1400012],[49.706912,25.1359995],[49.7081565,25.1309099],[49.7117614,25.1266748],[49.7123193,25.1241881],[49.7105598,25.12209],[49.7072982,25.1214683],[49.706912,25.1197974],[49.7054529,25.1187095],[49.70541,25.1128031],[49.7054958,25.1093835],[49.7065258,25.1059249],[49.7069978,25.1037487],[49.7081136,25.102816],[49.7113752,25.1039041],[49.7134351,25.1068187],[49.713006,25.1088783],[49.7112464,25.1108601],[49.7106456,25.1129196],[49.7090148,25.1164557],[49.7097015,25.1189815],[49.712491,25.1218957],[49.7140359,25.1244213],[49.7143793,25.1274908],[49.7155809,25.1291226],[49.7172117,25.1290449],[49.719057,25.1265583],[49.7207737,25.1240716],[49.7221899,25.1214294],[49.723649,25.115018],[49.7264385,25.1117539],[49.7263526,25.1076737],[49.7281551,25.1032435],[49.7304725,25.1006786],[49.7316741,25.1026994],[49.7321033,25.1073628],[49.7315024,25.1126477],[49.7297,25.1190981],[49.7282409,25.1237608],[49.7262668,25.129822],[49.725151,25.1344844],[49.7262668,25.1409336],[49.7313308,25.1460617],[49.7366523,25.1498687],[49.7356223,25.1555402],[49.7329616,25.1622991],[49.7304725,25.1687469],[49.7272109,25.1751166],[49.7260093,25.1797772],[49.7260951,25.1841269],[49.725666,25.1870784],[49.7272967,25.1894085],[49.7314166,25.1879328],[49.7341632,25.1828841],[49.7353648,25.1800879],[49.7397422,25.1739514],[49.7419738,25.1723202],[49.7442054,25.1736407],[49.7448062,25.178146],[49.7451495,25.1821851],[49.7460937,25.1863794],[49.749956,25.1766702],[49.7543334,25.1642412],[49.7496986,25.1598908],[49.7507285,25.151578],[49.7529601,25.1415552],[49.7534751,25.1347952],[49.7522735,25.1312208],[49.749956,25.1296666],[49.7466945,25.1271023],[49.7470378,25.1237608],[49.7435187,25.1185541],[49.740343,25.1159118],[49.7409438,25.1089172],[49.7410297,25.1054197],[49.7443771,25.1071296],[49.7484111,25.107285],[49.7514152,25.1070519],[49.7508144,25.1034767],[49.7473811,25.1011449],[49.746437,25.0957818],[49.7455787,25.0891747],[49.7470378,25.0816344],[49.7455787,25.0772811],[49.7438621,25.073394],[49.7483253,25.065775],[49.7489261,25.0618876],[49.7452354,25.057067],[49.7416305,25.0517797],[49.7392272,25.0463366],[49.7349357,25.0429152],[49.7306441,25.0411266],[49.7294425,25.0386382],[49.7296142,25.0345944],[49.7309016,25.0323391],[49.7331332,25.0316392],[49.7359656,25.0293839],[49.7399997,25.027284],[49.7442912,25.0259619],[49.7461795,25.023862],[49.749956,25.01624],[49.7568225,25.0113398],[49.7598266,25.002239],[49.7610282,24.9950045],[49.7623157,24.9835685],[49.767723,24.9661402],[49.7693538,24.9619384],[49.7736453,24.9592149],[49.7760486,24.954935],[49.7833442,24.949332],[49.7884082,24.944974],[49.789524,24.9364131],[49.7949313,24.9334555],[49.8018836,24.9330664],[49.8094367,24.9307314],[49.8151874,24.9259057],[49.8161315,24.9238819],[49.8181914,24.9168764],[49.8199081,24.9118944],[49.8192214,24.907535],[49.8201655,24.9009957],[49.8213672,24.8955459],[49.8251437,24.8892395],[49.8264312,24.8846458],[49.8297786,24.8818427],[49.8320102,24.8798961],[49.8406791,24.8772487],[49.842739,24.8682158],[49.8446273,24.8594938],[49.8445415,24.8568459],[49.8450564,24.8529519],[49.8532962,24.8459423],[49.8539828,24.8425932],[49.8576307,24.8373745],[49.8600766,24.8524848],[49.8583599,24.873667],[49.8394772,24.9141521],[49.8329541,24.9403047],[49.8260876,24.9636505],[49.8144146,24.9885478],[49.7848889,25.003795],[49.791412,25.0308617],[49.8202511,25.0576115],[49.8192212,25.0837336],[49.8175045,25.0977252],[49.8058316,25.121352],[49.8006817,25.1334744],[49.7835156,25.112337],[49.7763058,25.1207303],[49.7574231,25.150879],[49.755535,25.1622215],[49.7510718,25.180088],[49.7486683,25.1909621],[49.7438836,25.2189707],[49.7663467,25.2703053],[49.78047,25.2851094],[49.7934719,25.2980963],[49.7831635,25.3080046],[49.7831681,25.3203819],[49.7836825,25.3379725],[49.7838286,25.3516486],[49.7840013,25.3685377],[49.7840651,25.377411],[49.7841251,25.385255],[49.7860539,25.3911031],[49.7861144,25.3935652],[49.778245,25.392116],[49.7745571,25.3919713],[49.7714993,25.4007941],[49.7666584,25.4079225],[49.7665694,25.4100016],[49.7654243,25.4131125],[49.7647511,25.4164693],[49.7642588,25.4184],[49.7613476,25.4254781],[49.7598728,25.4338158],[49.7550795,25.4337875],[49.7533045,25.4342164],[49.7450225,25.4626085],[49.7368237,25.4879101],[49.7349716,25.4960076],[49.7325343,25.5008291],[49.7301277,25.5054019],[49.7243461,25.502556],[49.727006,25.4618352],[49.7278174,25.459985],[49.7302623,25.4513347],[49.7302458,25.4488439],[49.7330761,25.4402391],[49.7392315,25.4299171],[49.7376473,25.429047],[49.7350202,25.4273393],[49.7312401,25.4263902],[49.7283659,25.4257833],[49.7255906,25.4257714],[49.723787,25.4275358],[49.7238567,25.4297215],[49.7212379,25.4315404],[49.7197987,25.4315829],[49.7174592,25.4314028],[49.7145602,25.4310728],[49.7135884,25.4330709],[49.7123659,25.4326619],[49.7113643,25.4319424],[49.7070765,25.431754],[49.7045008,25.4315729],[49.701925,25.4311035],[49.6982572,25.4301195],[49.6920152,25.4280154],[49.6870851,25.435037],[49.6818065,25.4373603],[49.6748402,25.4512227],[49.671753,25.463815],[49.6739956,25.5009256],[49.6719887,25.5437138],[49.6624855,25.5454039],[49.6427533,25.5687692],[49.6461865,25.5957101],[49.6533963,25.6235736],[49.6695324,25.6421457],[49.695625,25.6591676],[49.7376822,25.6794357],[49.7517584,25.6789716],[49.763603,25.6812922],[49.7860907,25.6857785],[49.8032568,25.6854691],[49.8219679,25.6840768],[49.8324393,25.6871708],[49.8504637,25.6939773],[49.8641966,25.6973804],[49.885311,25.7007834],[49.9326895,25.7198074],[49.9417876,25.7223591],[49.9939727,25.7433897],[49.9949168,25.7463276],[50.0045299,25.7659627],[50.0111386,25.766504],[50.030708,25.7485698],[50.0276181,25.7652672],[50.0358578,25.7742334],[50.0437542,25.7600109],[50.0506207,25.7581556],[50.061607,25.7680499],[50.07431,25.7643396],[50.0914761,25.7380553],[50.1048657,25.7120746],[50.116882,25.7219727],[50.1282116,25.7284679],[50.1536175,25.6910383],[50.274765671321724,25.54459996638129],[50.2752107,25.5517209],[50.2767536,25.554498],[50.2765966,25.5545222],[50.2764003,25.5545578],[50.2761891,25.5545995],[50.2760701,25.5546203],[50.2759987,25.5546501],[50.2759482,25.5546887],[50.2758203,25.5547482],[50.2757162,25.5547839],[50.2755585,25.5548404],[50.2754247,25.5548761],[50.2753057,25.5549326],[50.2752432,25.5549683],[50.2751778,25.5549921],[50.2750945,25.5550129],[50.2748506,25.5550813],[50.2745056,25.5551765],[50.2741874,25.5552538],[50.2739583,25.5553133],[50.273762,25.5553579],[50.2736163,25.5554115],[50.27353,25.5554561],[50.2733694,25.5555126],[50.2733159,25.5555602],[50.2732504,25.5555929],[50.2731701,25.5556197],[50.2730363,25.5556702],[50.2728578,25.5557892],[50.2726288,25.5559558],[50.2725039,25.5560658],[50.2724295,25.5561253],[50.2723938,25.5561937],[50.2723403,25.5562324],[50.2722392,25.5563216],[50.2721708,25.5563603],[50.2720786,25.5564436],[50.2720369,25.556506],[50.272022,25.5565834],[50.2720042,25.5566637],[50.2719566,25.5567232],[50.2718763,25.5567856],[50.2717008,25.5569224],[50.2716027,25.5570206],[50.2715343,25.5570682],[50.2714629,25.5571217],[50.2714331,25.5571455],[50.2713855,25.5571872],[50.2713528,25.5572288],[50.2713112,25.5572972],[50.2712993,25.5573567],[50.2712666,25.5574162],[50.2711654,25.5574816],[50.2710792,25.5575738],[50.270981,25.557666],[50.2708621,25.5578207],[50.2707133,25.5580081],[50.2705825,25.5581598],[50.2705557,25.5582222],[50.2705349,25.5583144],[50.2705379,25.5584156],[50.2705438,25.5584959],[50.2705408,25.5585375],[50.2704754,25.5586832],[50.2704219,25.5587963],[50.2703207,25.558948],[50.2702493,25.5590253],[50.2702226,25.5590669],[50.2701928,25.5591115],[50.2701899,25.5591591],[50.270178,25.5592275],[50.2701393,25.559293],[50.2700679,25.5594863],[50.2699995,25.5597153],[50.269937,25.559864],[50.2698597,25.5600366],[50.2697705,25.5601853],[50.2696753,25.5603578],[50.2696218,25.5604678],[50.2695563,25.5605511],[50.2694433,25.560676],[50.2693719,25.5607653],[50.2693333,25.5608485],[50.2693065,25.5608902],[50.2692678,25.5609735],[50.269247,25.5610211],[50.2692202,25.5610776],[50.2691935,25.5611341],[50.2691756,25.5611965],[50.2691578,25.5612382],[50.269131,25.5612887],[50.2691251,25.5613304],[50.2691191,25.561372],[50.2691191,25.5614047],[50.2691191,25.5614523],[50.2690983,25.5614999],[50.2690804,25.5615416],[50.2690626,25.561604],[50.2690507,25.5616397],[50.269021,25.5616665],[50.2689912,25.5617081],[50.2689674,25.5617736],[50.2689436,25.5618182],[50.2688395,25.5619134],[50.2687235,25.5620383],[50.2685837,25.562184],[50.2684856,25.5623],[50.268441,25.5623684],[50.2684201,25.562422],[50.2683844,25.5624904],[50.2683755,25.5625856],[50.2683696,25.5626718],[50.2683934,25.5627729],[50.2684023,25.5628384],[50.2684201,25.5629068],[50.2684201,25.5629663],[50.2683696,25.5630377],[50.268325,25.5630823],[50.2682833,25.5631269],[50.2682328,25.5631626],[50.2681762,25.563234],[50.2681524,25.5632934],[50.2681406,25.5633321],[50.2681346,25.5633559],[50.2681019,25.5634094],[50.2680305,25.5634838],[50.2679859,25.563573],[50.2679115,25.5636742],[50.2678045,25.5637961],[50.2677093,25.5638824],[50.2676319,25.5639805],[50.2675695,25.5641114],[50.2675278,25.5642423],[50.2674594,25.5644564],[50.2674327,25.5645218],[50.267394,25.5646021],[50.2673583,25.5646973],[50.267278,25.5648371],[50.2671471,25.5650483],[50.2670728,25.5652446],[50.2670311,25.5653309],[50.2670133,25.5654141],[50.2669746,25.5654677],[50.2669449,25.5655123],[50.2668973,25.5655688],[50.2668705,25.5656015],[50.26682,25.5656729],[50.2667307,25.5657949],[50.2665761,25.5659733],[50.2664184,25.5661518],[50.2662935,25.5662648],[50.2661894,25.5663808],[50.266008,25.5665355],[50.2657789,25.5667228],[50.2655231,25.5669132],[50.2653893,25.5670143],[50.2653328,25.5670768],[50.2653179,25.5671125],[50.265312,25.5671749],[50.2653001,25.5672166],[50.2652852,25.5672642],[50.2652168,25.5673177],[50.2651573,25.567401],[50.2651097,25.5674456],[50.2650443,25.5675319],[50.2649878,25.567627],[50.2649194,25.5677044],[50.2648272,25.5678025],[50.2646725,25.5679483],[50.2643751,25.5681892],[50.2641371,25.5684123],[50.2638694,25.5686413],[50.2636047,25.5688644],[50.2632746,25.5691261],[50.2630991,25.5692629],[50.2629295,25.5693938],[50.2627778,25.5694979],[50.2625934,25.5696258],[50.2625399,25.5696882],[50.2624983,25.5697358],[50.2624031,25.569831],[50.2623644,25.5699083],[50.262293,25.5699916],[50.2621622,25.5701255],[50.2620045,25.5702623],[50.2618171,25.5704199],[50.2616506,25.570533],[50.261484,25.5706609],[50.2613412,25.5707858],[50.2612461,25.5709107],[50.2611747,25.570988],[50.2610646,25.5711248],[50.2609427,25.5712914],[50.2608535,25.5714104],[50.2607345,25.5715383],[50.2606096,25.5716662],[50.2604698,25.5718268],[50.2603151,25.5720707],[50.2601813,25.5722491],[50.2601337,25.5723562],[50.2600801,25.5724454],[50.2600325,25.5725495],[50.2599879,25.5726626],[50.2598898,25.5728529],[50.2598303,25.5729808],[50.2597767,25.5731385],[50.2597321,25.5732664],[50.2596964,25.5733407],[50.2596548,25.5734121],[50.2596221,25.5734924],[50.2596132,25.5735816],[50.2595953,25.57365],[50.2595745,25.5737125],[50.2595566,25.5737839],[50.2595507,25.573888],[50.2595507,25.5739743],[50.2595418,25.5740308],[50.2595031,25.5741557],[50.2594823,25.5742568],[50.2594198,25.5743698],[50.2593187,25.5746078],[50.2592503,25.5747773],[50.2591849,25.5749201],[50.2591045,25.5751313],[50.2590451,25.5752978],[50.2590064,25.575399],[50.2589677,25.5755477],[50.2589082,25.5757142],[50.2588458,25.575851],[50.2587833,25.5759968],[50.2587536,25.5761039],[50.2587328,25.5763091],[50.2587506,25.5764578],[50.2587625,25.5765768],[50.2587744,25.5767196],[50.2587982,25.5768445],[50.2588101,25.576904],[50.258816,25.5769605],[50.2588012,25.5770229],[50.2587685,25.5771151],[50.2587268,25.5772341],[50.2586941,25.5773293],[50.2586733,25.5773947],[50.2586673,25.5774453],[50.2586495,25.5774899],[50.2586197,25.5775434],[50.25859,25.5776089],[50.2585692,25.5776773],[50.2585543,25.5777427],[50.2585365,25.5777903],[50.2584948,25.5778409],[50.258471,25.5778766],[50.2584442,25.5779628],[50.2584145,25.5780491],[50.2583639,25.5781324],[50.2582926,25.578284],[50.2582539,25.5783733],[50.2582241,25.5785041],[50.2582212,25.5786439],[50.2582182,25.5787808],[50.2581974,25.5788462],[50.2581319,25.5789533],[50.2580933,25.5790425],[50.2580695,25.5791347],[50.2580933,25.579221],[50.2581349,25.5792477],[50.2581438,25.5793132],[50.25812,25.5793905],[50.2580427,25.5795005],[50.2580278,25.5795422],[50.2580278,25.5795779],[50.2580278,25.5796165],[50.2580278,25.5796552],[50.2580249,25.5796879],[50.2579981,25.5797385],[50.2579535,25.5798366],[50.2578107,25.5801311],[50.2576709,25.5804672],[50.2575936,25.5806546],[50.257549,25.5808271],[50.2575073,25.5810056],[50.2574925,25.581181],[50.2574806,25.5813119],[50.2574895,25.5813922],[50.2574984,25.5814577],[50.2574925,25.5815201],[50.2574806,25.5815945],[50.2574508,25.5816599],[50.2574181,25.5817164],[50.2573824,25.5817878],[50.2573646,25.5818443],[50.2573467,25.5818979],[50.2573051,25.5819901],[50.2572575,25.5821418],[50.2572159,25.5823113],[50.2571921,25.5823886],[50.2571653,25.5824927],[50.2571355,25.5825582],[50.2570939,25.5826087],[50.2570761,25.5826831],[50.2570671,25.5827634],[50.2570612,25.5828229],[50.2570195,25.5829091],[50.2569541,25.5830787],[50.2569214,25.58315],[50.2568768,25.583266],[50.2568798,25.5833761],[50.2568857,25.5834445],[50.2569125,25.5835099],[50.2569392,25.5835694],[50.256966,25.5836408],[50.2569809,25.5836973],[50.2569898,25.5837598],[50.2570136,25.5838222],[50.2570255,25.5838847],[50.2570047,25.5839769],[50.256969,25.5841732],[50.256969,25.5842387],[50.2569839,25.5843011],[50.2569809,25.5843487],[50.256972,25.5844171],[50.2569214,25.5845926],[50.2568857,25.5847621],[50.256856,25.5849019],[50.2568381,25.5849822],[50.2568441,25.5850239],[50.256856,25.5850655],[50.2568768,25.5851101],[50.2568857,25.5851934],[50.2568679,25.5853213],[50.2568649,25.5854224],[50.2568411,25.5855622],[50.256847,25.5856693],[50.256853,25.5857972],[50.256853,25.5859043],[50.2568411,25.5859876],[50.2568203,25.5860589],[50.2567965,25.5861422],[50.2567905,25.5862612],[50.2567786,25.5863445],[50.2567459,25.5864783],[50.2566983,25.5866776],[50.2566686,25.5869215],[50.2566626,25.5870613],[50.2566715,25.5871178],[50.2566924,25.5871594],[50.2566864,25.5871862],[50.2566745,25.5872606],[50.2566745,25.5873201],[50.2566775,25.5873885],[50.2566924,25.587442],[50.2566924,25.5875193],[50.2566924,25.5875907],[50.2566715,25.587677],[50.2566715,25.5877365],[50.2566686,25.5878346],[50.2566686,25.5879982],[50.2566537,25.5881023],[50.2566031,25.5882361],[50.2564961,25.5884473],[50.2563563,25.5886555],[50.2562195,25.5889143],[50.2561183,25.5891136],[50.2559964,25.5893634],[50.2558387,25.589646],[50.2557317,25.5898155],[50.2556454,25.5899404],[50.2556186,25.5900326],[50.255571,25.5901189],[50.2555324,25.5901665],[50.2553985,25.5902587],[50.2551903,25.5904461],[50.2548751,25.5907257],[50.2545955,25.5910052],[50.2543337,25.5913027],[50.254188,25.5914633],[50.2540482,25.5915942],[50.2539173,25.5917221],[50.2537359,25.5918618],[50.253605,25.5919511],[50.2534444,25.592079],[50.2532659,25.5922247],[50.2531499,25.5923258],[50.2530429,25.5924091],[50.2529328,25.5924775],[50.2527841,25.5925519],[50.2526265,25.5926144],[50.2524064,25.5927125],[50.2522011,25.5928077],[50.2520881,25.5928731],[50.2519394,25.5929267],[50.2517342,25.5929861],[50.2515676,25.5930397],[50.2514843,25.5930635],[50.2513594,25.5930546],[50.2512523,25.5930367],[50.2511363,25.5930248],[50.2510441,25.592998],[50.2508686,25.5929564],[50.2506307,25.5929445],[50.250247,25.5929148],[50.2500448,25.5929118],[50.2498157,25.5929296],[50.2495718,25.5929772],[50.2493488,25.5930516],[50.2491049,25.5931706],[50.2489532,25.5932568],[50.2487926,25.593346],[50.248629,25.5934472],[50.24851,25.5935364],[50.2484773,25.5935751],[50.2484356,25.5936405],[50.2484148,25.5937059],[50.2484178,25.5937476],[50.2483999,25.5937892],[50.2483375,25.5938279],[50.2482423,25.5938963],[50.2481531,25.5939558],[50.2480906,25.594045],[50.2480192,25.5941253],[50.2479776,25.594167],[50.2479122,25.5942562],[50.2478735,25.5943157],[50.2478556,25.5944049],[50.2478437,25.5944644],[50.2478348,25.5945179],[50.2478051,25.5945655],[50.2477634,25.5946072],[50.247704,25.5946488],[50.2476445,25.5946815],[50.2475136,25.594744],[50.2473946,25.5947559],[50.2472221,25.5947856],[50.2470942,25.5948154],[50.2467462,25.5949105],[50.24666,25.5949343],[50.2465916,25.594976],[50.2465321,25.5950117],[50.2464577,25.5950474],[50.2463685,25.5950741],[50.2462495,25.5950979],[50.2460681,25.5951455],[50.2458688,25.5951871],[50.2456933,25.5951931],[50.2456011,25.5952109],[50.2455208,25.5952407],[50.2454435,25.5952734],[50.2454048,25.5952883],[50.2453661,25.595321],[50.2453304,25.5953567],[50.2452948,25.5953983],[50.2452353,25.5954548],[50.2451966,25.5954846],[50.245146,25.5955173],[50.2451014,25.5955768],[50.2450598,25.5956511],[50.2449914,25.5957017],[50.24492,25.5957463],[50.2448546,25.5957761],[50.2447713,25.5958177],[50.2446582,25.5958564],[50.2445274,25.5959188],[50.24434,25.596011],[50.2440604,25.5961449],[50.2438998,25.5962311],[50.2438403,25.5963055],[50.2438076,25.5963917],[50.2437778,25.5964572],[50.2437243,25.5965286],[50.2436202,25.5966297],[50.2435488,25.5966862],[50.2434626,25.5967487],[50.2433406,25.5968022],[50.2432573,25.5968349],[50.2431205,25.5968944],[50.242829,25.5969836],[50.2426357,25.5970402],[50.2424186,25.5971234],[50.242252,25.5971889],[50.2420557,25.597287],[50.2418535,25.5974209],[50.241669,25.597525],[50.2414965,25.5976231],[50.2412645,25.5977361],[50.2410296,25.5978462],[50.2407976,25.5979533],[50.2404972,25.5980871],[50.2402295,25.5982031],[50.2399767,25.598331],[50.2396614,25.5985214],[50.2394026,25.5986701],[50.2392807,25.5987236],[50.2390368,25.5988753],[50.2389208,25.5989348],[50.238778,25.5990002],[50.2385579,25.5991014],[50.2383675,25.5991906],[50.2381653,25.5992858],[50.2380523,25.5993363],[50.2379392,25.5993928],[50.2378738,25.5994345],[50.2377846,25.599488],[50.2376894,25.5995535],[50.2376091,25.5995981],[50.2375228,25.5996486],[50.2374187,25.5997141],[50.2373503,25.5997646],[50.2372432,25.5998628],[50.2371094,25.599958],[50.2369994,25.6000293],[50.2368923,25.6000769],[50.2366752,25.6001691],[50.2364699,25.6002613],[50.2362855,25.6003536],[50.2361338,25.6004339],[50.2360119,25.6005023],[50.2358899,25.6005974],[50.2357858,25.6006956],[50.2356936,25.6008354],[50.2356371,25.6009246],[50.2356074,25.6009722],[50.2355687,25.6010257],[50.2355449,25.6010733],[50.2355449,25.6011239],[50.2355419,25.6011923],[50.2355419,25.601228],[50.2354884,25.6012756],[50.2354081,25.6013172],[50.2352624,25.6013856],[50.2350779,25.6014719],[50.2348846,25.6015433],[50.2346883,25.6016028],[50.2345545,25.6016474],[50.2344147,25.6016801],[50.2343016,25.6017188],[50.2341618,25.6017812],[50.2339655,25.6018734],[50.2338436,25.6019359],[50.2336949,25.6019865],[50.23357,25.602034],[50.2334391,25.6020816],[50.2332993,25.602156],[50.2331952,25.6022185],[50.2331179,25.6022928],[50.2330048,25.602382],[50.2328412,25.602501],[50.2326598,25.60262],[50.2324695,25.6027271],[50.2323386,25.6028163],[50.2322137,25.6029174],[50.2321036,25.6030096],[50.2320144,25.603084],[50.2318389,25.603197],[50.2316188,25.6033517],[50.2313303,25.6035599],[50.2311399,25.6037145],[50.2310239,25.6038365],[50.2309139,25.6039703],[50.2308128,25.6040982],[50.2307384,25.6041934],[50.2306611,25.6042975],[50.2306105,25.6043867],[50.2305659,25.6044611],[50.2305213,25.6045414],[50.2304975,25.6046009],[50.2304648,25.604699],[50.2304618,25.6047674],[50.2304529,25.6048121],[50.230438,25.6048507],[50.2304112,25.6048924],[50.2303488,25.6049638],[50.2302863,25.6050232],[50.2301792,25.6050946],[50.2301525,25.6051392],[50.2301078,25.6052285],[50.2300781,25.605288],[50.2300632,25.6053326],[50.2300692,25.6053802],[50.2300454,25.6054248],[50.2299562,25.605517],[50.2298699,25.6055913],[50.2297658,25.6057014],[50.2297301,25.6057609],[50.2296855,25.6058263],[50.2296438,25.6058917],[50.2295844,25.6059453],[50.2294713,25.6060286],[50.229394,25.606094],[50.2293315,25.6061327],[50.2292988,25.6061684],[50.2292572,25.6062278],[50.2292185,25.6062992],[50.2291917,25.6063706],[50.2291442,25.6064509],[50.2291233,25.6065253],[50.2290847,25.6065877],[50.2290579,25.6066294],[50.2289954,25.6067127],[50.2289538,25.6067662],[50.228933,25.6068287],[50.2289092,25.606909],[50.2288021,25.6070369],[50.2287367,25.6071142],[50.2286921,25.6071856],[50.2286474,25.6072748],[50.2286058,25.607364],[50.2285404,25.6074533],[50.2284868,25.6075336],[50.22835,25.6077477],[50.2282489,25.6078875],[50.2281894,25.607947],[50.2281537,25.6080184],[50.2281269,25.6080898],[50.2280794,25.6081671],[50.2280258,25.6082444],[50.2279277,25.6083307],[50.2278979,25.6083664],[50.2278593,25.6084526],[50.2278236,25.6085359],[50.2277611,25.6086638],[50.22766,25.6088036],[50.2275767,25.6089345],[50.2273982,25.6091367],[50.2273031,25.609223],[50.2272614,25.6093033],[50.2272495,25.6093747],[50.2272287,25.6094312],[50.2271752,25.6095056],[50.2270621,25.6096216],[50.2269045,25.6098238],[50.2267736,25.610032],[50.2266874,25.6101331],[50.2265476,25.6103086],[50.2264911,25.6104157],[50.2264613,25.6104871],[50.2264256,25.6105614],[50.2263513,25.6106507],[50.2263185,25.6107221],[50.226271,25.6108083],[50.2262204,25.6108797],[50.2261669,25.6109422],[50.2261163,25.6110076],[50.2260509,25.6110998],[50.2259943,25.6112039],[50.2259438,25.6112872],[50.2258902,25.6113972],[50.2258635,25.6114775],[50.2258516,25.6115489],[50.2258189,25.6116173],[50.2258159,25.6117066],[50.2258129,25.6117512],[50.2257951,25.6118017],[50.2257802,25.6118612],[50.2257772,25.6119713],[50.2257415,25.6120456],[50.2256791,25.6121289],[50.2256136,25.6122271],[50.2255601,25.6122955],[50.2254679,25.6123877],[50.2253816,25.6124382],[50.2252686,25.6125126],[50.2250961,25.6125959],[50.2247243,25.6127803],[50.2245131,25.6128993],[50.2243555,25.6130509],[50.2242335,25.6131848],[50.2241265,25.6133484],[50.2240194,25.6134971],[50.2239778,25.6135625],[50.2239778,25.613622],[50.2239956,25.6136726],[50.2240462,25.6137321],[50.2240789,25.6137559],[50.2241057,25.6137975],[50.2240789,25.6138778],[50.2240462,25.6140087],[50.2239926,25.6142169],[50.2239331,25.6144132],[50.2238528,25.6147374],[50.2238082,25.6149099],[50.2238052,25.6150259],[50.2238023,25.6151449],[50.2238023,25.6152282],[50.2237904,25.6153025],[50.2237606,25.6153888],[50.2237309,25.6154721],[50.2236952,25.6155613],[50.2236863,25.6156297],[50.2236744,25.6156981],[50.2236446,25.6157844],[50.2236,25.6159271],[50.2235048,25.6160818],[50.2234394,25.616177],[50.223368,25.6163168],[50.2233383,25.616403],[50.223249,25.6165696],[50.2231836,25.616638],[50.2230676,25.6167599],[50.222907,25.6168908],[50.2226215,25.6171139],[50.2222854,25.6173637],[50.2218214,25.6176879],[50.2213663,25.6180092],[50.2209201,25.6183512],[50.2206197,25.6185624],[50.2203491,25.6187736],[50.2201438,25.6189699],[50.2199446,25.6191424],[50.2197661,25.6193179],[50.2195936,25.6194904],[50.2194062,25.6196659],[50.2192962,25.6197729],[50.2191593,25.6199573],[50.2190077,25.6201745],[50.2189184,25.6203321],[50.2187281,25.6207723],[50.2185318,25.6214564],[50.2183744,25.6217699],[50.2183352,25.6220626],[50.2183102,25.6221375],[50.2180032,25.6226979],[50.2177356,25.6231155],[50.2175571,25.6234331],[50.21745,25.6236794],[50.2172037,25.6241577],[50.217061,25.6244896],[50.2167505,25.6250071],[50.2164578,25.6256996],[50.2162716,25.62632],[50.216221,25.6266353],[50.216221,25.6269565],[50.2162716,25.627245],[50.2163311,25.6274027],[50.2164649,25.6276406],[50.2165928,25.6277744],[50.2168159,25.6278994],[50.2170955,25.6279499],[50.2171579,25.62806],[50.2171877,25.6282414],[50.2171341,25.6283277],[50.2169765,25.6286816],[50.2169527,25.6287798],[50.216923,25.6291754],[50.2167356,25.6294193],[50.216566,25.629568],[50.2164947,25.6296572],[50.2164114,25.6298416],[50.216337,25.6299368],[50.2162389,25.6301063],[50.2161615,25.6301956],[50.2161407,25.6303145],[50.2160574,25.6305108],[50.2159652,25.6306239],[50.215876,25.6306655],[50.2158225,25.6307547],[50.2155102,25.6309332],[50.2154447,25.6309897],[50.2144335,25.6316024],[50.2142193,25.6317511],[50.2140349,25.6319147],[50.2136691,25.6322895],[50.2135084,25.6325126],[50.2134609,25.6327505],[50.2133924,25.63292],[50.2130444,25.6334108],[50.2130088,25.6335684],[50.2130206,25.6338926],[50.2130028,25.6341574],[50.2128898,25.6344726],[50.2128868,25.6345589],[50.2128333,25.6346957],[50.212747,25.6348325],[50.2127083,25.6349812],[50.2124853,25.635356],[50.212399,25.6355345],[50.2119677,25.6360431],[50.2117149,25.6362989],[50.2115692,25.6364922],[50.2112033,25.6371109],[50.2110487,25.6374023],[50.2110279,25.6374826],[50.2110249,25.6376611],[50.2111201,25.6377414],[50.2110249,25.6379229],[50.2109356,25.6382411],[50.2109059,25.6385861],[50.2109446,25.6389074],[50.2110041,25.639181],[50.2110754,25.63941],[50.2113806,25.6400745],[50.2115948,25.64046],[50.2118303,25.6408383],[50.2121516,25.6413094],[50.2128987,25.6423326],[50.2133103,25.642818],[50.2134246,25.6429227],[50.2139528,25.6432653],[50.2140861,25.6433177],[50.2142026,25.6433415],[50.2142788,25.6433367],[50.214512,25.6432225],[50.214719,25.6430155],[50.214907,25.6432058],[50.2149926,25.6432344],[50.215045,25.6432225],[50.2151259,25.6431273],[50.2153353,25.6429417],[50.2153876,25.6429227],[50.2154423,25.6429584],[50.2155304,25.6429655],[50.2160967,25.6433605],[50.2161205,25.6434129],[50.2160919,25.6435247],[50.2160967,25.6435937],[50.2158802,25.6437841],[50.215873,25.6438079],[50.2158921,25.6438578],[50.215973,25.6439982],[50.2160681,25.6441196],[50.2162204,25.6441981],[50.2162442,25.6442481],[50.2164512,25.6444146],[50.2165559,25.6444598],[50.2166868,25.6444765],[50.2167511,25.6444218],[50.2173102,25.6441457],[50.2173245,25.6440791],[50.2173626,25.6440053],[50.2172484,25.6437579],[50.2172888,25.6437151],[50.217315,25.6437174],[50.2173673,25.6437722],[50.2174673,25.6439982],[50.2175553,25.644091],[50.2174768,25.6441576],[50.2169295,25.644436],[50.2168391,25.6445907],[50.2168105,25.6447977],[50.2168415,25.6450071],[50.2168962,25.6451832],[50.2169723,25.6453521],[50.2171008,25.6457543],[50.2172722,25.6464752],[50.2173745,25.646599],[50.2175196,25.6466537],[50.2175672,25.6467013],[50.2175862,25.6468988],[50.2176547,25.6472158],[50.2176725,25.6473824],[50.2177231,25.647546],[50.2177825,25.6478434],[50.2178242,25.6479445],[50.2180562,25.6483639],[50.2182346,25.648587],[50.2185767,25.6489053],[50.2188355,25.6491045],[50.2192162,25.6494733],[50.2193054,25.6495804],[50.2194333,25.6498898],[50.2197248,25.6504251],[50.2197962,25.6507731],[50.2197991,25.6509278],[50.2197872,25.6509873],[50.2197515,25.6510378],[50.2197248,25.6511479],[50.2196534,25.6513115],[50.2196177,25.6513531],[50.2194779,25.6514513],[50.2192459,25.6515851],[50.2191954,25.6516803],[50.2191388,25.6517249],[50.2190318,25.6520194],[50.2189812,25.6520848],[50.2188146,25.6521919],[50.2187046,25.6523525],[50.2186481,25.6524744],[50.2186481,25.6527986],[50.2186302,25.6528433],[50.2186332,25.6528998],[50.2186154,25.6529474],[50.2185618,25.6530039],[50.2185678,25.6530574],[50.2185529,25.6530991],[50.2184637,25.6531645],[50.2183715,25.6532061],[50.2180651,25.6534411],[50.2178599,25.6536166],[50.2175862,25.653911],[50.2172769,25.6543304],[50.2171163,25.6546844],[50.2167891,25.6555053],[50.2167475,25.6556748],[50.2166999,25.6561031],[50.216691,25.6564422],[50.2167267,25.6565671],[50.2168308,25.6567158],[50.2168932,25.6568378],[50.2169557,25.6569032],[50.2169765,25.6569508],[50.2172174,25.6572661],[50.2172353,25.6573672],[50.2171907,25.6576141],[50.2170717,25.6578104],[50.2170657,25.6578818],[50.2168694,25.6582684],[50.216807,25.6586135],[50.2167475,25.658667],[50.2166107,25.6589377],[50.2161883,25.6593451],[50.2157094,25.6598835],[50.2155459,25.6601155],[50.2155042,25.6602047],[50.2154626,25.6605587],[50.2154834,25.6611],[50.2155042,25.6612338],[50.2154447,25.6616443],[50.215412,25.6616949],[50.2152722,25.6618287],[50.2150997,25.6620666],[50.2144156,25.6624384],[50.2142818,25.6625455],[50.2140468,25.6627686],[50.213907,25.6628132],[50.2135947,25.6629679],[50.2133984,25.6631255],[50.2131604,25.6631999],[50.2129671,25.663298],[50.2125686,25.6634497],[50.2122444,25.6635895],[50.2118785,25.6637799],[50.2113283,25.6641457],[50.2111676,25.6642825],[50.2108762,25.6646543],[50.2107602,25.6648774],[50.2106471,25.6650439],[50.2105906,25.6652224],[50.2104717,25.6654366],[50.2103229,25.6657578],[50.2102337,25.6659035],[50.2100523,25.6664746],[50.2099779,25.6667869],[50.2099095,25.6668732],[50.2097459,25.667239],[50.2097102,25.667352],[50.2096924,25.6675424],[50.2096924,25.6676703],[50.2097191,25.6677387],[50.2097132,25.6677833],[50.209618,25.6679707],[50.2096031,25.6680569],[50.2094693,25.6683841],[50.2093652,25.6685418],[50.2092373,25.6687797],[50.2091986,25.6689135],[50.2090945,25.6695203],[50.209044,25.670136],[50.2090499,25.6704572],[50.2090737,25.6706268],[50.2091421,25.6707844],[50.2091154,25.6712454],[50.2090648,25.6713674],[50.2090202,25.6716083],[50.2089904,25.6719533],[50.2089399,25.6721496],[50.2088477,25.6727326],[50.2087495,25.6738985],[50.2086781,25.6742257],[50.2086365,25.6746361],[50.2086008,25.6750377],[50.2085919,25.6753381],[50.2086246,25.6756088],[50.20869,25.6759062],[50.208812,25.6762869],[50.2088804,25.6764535],[50.2089458,25.6767241],[50.2089785,25.6767866],[50.2089845,25.676855],[50.2089518,25.6771405],[50.2090916,25.6776997],[50.2090826,25.677786],[50.2091213,25.6779942],[50.2092284,25.6782172],[50.2093087,25.6783213],[50.2093503,25.6784046],[50.2094158,25.678589],[50.2095139,25.6787169],[50.2095704,25.678824],[50.2096031,25.6791393],[50.2096388,25.6792523],[50.2096448,25.6794813],[50.2096775,25.6796776],[50.2097638,25.6800048],[50.209737,25.6803469],[50.2097102,25.6804004],[50.2096121,25.6805223],[50.2094098,25.6807097],[50.2093533,25.6808971],[50.2093771,25.6811945],[50.2093414,25.6812392],[50.2092641,25.6812689],[50.2089994,25.6812957],[50.2083599,25.6814622],[50.2080714,25.6815753],[50.2078929,25.6816764],[50.2077561,25.6817805],[50.2076847,25.6818608],[50.2076312,25.6819649],[50.207536,25.6820898],[50.2074765,25.6822296],[50.2074587,25.6824081],[50.207414,25.68253],[50.2072177,25.682884],[50.2071196,25.6830059],[50.2067299,25.6834372],[50.2066348,25.683574],[50.2059715,25.6841778],[50.2055164,25.6845585],[50.2052428,25.6849481],[50.2049602,25.6852188],[50.2046331,25.6855014],[50.2043654,25.6857096],[50.2039579,25.6858999],[50.203714,25.6860992],[50.2036129,25.6862211],[50.2034314,25.6863818],[50.2031905,25.6866851],[50.2031072,25.6867387],[50.202783,25.6869231],[50.202664,25.6869647],[50.2023369,25.6869945],[50.2020305,25.6870956],[50.2018937,25.6869052],[50.2018045,25.686813],[50.2017866,25.6867714],[50.2017628,25.6866286],[50.2016647,25.6864591],[50.2016944,25.6863044],[50.2016082,25.6860933],[50.2016022,25.6858761],[50.2014386,25.685662],[50.2013524,25.6854627],[50.2013524,25.6853943],[50.201275,25.6851712],[50.2012334,25.6850879],[50.2011471,25.6850076],[50.2010936,25.68485],[50.2010847,25.6846804],[50.2011858,25.6844871],[50.2012393,25.6844068],[50.2014535,25.684267],[50.2014922,25.6842075],[50.2015011,25.6840826],[50.2014624,25.6839904],[50.2014029,25.6839369],[50.2010163,25.6839012],[50.2008913,25.6839101],[50.2007664,25.6838893],[50.2006534,25.6838268],[50.200472,25.6836811],[50.200347,25.6836394],[50.2002935,25.683577],[50.2002132,25.6834372],[50.2001686,25.6833152],[50.2001448,25.6831487],[50.200118,25.683107],[50.1999455,25.6830624],[50.1995767,25.6828602],[50.1994904,25.6827947],[50.1994756,25.6827293],[50.199544,25.6826668],[50.1995202,25.6826103],[50.1990056,25.6823545],[50.1988688,25.6822088],[50.1986903,25.6819708],[50.1986903,25.6819024],[50.1987171,25.6818786],[50.1987439,25.6817894],[50.1987855,25.6817626],[50.1989313,25.6817418],[50.1989699,25.6816942],[50.1990711,25.6814712],[50.1991216,25.6812302],[50.1991395,25.681031],[50.1991633,25.6801446],[50.1991068,25.679978],[50.1989253,25.6796568],[50.1984256,25.6789311],[50.1982977,25.678705],[50.1982353,25.6785593],[50.1981698,25.6782767],[50.1980895,25.6777235],[50.1980806,25.6773398],[50.1978397,25.6767449],[50.1978397,25.6764356],[50.1978099,25.6763077],[50.1978248,25.6762423],[50.1979349,25.6760846],[50.1981014,25.675579],[50.1983037,25.6747046],[50.1982977,25.6743804],[50.1981966,25.6741513],[50.1981104,25.6738688],[50.1980955,25.6736992],[50.1981104,25.673265],[50.1981282,25.6731728],[50.1982234,25.6729081],[50.1983037,25.6728486],[50.198497,25.6726612],[50.1985892,25.6725958],[50.1986547,25.6725095],[50.1987231,25.6723816],[50.1987766,25.6721704],[50.1988123,25.672102],[50.1988331,25.671989],[50.198848,25.6715756],[50.1988331,25.6713793],[50.1988034,25.6712186],[50.1987379,25.6710729],[50.1986547,25.6709272],[50.1985476,25.6708052],[50.1985,25.6707219],[50.1984405,25.6705375],[50.1981133,25.6697523],[50.1980509,25.6696601],[50.1978367,25.6694846],[50.1977445,25.66944],[50.1977058,25.6693865],[50.197682,25.669321],[50.1976999,25.6691872],[50.1977802,25.6691247],[50.1977891,25.6690652],[50.1977445,25.6689076],[50.1976345,25.6687351],[50.1972865,25.6684436],[50.197114,25.6682176],[50.196882,25.6680361],[50.1968016,25.667938],[50.1967273,25.6677922],[50.1965518,25.6675364],[50.1962425,25.6672568],[50.1960967,25.6670754],[50.1961176,25.6669088],[50.1961384,25.6668583],[50.1962008,25.666781],[50.1962157,25.6666828],[50.1962098,25.6666471],[50.196064,25.666433],[50.1960551,25.6663645],[50.1960729,25.6660879],[50.1959897,25.6658113],[50.1960016,25.6654931],[50.1959867,25.6653979],[50.1959956,25.6653325],[50.1960729,25.6652224],[50.1960908,25.665154],[50.1960878,25.6650915],[50.196064,25.6649993],[50.1960759,25.6649607],[50.1960164,25.6648774],[50.1960016,25.6648298],[50.1960135,25.6646365],[50.1959688,25.6644729],[50.1959153,25.6643866],[50.1958975,25.6643242],[50.196064,25.6639405],[50.1960729,25.6638572],[50.1959986,25.6636728],[50.1959837,25.6635627],[50.195835,25.6634051],[50.1958112,25.6633426],[50.1957666,25.6632861],[50.1956744,25.6632296],[50.1956298,25.663182],[50.1956684,25.6631017],[50.195719,25.6630749],[50.1957993,25.663069],[50.1958499,25.6630155],[50.1959748,25.6630541],[50.195954,25.6631315],[50.1959629,25.663182],[50.1960194,25.6632356],[50.1960343,25.6632831],[50.1960283,25.6633813],[50.1960819,25.6634408],[50.1961086,25.6635062],[50.1962544,25.6634586],[50.1963555,25.6633486],[50.1964001,25.6630749],[50.1963823,25.6628995],[50.1963168,25.6627597],[50.1961622,25.6625753],[50.1960997,25.6625277],[50.1959718,25.6624652],[50.1959123,25.6624057],[50.1958796,25.6623403],[50.1958796,25.6622838],[50.1958499,25.6622005],[50.1957874,25.6621291],[50.1956238,25.6618465],[50.1955167,25.6617752],[50.1953888,25.6615551],[50.1952189,25.6614127],[50.1950702,25.6613324],[50.1948055,25.6612283],[50.1943801,25.6610885],[50.194285,25.6609844],[50.1934581,25.6607227],[50.1929197,25.6605026],[50.1928335,25.6604907],[50.1927443,25.6604431],[50.192313,25.6603509],[50.1922327,25.6603003],[50.1917538,25.6602051],[50.1910965,25.6601516],[50.1907187,25.6601605],[50.1901358,25.6602022],[50.189883,25.6601992],[50.1897967,25.6601813],[50.1896123,25.6601873],[50.1893625,25.6601337],[50.189294,25.660104],[50.1890264,25.6601367],[50.1888033,25.6601992],[50.1885683,25.6602854],[50.188253,25.6604431],[50.1882173,25.6604907],[50.1881519,25.6605234],[50.188024,25.6606959],[50.1879229,25.6609011],[50.1878723,25.6609428],[50.1878307,25.6610201],[50.1878128,25.6610915],[50.1876939,25.6613235],[50.1876433,25.6615347],[50.1876641,25.6616388],[50.1876403,25.6616863],[50.187557,25.6617518],[50.1875303,25.6617964],[50.1875332,25.6619511],[50.1875779,25.6620998],[50.1874321,25.6622753],[50.1874024,25.6623913],[50.1873429,25.6624924],[50.1872804,25.6625192],[50.1872001,25.6625995],[50.1871258,25.6626262],[50.1870603,25.6627155],[50.1866201,25.6631378],[50.186519,25.6634412],[50.186397,25.6636226],[50.1863762,25.6637059],[50.186403,25.6637476],[50.1863465,25.6637922],[50.1862186,25.6639677],[50.1860788,25.6641045],[50.1859241,25.6643156],[50.1858765,25.6644435],[50.1858914,25.6645982],[50.1858765,25.6647053],[50.1857992,25.6648005],[50.1857427,25.6649016],[50.1856624,25.664973],[50.1856118,25.6650533],[50.1855583,25.6653388],[50.1855821,25.6654042],[50.1855018,25.665544],[50.1853531,25.6657255],[50.1852609,25.6660883],[50.1852668,25.6662341],[50.1851687,25.666365],[50.18513,25.6665077],[50.1850527,25.6666416],[50.1850289,25.6667486],[50.1850437,25.66682],[50.1850883,25.6669033],[50.1850764,25.6671145],[50.1849783,25.6674268],[50.1849664,25.667638],[50.1849902,25.6678075],[50.1849842,25.6678997],[50.1850408,25.6680901],[50.1850824,25.6681347],[50.185249,25.6682923],[50.1855018,25.6684351],[50.1855761,25.6685094],[50.1857784,25.6686284],[50.1859628,25.6687801],[50.1861769,25.6689021],[50.1863435,25.6690181],[50.1866707,25.6692114],[50.1871942,25.6694404],[50.1875451,25.6696605],[50.1876403,25.6696903],[50.1878545,25.669833],[50.1880686,25.6699341],[50.1881787,25.6699669],[50.1883274,25.6700799],[50.1887051,25.6702911],[50.1888925,25.6703595],[50.1890739,25.6704547],[50.1892732,25.6705231],[50.1893981,25.6705439],[50.1896242,25.670526],[50.1896153,25.6705736],[50.1894457,25.6707729],[50.1893208,25.6709752],[50.1892792,25.6711031],[50.1891929,25.6712072],[50.1890115,25.6713142],[50.1889728,25.6713648],[50.1888895,25.6714243],[50.1886605,25.6715343],[50.1885267,25.6716176],[50.1884255,25.6717515],[50.1883631,25.6718734],[50.1881876,25.6723255],[50.1881965,25.6724564],[50.1881697,25.6725278],[50.1881043,25.6725902],[50.188021,25.6726229],[50.1878902,25.6727062],[50.1878455,25.6728252],[50.1878515,25.6730126],[50.1878069,25.6730661],[50.1876076,25.6731732],[50.1875898,25.6732178],[50.1875273,25.6732832],[50.1872834,25.6734587],[50.1872269,25.6735271],[50.1871109,25.673771],[50.18698,25.6737859],[50.1868462,25.6738751],[50.1868105,25.6739614],[50.1867986,25.6742142],[50.1867004,25.6742826],[50.1866112,25.6742856],[50.1865339,25.6742618],[50.1854453,25.6738454],[50.1853174,25.6738127],[50.1852281,25.6738156],[50.1851657,25.6738484],[50.1851151,25.6737502],[50.1849337,25.6736491],[50.184782,25.6736015],[50.1846006,25.6735123],[50.1845173,25.6734468],[50.1843924,25.6733963],[50.1837915,25.6733011],[50.1832383,25.6732565],[50.1830123,25.673197],[50.1829439,25.6731643],[50.1827743,25.6731315],[50.1826524,25.6731494],[50.1823966,25.6732178],[50.1821051,25.6733487],[50.18165,25.6735985],[50.1812515,25.6737889],[50.1811474,25.6738662],[50.1810581,25.6739644],[50.1810135,25.6740447],[50.1807756,25.6743124],[50.1805644,25.6746366],[50.1804365,25.6747198],[50.1803621,25.6748448],[50.1803116,25.6748715],[50.1802878,25.6749042],[50.1801956,25.6750649],[50.1799666,25.6753177],[50.1799041,25.6755497],[50.1798268,25.6756835],[50.1797613,25.675746],[50.1796126,25.6758441],[50.179455,25.6759869],[50.1793063,25.676088],[50.1792408,25.6761713],[50.1792081,25.6762338],[50.1791694,25.6764896],[50.1791189,25.6765758],[50.1789969,25.6767007],[50.178875,25.6767394],[50.1787114,25.676897],[50.1786668,25.6769625],[50.178643,25.6770309],[50.1785746,25.6770844],[50.1784824,25.677245],[50.1784467,25.6772778],[50.1781998,25.6773402],[50.1776555,25.6775276],[50.1775217,25.677599],[50.1772867,25.6777566],[50.1771558,25.6778875],[50.1766888,25.678182],[50.1765996,25.6783545],[50.1764122,25.6784705],[50.1763498,25.6785835],[50.176213,25.6786787],[50.176088,25.6788304],[50.1758084,25.6791159],[50.1754694,25.6792527],[50.1754456,25.6792825],[50.1754396,25.6793211],[50.1754039,25.6793538],[50.1752582,25.6793687],[50.1751541,25.6794431],[50.1750708,25.6794609],[50.1749994,25.6795055],[50.1749102,25.6796096],[50.1747912,25.6796602],[50.1746217,25.6797732],[50.1744819,25.6798773],[50.1742112,25.6801242],[50.1740685,25.6802164],[50.1739138,25.6803443],[50.1736491,25.6805138],[50.1733368,25.6807756],[50.1732029,25.6808916],[50.1730721,25.6810343],[50.1729977,25.6811474],[50.172733,25.6812158],[50.1721203,25.6814091],[50.1711625,25.6818909],[50.1709276,25.6820426],[50.1705409,25.6823252],[50.1702613,25.6825988],[50.1698211,25.6829855],[50.1694761,25.6833246],[50.16903,25.6836696],[50.1686076,25.6839373],[50.1679057,25.6845262],[50.1678491,25.6846095],[50.1677688,25.6846779],[50.167171,25.6849961],[50.1668349,25.6850854],[50.1662698,25.6852876],[50.1655173,25.6854244],[50.1650711,25.6856743],[50.1644822,25.6860669],[50.1640896,25.686397],[50.1639706,25.6864684],[50.1639082,25.6865309],[50.1638398,25.6866737],[50.1637951,25.6867183],[50.1636851,25.6869086],[50.1635066,25.6869919],[50.1634174,25.6870841],[50.1631765,25.6872239],[50.1630932,25.687331],[50.1628553,25.6875213],[50.1627928,25.6876254],[50.1626114,25.6877444],[50.1625548,25.6878693],[50.1624299,25.6879645],[50.1623734,25.6880567],[50.1619035,25.6883452],[50.1617637,25.6884553],[50.1615971,25.6886456],[50.1612342,25.6888895],[50.1610855,25.6890263],[50.1610112,25.689181],[50.1610022,25.6892405],[50.1609279,25.6892911],[50.1608922,25.6893446],[50.1608387,25.6895915],[50.1608327,25.6897075],[50.1605502,25.6902369],[50.1605145,25.6906444],[50.1604669,25.6908258],[50.1603598,25.6909448],[50.1601754,25.6913047],[50.159753,25.6919769],[50.1596965,25.6920096],[50.1596222,25.6920245],[50.1588114,25.6924415],[50.1586626,25.6925039],[50.1583444,25.692614],[50.1577495,25.6927538],[50.157351,25.6929174],[50.1570119,25.6931047],[50.1569286,25.6931791],[50.1569048,25.6932297],[50.1568007,25.693307],[50.1567739,25.6933486],[50.156762,25.693423],[50.1566996,25.6934617],[50.1566669,25.6935152],[50.1566639,25.6935985],[50.156649,25.6936253],[50.1564289,25.6937323],[50.1561285,25.6939911],[50.1560869,25.6940565],[50.1558906,25.6942469],[50.155846,25.6942974],[50.1558341,25.6943599],[50.1558043,25.6944045],[50.1556824,25.6944997],[50.1555664,25.6946692],[50.1554801,25.6948507],[50.1554325,25.6949042],[50.1554325,25.6950321],[50.1553641,25.6950797],[50.1553463,25.6951689],[50.155263,25.6953176],[50.15526,25.695389],[50.1551767,25.6955348],[50.155144,25.6957043],[50.1551482,25.6957596],[50.1551155,25.6958102],[50.1550233,25.6964378],[50.1549846,25.6965657],[50.1549162,25.6966876],[50.1548775,25.6967947],[50.1548626,25.6970029],[50.1547407,25.6971308],[50.1546961,25.6972319],[50.1546782,25.6973241],[50.1546901,25.6974163],[50.154589,25.697803],[50.1545622,25.6980344],[50.1545028,25.6982723],[50.1544998,25.6983675],[50.1545474,25.6986114],[50.1545622,25.6989178],[50.1545325,25.6990933],[50.154354,25.699352],[50.1541696,25.6994353],[50.1541131,25.6995126],[50.1540536,25.6995424],[50.1535688,25.6999499],[50.1532,25.7002294],[50.1528847,25.7006667],[50.1527271,25.7009433],[50.1526735,25.7011217],[50.1526706,25.7012764],[50.1526081,25.7014013],[50.1526307,25.7015292],[50.1526426,25.7018891],[50.1526277,25.7020111],[50.1525117,25.7022222],[50.152363,25.7023918],[50.1522054,25.7026446],[50.1521994,25.7027219],[50.15225,25.7029272],[50.1522649,25.7030699],[50.1521786,25.7032335],[50.1521756,25.703299],[50.1520567,25.7037362],[50.1518574,25.7038908],[50.1517414,25.7040187],[50.1516492,25.7043905],[50.1516016,25.7044708],[50.1515659,25.7045095],[50.1512982,25.704679],[50.1510008,25.7049497],[50.1509502,25.7050716],[50.1509383,25.7051639],[50.1508491,25.7053215],[50.150748,25.7054524],[50.1507242,25.7055446],[50.1506736,25.7056278],[50.1506796,25.7058628],[50.1506587,25.7059253],[50.1506171,25.7059758],[50.1505338,25.7060353],[50.1504862,25.7061127],[50.1504743,25.7061781],[50.1504267,25.7062525],[50.1503048,25.7062971],[50.1501471,25.7063863],[50.1499568,25.7065261],[50.1497843,25.7067165],[50.1495582,25.7071923],[50.1495493,25.7072756],[50.1494541,25.7074422],[50.1494452,25.7075284],[50.149469,25.7076801],[50.1494006,25.7080644],[50.1493738,25.7081477],[50.1493233,25.7082102],[50.1492935,25.7082905],[50.1492876,25.7083648],[50.1492013,25.7086057],[50.1491894,25.7087723],[50.1491537,25.7088943],[50.149127,25.7093642],[50.1490466,25.7095694],[50.1488265,25.7098014],[50.1487938,25.7098698],[50.1487968,25.7099531],[50.1486689,25.7100037],[50.1486243,25.7100513],[50.1485946,25.7100959],[50.1485767,25.7102624],[50.1483328,25.7105896],[50.1481603,25.7107473],[50.1477112,25.7112113],[50.1475357,25.7113243],[50.1472799,25.7114433],[50.1472055,25.7114581],[50.1471104,25.7114195],[50.1470182,25.7114284],[50.1468129,25.7115027],[50.1465542,25.7116723],[50.1463965,25.7117972],[50.1458879,25.7122225],[50.1456708,25.7124278],[50.1453198,25.7128561],[50.1451503,25.7131416],[50.145067,25.7133319],[50.1450581,25.7134271],[50.1450789,25.7137394],[50.145067,25.7139804],[50.1450135,25.7141261],[50.1449153,25.7143194],[50.1444186,25.714944],[50.1443026,25.7151909],[50.1443056,25.7153396],[50.1442134,25.7154913],[50.1442431,25.7156608],[50.1442163,25.7156727],[50.1441152,25.7158125],[50.1440825,25.7158928],[50.1440736,25.7159821],[50.144136,25.7162379],[50.1441271,25.7164877],[50.1440944,25.7165918],[50.1440795,25.7169041],[50.1440944,25.7169814],[50.144145,25.7170469],[50.1440706,25.7171599],[50.1440498,25.7172253],[50.1440409,25.7174811],[50.1440855,25.7176834],[50.1440676,25.7177786],[50.1440141,25.7178529],[50.1438683,25.7179659],[50.1436958,25.718311],[50.1436334,25.7183556],[50.1434728,25.7184091],[50.1434073,25.7184508],[50.1433151,25.7185549],[50.1429433,25.719123],[50.142866,25.7192747],[50.1428244,25.7195126],[50.1428154,25.7197327],[50.1428363,25.719819],[50.1428452,25.7199885],[50.1428838,25.7200837],[50.1429582,25.7201699],[50.1429433,25.7202175],[50.1429612,25.7203573],[50.1431753,25.720854],[50.1431843,25.720967],[50.143214,25.7210801],[50.1432318,25.7214043],[50.1432646,25.7215173],[50.1432675,25.7215917],[50.1431753,25.7217374],[50.1431396,25.7218266],[50.1431307,25.7219367],[50.1431724,25.7222133],[50.1432408,25.7223352],[50.1432497,25.7224185],[50.1432051,25.7225881],[50.1431783,25.7226505],[50.1431188,25.722713],[50.1431099,25.7227814],[50.1431605,25.7232989],[50.1432021,25.7235041],[50.1432646,25.7236648],[50.1433627,25.7238462],[50.1437048,25.7242448],[50.1437999,25.7243251],[50.1438327,25.7243905],[50.1438475,25.7245779],[50.1437821,25.7248456],[50.1437851,25.7249675],[50.1437523,25.7250538],[50.1436839,25.7251222],[50.1433062,25.7253601],[50.1431961,25.7254553],[50.1431069,25.7255505],[50.1429909,25.7257527],[50.1429195,25.7258449],[50.1427946,25.7259163],[50.1426162,25.7259907],[50.1424823,25.7260026],[50.1423663,25.7260412],[50.1422265,25.7261245],[50.1421908,25.726184],[50.1421997,25.7262524],[50.1422384,25.7262941],[50.1423633,25.7263595],[50.1423782,25.726413],[50.1421641,25.7265231],[50.1419142,25.7265677],[50.1416198,25.7266807],[50.1415038,25.7267551],[50.1413193,25.7267848],[50.1411468,25.726877],[50.1410398,25.7269544],[50.140897,25.7270109],[50.1401742,25.7271923],[50.1400523,25.7272399],[50.1400047,25.727344],[50.1399393,25.7274332],[50.1397697,25.7275165],[50.1394039,25.7276087],[50.1391035,25.7277455],[50.1387822,25.7278645],[50.1383896,25.7281292],[50.1381844,25.7284445],[50.1380476,25.7285635],[50.1379524,25.728623],[50.1379137,25.7286824],[50.1379108,25.7288996],[50.1378721,25.7289858],[50.1376996,25.7291524],[50.1374735,25.7292654],[50.137191,25.7294736],[50.1370601,25.7295361],[50.1366764,25.729771],[50.136257,25.7299555],[50.1358555,25.7301785],[50.1355194,25.7303272],[50.1352131,25.7304849],[50.1349483,25.7306663],[50.1347699,25.7308091],[50.1346985,25.7310381],[50.1346479,25.731053],[50.1346182,25.7310916],[50.1345944,25.7311333],[50.1345944,25.7311749],[50.1345349,25.7311541],[50.1344933,25.7311809],[50.134413,25.7312761],[50.1343178,25.7314486],[50.1342732,25.7314753],[50.1341839,25.7316122],[50.1341393,25.731749],[50.1341096,25.7319483],[50.134062,25.7320375],[50.1340531,25.7321267],[50.1341066,25.732326],[50.1341839,25.7324836],[50.1341601,25.7326829],[50.134178,25.7328376],[50.1340917,25.7331945],[50.1340858,25.7334562],[50.134172,25.7336793],[50.1343267,25.7339292],[50.1344219,25.7341612],[50.1344159,25.7343783],[50.1344457,25.7346251],[50.1345706,25.7352527],[50.1345468,25.7354044],[50.1345557,25.7355502],[50.1345171,25.7358149],[50.1344368,25.7361807],[50.1344754,25.7365109],[50.1345498,25.7367905],[50.1347163,25.7372991],[50.1347312,25.7374418],[50.1346925,25.7376203],[50.1347401,25.738123],[50.1348413,25.7384739],[50.1350673,25.7388755],[50.1350852,25.738932],[50.1350584,25.7390718],[50.134987,25.7391997],[50.1349781,25.7392502],[50.1349989,25.7393841],[50.1349454,25.7395298],[50.1349483,25.7396042],[50.1349721,25.7396785],[50.1350822,25.7398659],[50.1351357,25.7399908],[50.1352606,25.7401514],[50.1352963,25.7402318],[50.1353053,25.7403864],[50.1353261,25.7404638],[50.135454,25.7406273],[50.1355135,25.7408028],[50.1355647,25.7408659],[50.1356747,25.7409551],[50.1358442,25.7410533],[50.1360762,25.7411693],[50.1363677,25.7412823],[50.136564,25.7413418],[50.1366979,25.7413626],[50.1370161,25.7413745],[50.1371172,25.7413239],[50.1372065,25.7412317],[50.1374117,25.7408867],[50.1374831,25.7408094],[50.1375693,25.7406785],[50.137837,25.7404435],[50.1382029,25.7402561],[50.1384349,25.7401848],[50.1385866,25.7401015],[50.1389167,25.7399528],[50.1390387,25.7398427],[50.139119,25.7397951],[50.1392826,25.7396375],[50.1393212,25.7395542],[50.1393391,25.7394055],[50.1392974,25.7392597],[50.1391547,25.7389385],[50.1391725,25.738879],[50.1392647,25.7388255],[50.1396841,25.7386708],[50.1402165,25.7383615],[50.1403801,25.7382009],[50.1405466,25.7379986],[50.1406478,25.737841],[50.1407013,25.7376744],[50.1407043,25.7374692],[50.1406597,25.7373264],[50.1406656,25.7371539],[50.1406507,25.7371123],[50.1411534,25.7370231],[50.1414955,25.7369071],[50.141662,25.7368238],[50.1419267,25.7365769],[50.1420933,25.7363657],[50.1424829,25.7357114],[50.1425543,25.7356519],[50.142596,25.7355865],[50.1426495,25.7353901],[50.142706,25.7352682],[50.142709,25.7350778],[50.1427744,25.7349648],[50.1427893,25.7349024],[50.1427209,25.7345663],[50.1427387,25.7344413],[50.1426763,25.734248],[50.1426525,25.7341201],[50.1426822,25.7340487],[50.1427328,25.7339952],[50.1428696,25.7339327],[50.143167,25.7338286],[50.1434109,25.7336859],[50.1435537,25.7335371],[50.1436994,25.7333438],[50.1438184,25.7331683],[50.1439285,25.7329125],[50.1441099,25.7327281],[50.1442229,25.7325735],[50.1443032,25.7323355],[50.1444073,25.732163],[50.1444311,25.7320827],[50.1444311,25.7319935],[50.1443568,25.7317644],[50.1443419,25.7315771],[50.1444192,25.731357],[50.1445947,25.7311904],[50.1447137,25.731006],[50.1447613,25.7308424],[50.1448029,25.730777],[50.145145,25.730542],[50.1452729,25.730423],[50.1453799,25.7302951],[50.1454454,25.7301613],[50.1455703,25.729846],[50.1455584,25.72973],[50.1455019,25.7295069],[50.1455435,25.7294088],[50.1456357,25.7292898],[50.1456446,25.7292303],[50.1456149,25.7290935],[50.1456744,25.7289269],[50.1456238,25.7287842],[50.1456208,25.7287187],[50.1457755,25.7284957],[50.1457934,25.7283707],[50.1457785,25.7282934],[50.1457071,25.7281387],[50.1455792,25.7279454],[50.1453502,25.7277134],[50.1450706,25.7274755],[50.1446899,25.727184],[50.1438838,25.7266962],[50.1435299,25.7265475],[50.1434645,25.726491],[50.1434764,25.7264345],[50.1435656,25.7263571],[50.1437084,25.7262709],[50.1440772,25.7259943],[50.1443954,25.7259853],[50.144788,25.7260984],[50.145029,25.7260924],[50.1452312,25.7260032],[50.1453175,25.7258961],[50.1452907,25.7257533],[50.1451985,25.7256522],[50.1450468,25.7255838],[50.1448713,25.7255868],[50.1445203,25.7257147],[50.144443,25.7257057],[50.1444133,25.7256611],[50.144446,25.7255659],[50.1445322,25.7255005],[50.144565,25.7252834],[50.1446155,25.7251793],[50.1447167,25.7250573],[50.1447464,25.7249116],[50.1447256,25.7248402],[50.1447523,25.7247778],[50.1450022,25.7248343],[50.1455614,25.7250663],[50.145832,25.7251317],[50.1471675,25.7255481],[50.1477386,25.7256611],[50.149083,25.7260894],[50.1497373,25.7263185],[50.1505374,25.7266218],[50.150811,25.7266932],[50.1509598,25.7267527],[50.1515814,25.7270591],[50.153369,25.7280287],[50.15557,25.7292779],[50.1565426,25.7297925],[50.1572029,25.7301167],[50.1577769,25.7303754],[50.15869,25.7307561],[50.1597311,25.7310655],[50.1602962,25.7312053],[50.1610249,25.7313183],[50.1616079,25.7313808],[50.1624466,25.7314075],[50.1627708,25.7313897],[50.1630563,25.7313451],[50.1632259,25.7312945],[50.1641152,25.7307086],[50.1647904,25.7301851],[50.1649123,25.7300364],[50.1650045,25.7298698],[50.1651651,25.7297092],[50.1653347,25.7292987],[50.1654804,25.7289835],[50.1656083,25.7287485],[50.1657005,25.7285165],[50.1658433,25.7279989],[50.1659295,25.7275469],[50.1660545,25.727181],[50.1661021,25.7268598],[50.166108,25.7265356],[50.1661943,25.726372],[50.1665244,25.7259169],[50.1665661,25.7258188],[50.1666969,25.7256106],[50.1668694,25.7254737],[50.167262,25.7252209],[50.1675416,25.7251079],[50.1679105,25.7250068],[50.1680978,25.7249354],[50.1683744,25.7248015],[50.1685797,25.7246558],[50.1687552,25.7244952],[50.1694868,25.7236862],[50.1696266,25.723594],[50.169936,25.7232846],[50.170162,25.7229604],[50.170281,25.7226571],[50.1705427,25.7222079],[50.1709026,25.721964],[50.1710335,25.7217975],[50.1711584,25.7215536],[50.1711911,25.7214435],[50.1715837,25.720694],[50.1718901,25.7202419],[50.1719883,25.7201497],[50.1720567,25.7199653],[50.1725653,25.7191295],[50.1726099,25.7190373],[50.1726604,25.7188678],[50.172717,25.7188113],[50.1727259,25.7187131],[50.1727645,25.7186685],[50.1727943,25.7185941],[50.17283,25.7183592],[50.1729757,25.7179963],[50.173297,25.7176394],[50.1734011,25.7173895],[50.1734605,25.7172914],[50.1735706,25.7171843],[50.1736241,25.7170624],[50.1736866,25.7170177],[50.1737818,25.7169077],[50.1738621,25.7167382],[50.1738829,25.7166519],[50.173984,25.7164883],[50.1740584,25.716408],[50.1740703,25.7162979],[50.174106,25.7161938],[50.1741565,25.7158221],[50.1742398,25.7155871],[50.1742993,25.71548],[50.1743409,25.7152212],[50.174567,25.7147454],[50.1746711,25.7146502],[50.1747871,25.71421],[50.1748882,25.7141029],[50.1751053,25.7137549],[50.1752124,25.7135526],[50.1753314,25.713398],[50.1754623,25.7131065],[50.175489,25.7129132],[50.175492,25.7125711],[50.1755545,25.7124135],[50.1755545,25.7121785],[50.1756021,25.7120833],[50.175614,25.7118127],[50.1758132,25.7115361],[50.1758965,25.7111286],[50.1759828,25.7110453],[50.1759917,25.7106973],[50.1760274,25.7104088],[50.1760185,25.710156],[50.1759976,25.7101054],[50.1759947,25.7100102],[50.1760988,25.7098585],[50.1761047,25.7096503],[50.1760898,25.709567],[50.1761255,25.7094808],[50.1761226,25.7094005],[50.1761821,25.7093232],[50.1762296,25.709225],[50.1762296,25.709109],[50.176298,25.7089781],[50.1763129,25.7087729],[50.1763754,25.7086242],[50.1764051,25.7083922],[50.1765003,25.7080501],[50.1764914,25.7078687],[50.17653,25.7077557],[50.1767145,25.7074464],[50.1767918,25.7073928],[50.176887,25.7072233],[50.1769435,25.7072114],[50.1770565,25.7072233],[50.1772528,25.7072828],[50.1776454,25.7073393],[50.1777287,25.7073631],[50.1783503,25.7076456],[50.1788857,25.7078271],[50.1794062,25.707952],[50.1799,25.7080026],[50.1805603,25.7080026],[50.1810332,25.7079579],[50.1815626,25.7078806],[50.1821902,25.70772],[50.1833204,25.7073423],[50.184647,25.706789],[50.185343,25.7064589],[50.1862174,25.7060038],[50.1869997,25.705635],[50.1881091,25.7050134],[50.1895487,25.7041359],[50.1901911,25.7036571],[50.1908544,25.7032526],[50.1913838,25.7029492],[50.1920114,25.7026904],[50.192407,25.7025685],[50.1928978,25.7024792],[50.1930643,25.7023959],[50.193451,25.7021312],[50.1936592,25.7019379],[50.1938436,25.7018308],[50.1942808,25.7015036],[50.1945396,25.7013549],[50.1948311,25.7010843],[50.1954319,25.7006857],[50.1956883,25.700356],[50.1957805,25.7002727],[50.195837,25.7001745],[50.1958906,25.7001418],[50.1960571,25.6999812],[50.1961523,25.6998414],[50.1962951,25.6997314],[50.1964438,25.699425],[50.19653,25.6991157],[50.1965985,25.6986725],[50.1965955,25.6984286],[50.1965628,25.6981728],[50.1963516,25.6973311],[50.1962237,25.6969682],[50.1960274,25.696531],[50.1958251,25.6961562],[50.1955039,25.6956208],[50.1953106,25.6951806],[50.1952184,25.6948505],[50.1951738,25.6945352],[50.1951143,25.6943092],[50.1950964,25.6940474],[50.1950191,25.6937768],[50.1947068,25.6930629],[50.1946295,25.692822],[50.1946324,25.6927298],[50.1949001,25.6925305],[50.1949299,25.6924324],[50.1949745,25.6923699],[50.1950012,25.6922599],[50.1951827,25.6917899],[50.1952808,25.6915906],[50.195382,25.6914508],[50.1954414,25.6914508],[50.1954801,25.6914776],[50.1955128,25.6915401],[50.1956169,25.6916382],[50.1957627,25.6919148],[50.1958489,25.6920249],[50.1962177,25.6922182],[50.1964735,25.6923164],[50.1965985,25.6923075],[50.1970981,25.6920844],[50.1974253,25.6919803],[50.1981124,25.6918405],[50.1984425,25.6917899],[50.1987786,25.6917661],[50.1991237,25.6917602],[50.1996263,25.6918048],[50.2010213,25.6920279],[50.2015329,25.6920695],[50.2019017,25.6920457],[50.2023419,25.6919922],[50.202794,25.6919059],[50.2032431,25.6917364],[50.2036298,25.6915341],[50.2038915,25.6913705],[50.2040253,25.6913408],[50.2043585,25.6913289],[50.2055542,25.6913497],[50.2061371,25.6913854],[50.2067944,25.6915074],[50.2070859,25.6916234],[50.2072971,25.6916828],[50.2074696,25.6916947],[50.2076451,25.6916561],[50.2078087,25.6915579],[50.2080228,25.6913765],[50.2081805,25.6912099],[50.2086861,25.6907578],[50.209043,25.6902998],[50.2091352,25.6902076],[50.209278,25.690163],[50.2095725,25.6901094],[50.2098015,25.6899934],[50.2100692,25.6896068],[50.2102536,25.6890714],[50.2102774,25.6890416],[50.2105867,25.6892171],[50.2108217,25.6892469],[50.2109258,25.689229],[50.2111727,25.6891338],[50.2115385,25.6888662],[50.2117289,25.6886996],[50.2118627,25.6884319],[50.2118984,25.6883129],[50.2120233,25.6881018],[50.2120471,25.6879501],[50.2120412,25.6877627],[50.2119965,25.687608],[50.2120084,25.6872957],[50.2121125,25.6872095],[50.2122047,25.6871767],[50.2121988,25.6870935],[50.2122285,25.6868525],[50.2122702,25.6867276],[50.2123802,25.6866562],[50.2124843,25.6865164],[50.2126003,25.6864064],[50.2127044,25.686225],[50.2128204,25.6859186],[50.2129364,25.6857937],[50.2129989,25.6857015],[50.2130495,25.6855171],[50.2130851,25.6854397],[50.2131357,25.6853832],[50.2131744,25.6852553],[50.2131922,25.685056],[50.213213,25.6850025],[50.2133142,25.684824],[50.2133945,25.6847527],[50.2139953,25.684479],[50.2141262,25.6842708],[50.2141767,25.68414],[50.2142422,25.6838306],[50.2142541,25.6831822],[50.2143314,25.6829116],[50.2144236,25.6826677],[50.2144801,25.6824297],[50.2144801,25.6823583],[50.2143968,25.6821739],[50.2143284,25.6820668],[50.2142808,25.6819181],[50.2142779,25.6817248],[50.2143314,25.6816772],[50.2145812,25.6813173],[50.2145545,25.6812549],[50.2145634,25.6810675],[50.2147002,25.6808593],[50.2148608,25.6806838],[50.2149857,25.680431],[50.2154527,25.6797855],[50.2155955,25.6796398],[50.2156466,25.6795101],[50.2157388,25.6793792],[50.2157775,25.67929],[50.2157626,25.6792186],[50.2157031,25.6791919],[50.2156318,25.6791948],[50.2156199,25.679174],[50.2156764,25.6791264],[50.2158697,25.6790491],[50.2161017,25.6789777],[50.2162593,25.6788825],[50.2164527,25.678707],[50.2167233,25.6785613],[50.2168096,25.6784721],[50.2169881,25.6782193],[50.2170654,25.6781508],[50.2171516,25.6781062],[50.2173063,25.6779516],[50.2173569,25.6778177],[50.2173777,25.6776482],[50.2173598,25.6775292],[50.2172974,25.677318],[50.2171814,25.6771009],[50.2171279,25.6769254],[50.2172022,25.6768183],[50.2172617,25.6767708],[50.2174312,25.6766875],[50.2175324,25.6766726],[50.2177584,25.6766042],[50.2179428,25.6765001],[50.2180677,25.6764644],[50.2182462,25.6763603],[50.2187964,25.6759261],[50.2189243,25.6757833],[50.218963,25.6756494],[50.2189719,25.6755096],[50.21896,25.6753817],[50.2188232,25.6750248],[50.218502,25.6743556],[50.2185526,25.6742247],[50.2185526,25.6741504],[50.2184722,25.6738767],[50.2186507,25.6738976],[50.2188649,25.6738559],[50.2190047,25.673847],[50.2193318,25.6739362],[50.2194686,25.6739927],[50.2200219,25.6741385],[50.2201557,25.6741712],[50.2203937,25.6742039],[50.2206257,25.6743526],[50.2207089,25.6744419],[50.2207773,25.6745549],[50.2207982,25.6746858],[50.2207714,25.6748583],[50.220703,25.67501],[50.2203372,25.6760361],[50.2202777,25.6762919],[50.2202628,25.6764912],[50.2199356,25.6780705],[50.2198969,25.6783501],[50.2198999,25.6786416],[50.2199297,25.6788825],[50.2200011,25.6791205],[50.220123,25.6793911],[50.2202479,25.6796112],[50.220471,25.6799265],[50.2207536,25.6802507],[50.2210629,25.6805392],[50.2215001,25.6808724],[50.2224103,25.6814523],[50.2231509,25.6818896],[50.2238796,25.6822524],[50.2245191,25.6825618],[50.2250277,25.6827819],[50.225569,25.6829841],[50.226961,25.6834422],[50.2275588,25.6836147],[50.2282608,25.6837902],[50.2296706,25.6840787],[50.2308811,25.6842452],[50.2316812,25.6843047],[50.2324308,25.6843137],[50.2329334,25.6842958],[50.2334331,25.6842571],[50.2338941,25.6841947],[50.2342629,25.6840698],[50.2347775,25.6838407],[50.2350363,25.6836682],[50.2352564,25.6834273],[50.235533,25.6830079],[50.2362736,25.6815892],[50.2364431,25.68114],[50.2364996,25.6808991],[50.2366632,25.6804887],[50.2367911,25.6803102],[50.2368595,25.6800752],[50.2370499,25.6798194],[50.2371599,25.6795399],[50.2372313,25.6794655],[50.237383,25.6792335],[50.2375823,25.6788796],[50.2377132,25.6787784],[50.2378351,25.6786595],[50.2380255,25.6784185],[50.2381504,25.6782282],[50.2384776,25.677791],[50.2386501,25.6776958],[50.2387958,25.6775709],[50.2390486,25.6772526],[50.2391111,25.6771426],[50.2392539,25.676979],[50.2393966,25.6768808],[50.2395483,25.676738],[50.2396346,25.6766994],[50.2398963,25.6763663],[50.2400659,25.6762294],[50.2401521,25.6761372],[50.2402503,25.6760777],[50.2404168,25.6757654],[50.2405655,25.6755513],[50.240628,25.6753996],[50.2408362,25.6750308],[50.2409522,25.674894],[50.2410117,25.6747958],[50.2411188,25.6746887],[50.2412645,25.6744776],[50.2414192,25.6743556],[50.2415203,25.6742515],[50.2416304,25.6740106],[50.2416631,25.6738678],[50.2417315,25.6737607],[50.2418118,25.6736953],[50.2418653,25.6736209],[50.242014,25.6732789],[50.2420854,25.6732075],[50.2422193,25.6731183],[50.2424066,25.6728952],[50.2424661,25.6727792],[50.2424959,25.6725621],[50.2425226,25.672452],[50.2425881,25.6723063],[50.242597,25.6722379],[50.2426476,25.6721635],[50.2429747,25.6718929],[50.2430104,25.6718274],[50.2430402,25.6716668],[50.2430788,25.6712623],[50.2432454,25.6709678],[50.243296,25.6706199],[50.2433406,25.6705158],[50.2433912,25.6704622],[50.2435547,25.6699625],[50.2437838,25.6694747],[50.2438105,25.6692993],[50.2439474,25.6690673],[50.2440068,25.6688918],[50.244218,25.6684694],[50.2442418,25.668288],[50.244224,25.6681482],[50.2442329,25.6680292],[50.2442983,25.6678299],[50.2442924,25.6676515],[50.2443221,25.6674879],[50.2443905,25.6673778],[50.2445184,25.6670655],[50.2446642,25.6664707],[50.2446642,25.6664052],[50.2445303,25.6660215],[50.2444946,25.665852],[50.2444946,25.6657836],[50.2445392,25.6657182],[50.2446047,25.6652125],[50.2446612,25.6650132],[50.2447058,25.6647426],[50.2446701,25.6644957],[50.2446701,25.6643589],[50.2445065,25.6638414],[50.2444203,25.6636629],[50.2443846,25.6635172],[50.2442894,25.6633179],[50.2442716,25.6632019],[50.2442864,25.6629788],[50.2443233,25.6628759],[50.2444006,25.662751],[50.2444512,25.6624654],[50.244475,25.6624297],[50.2445672,25.6623762],[50.2448676,25.6622364],[50.2451353,25.6619271],[50.2452216,25.6618825],[50.2453257,25.6617754],[50.2455904,25.6615999],[50.2457956,25.6613887],[50.2458343,25.6613203],[50.2460544,25.6610735],[50.2463845,25.6607433],[50.246673,25.6604042],[50.2468247,25.6602585],[50.2468872,25.6601455],[50.2473125,25.6597618],[50.2474404,25.6595893],[50.2475088,25.6594049],[50.2475802,25.6591342],[50.247598,25.6589647],[50.247604,25.6585036],[50.2475623,25.6580129],[50.2474136,25.6573199],[50.2472292,25.6566149],[50.2472114,25.6559874],[50.2470835,25.655568],[50.247024,25.655449],[50.247024,25.6553568],[50.2470924,25.6550296],[50.2470329,25.6548006],[50.2470894,25.6543574],[50.2470597,25.6541641],[50.2469794,25.6539975],[50.2469615,25.6539291],[50.2469258,25.6536882],[50.2469199,25.6533045],[50.2469377,25.6531677],[50.2468723,25.6528881],[50.2468901,25.6527007],[50.2468634,25.6526293],[50.2468455,25.6523825],[50.2468128,25.6521951],[50.2468336,25.6520434],[50.2468604,25.651969],[50.2468604,25.6518887],[50.2468098,25.6517222],[50.2468723,25.6514932],[50.2468693,25.6514069],[50.246908,25.6512403],[50.246902,25.6510262],[50.2468039,25.6506484],[50.2467652,25.6504164],[50.2467533,25.6502469],[50.2466314,25.6493844],[50.2466225,25.6491643],[50.2465422,25.6487954],[50.2463369,25.6480935],[50.2462477,25.6476087],[50.2462715,25.6475254],[50.2463905,25.6473618],[50.2465332,25.6470941],[50.2465511,25.6469692],[50.246557,25.6464993],[50.2466195,25.6462345],[50.2467682,25.6460263],[50.2468723,25.6458419],[50.2468931,25.6457646],[50.2469526,25.6456605],[50.2471519,25.6455029],[50.2473125,25.6453066],[50.247375,25.6452976],[50.2472441,25.6455148],[50.2471221,25.6458271],[50.2471162,25.6460858],[50.2471638,25.6463535],[50.2473274,25.646761],[50.2474017,25.6468264],[50.2474493,25.6468473],[50.2476575,25.6470436],[50.2478092,25.6472547],[50.2478479,25.6475462],[50.2479044,25.6476533],[50.2481126,25.6479359],[50.2482643,25.6480578],[50.2483416,25.6480994],[50.2483981,25.648156],[50.2485498,25.6484445],[50.2487491,25.6490304],[50.2488116,25.6491613],[50.2488443,25.6492773],[50.2488473,25.6494111],[50.2489514,25.6497264],[50.2489781,25.649884],[50.2489752,25.650009],[50.2491774,25.650589],[50.249219,25.6507615],[50.2492428,25.6509518],[50.2491804,25.6514723],[50.249219,25.6517103],[50.2492964,25.6519334],[50.2494362,25.6521653],[50.2495789,25.6523438],[50.249799,25.6524806],[50.2501411,25.6525996],[50.2505575,25.6526829],[50.2510185,25.6527394],[50.2515331,25.6527751],[50.2524194,25.6528078],[50.2532374,25.6528108],[50.2539066,25.652784],[50.2547662,25.6526918],[50.2556198,25.6525371],[50.2563188,25.6523498],[50.2568244,25.6521594],[50.257214,25.6519571],[50.2582699,25.6510976],[50.2584751,25.6508894],[50.2586179,25.6505979],[50.2586715,25.6504045],[50.258719,25.65],[50.2588053,25.6496937],[50.258841,25.6494885],[50.2588975,25.6492951],[50.2589094,25.6491851],[50.2588856,25.648733],[50.258838,25.6484772],[50.2588053,25.6481679],[50.2587756,25.6480102],[50.2586863,25.6478228],[50.2586655,25.6477455],[50.2586715,25.6475194],[50.2586447,25.6474302],[50.2585674,25.6472726],[50.2585495,25.6470644],[50.2585198,25.6469395],[50.2584157,25.6467283],[50.2582521,25.6464755],[50.2581539,25.6463565],[50.2581004,25.6462524],[50.2578952,25.6459758],[50.2578476,25.6458717],[50.2577762,25.6456873],[50.2577673,25.645607],[50.2577107,25.6454166],[50.2577107,25.6452411],[50.2577673,25.6450537],[50.257684,25.6448485],[50.2576721,25.6447533],[50.2575591,25.6446046],[50.2574966,25.6444856],[50.2574966,25.6444321],[50.2573984,25.6442477],[50.2573925,25.6441882],[50.2573152,25.6439889],[50.2573211,25.6436707],[50.2573033,25.6435279],[50.2572378,25.6433346],[50.2572349,25.6432275],[50.2572378,25.6431859],[50.2573241,25.6430104],[50.2573241,25.642933],[50.2572111,25.6425821],[50.2571962,25.6424869],[50.2572527,25.6424304],[50.2572259,25.6422192],[50.2572854,25.6420259],[50.2573509,25.6418861],[50.2573479,25.6418058],[50.2572884,25.6416243],[50.2571545,25.641315],[50.257104,25.6410919],[50.2570623,25.6409849],[50.2571337,25.6408183],[50.2571427,25.6407648],[50.2571248,25.6406963],[50.2570356,25.6404911],[50.2569969,25.6404376],[50.2569582,25.6403008],[50.2567054,25.639923],[50.2566697,25.6398249],[50.2567441,25.6396762],[50.2569345,25.639462],[50.2569553,25.6392835],[50.2569999,25.6391616],[50.2570058,25.6389921],[50.2569939,25.6389326],[50.2570177,25.6388285],[50.2570118,25.6386768],[50.2570475,25.6385846],[50.2570386,25.6383972],[50.2569642,25.638186],[50.2569077,25.6377964],[50.256872,25.6377131],[50.256869,25.6375882],[50.2569107,25.6375584],[50.256985,25.6375644],[50.2570058,25.6374989],[50.2569731,25.6373592],[50.2570118,25.637142],[50.2569791,25.6369755],[50.256991,25.6369308],[50.2570177,25.6369011],[50.256988,25.6367583],[50.2569999,25.6367464],[50.2569999,25.6366572],[50.2569791,25.6365412],[50.2569999,25.6364133],[50.2571337,25.6363181],[50.2571992,25.6363033],[50.2572408,25.6363598],[50.2572408,25.6364639],[50.2574044,25.636684],[50.2575293,25.6367881],[50.2576929,25.6368862],[50.2580766,25.6369933],[50.2583473,25.6371331],[50.2586863,25.6371956],[50.2588142,25.6371569],[50.2589243,25.6371747],[50.2590373,25.6371509],[50.259186,25.6370825],[50.2593109,25.6369546],[50.2593972,25.636794],[50.2594567,25.6366066],[50.2594716,25.636446],[50.2594597,25.6363598],[50.2592068,25.6359642],[50.259189,25.6358809],[50.2591236,25.6357679],[50.2589838,25.6356043],[50.2589421,25.6353872],[50.2590046,25.6352682],[50.2591206,25.6352236],[50.2592663,25.635286],[50.2594656,25.6353217],[50.25954,25.635286],[50.2595994,25.6352355],[50.259772,25.635179],[50.2598314,25.6350957],[50.2599177,25.6349113],[50.2599177,25.6348429],[50.2598404,25.6346674],[50.2598374,25.6346049],[50.259882,25.6345573],[50.2598999,25.6344235],[50.2598701,25.6343372],[50.2598344,25.6343075],[50.2597541,25.6342896],[50.2597154,25.6343015],[50.259653,25.6343462],[50.2596262,25.6343937],[50.2595667,25.6344235],[50.2595072,25.6344175],[50.2593139,25.6344532],[50.2592633,25.6344116],[50.2592217,25.6342569],[50.2590819,25.6341736],[50.2590135,25.6341618],[50.2588856,25.6341766],[50.2587875,25.6342599],[50.2587488,25.6343937],[50.2587488,25.6345038],[50.2587101,25.634712],[50.2587785,25.634828],[50.258841,25.6348577],[50.2589183,25.634941],[50.258954,25.6350035],[50.2589451,25.6350392],[50.2588172,25.6350184],[50.258719,25.6348994],[50.2585019,25.6347655],[50.2584454,25.634712],[50.2583264,25.6346614],[50.2583026,25.6344205],[50.2583235,25.634254],[50.2585079,25.6338941],[50.2586209,25.6338524],[50.2587607,25.6338613],[50.2588707,25.6338465],[50.2590016,25.6338048],[50.2591325,25.6338019],[50.2592425,25.6337632],[50.2593347,25.633674],[50.2593437,25.633558],[50.2593764,25.6334539],[50.2595727,25.6335401],[50.2595905,25.633674],[50.2594656,25.6338286],[50.2595697,25.6338792],[50.2596351,25.6338286],[50.2596708,25.6337632],[50.2597363,25.6337602],[50.2597749,25.6337245],[50.2597779,25.6335966],[50.2598255,25.6333765],[50.2598106,25.6332665],[50.2597601,25.6331356],[50.2596262,25.6330077],[50.2596351,25.6329453],[50.2597214,25.6328947],[50.2597898,25.6327727],[50.2599921,25.6326419],[50.2601467,25.6325169],[50.2602062,25.632395],[50.2603282,25.6323593],[50.2604858,25.6326329],[50.2606583,25.6327906],[50.2608338,25.6327043],[50.2609111,25.6325467],[50.260926,25.6324545],[50.2610628,25.6323712],[50.2611491,25.6321481],[50.261271,25.6320351],[50.2613008,25.6319459],[50.2612978,25.6317704],[50.2611758,25.6315919],[50.2611074,25.6313213],[50.261161,25.6312648],[50.2610777,25.6311279],[50.2611253,25.631003],[50.2610509,25.6308602],[50.2610093,25.6308275],[50.2610004,25.630768],[50.2610569,25.6306312],[50.2609855,25.6304944],[50.2609498,25.6303725],[50.2609528,25.6301107],[50.2609052,25.6300185],[50.2608278,25.6299382],[50.2607356,25.6298787],[50.2605988,25.6298073],[50.2604888,25.6297984],[50.2604085,25.6298341],[50.260346,25.6298847],[50.2602806,25.629965],[50.2602597,25.6300602],[50.2602092,25.6300899],[50.2601675,25.6301434],[50.2600872,25.6301702],[50.2599861,25.6301821],[50.2599088,25.6301732],[50.2598969,25.629962],[50.2599088,25.6298192],[50.2598909,25.629614],[50.2598433,25.6294653],[50.2598374,25.6292392],[50.259888,25.6289983],[50.2599564,25.6287693],[50.2602062,25.6282101],[50.2602211,25.6280674],[50.2602984,25.6279692],[50.2605096,25.6277551],[50.2605869,25.627642],[50.2606553,25.6274963],[50.2607327,25.6272375],[50.2607208,25.6270591],[50.2606405,25.6268865],[50.2604382,25.6266218],[50.2603698,25.6265148],[50.260343,25.6264345],[50.2603977,25.6264114],[50.2613864,25.6263757],[50.2616648,25.6263293],[50.2618861,25.626233],[50.2620824,25.6260688],[50.2627998,25.6253121],[50.2628926,25.62518],[50.2629997,25.6249231],[50.2632673,25.6247482],[50.2633173,25.6247018],[50.2633923,25.6245483],[50.2633994,25.6244626],[50.2634494,25.6243948],[50.2634565,25.624302],[50.2634351,25.6242378],[50.2634315,25.6241557],[50.2635101,25.6238309],[50.2635422,25.6237773],[50.2636742,25.6237274],[50.2637849,25.6235846],[50.2638955,25.6232848],[50.2639241,25.6231349],[50.2639812,25.6230564],[50.2639919,25.622985],[50.2640383,25.62291],[50.2643238,25.6227102],[50.2643452,25.6226281],[50.2643417,25.6225031],[50.2643024,25.6224032],[50.2643096,25.6223568],[50.2643845,25.6222997],[50.2644773,25.6221962],[50.264488,25.6219107],[50.2645273,25.6218357],[50.2646094,25.6217465],[50.2646344,25.6216858],[50.2646308,25.6216287],[50.2643952,25.6213467],[50.2643488,25.6212646],[50.2643595,25.6211754],[50.2643452,25.6210755],[50.2643131,25.6210005],[50.2642025,25.620872],[50.2641061,25.6207007],[50.2639598,25.620226],[50.2638955,25.6201296],[50.263867,25.6199904],[50.2637777,25.619737],[50.2637742,25.6196514],[50.263792,25.6195657],[50.2639134,25.6192588],[50.2639205,25.6191338],[50.2638955,25.6190089],[50.2638955,25.6189161],[50.2638991,25.6188233],[50.2639277,25.6187234],[50.2639348,25.6185556],[50.2639776,25.6185057],[50.2640312,25.6184914],[50.2641596,25.6184949],[50.2642239,25.6184628],[50.2642774,25.6184057],[50.2643774,25.6181701],[50.2643881,25.6180738],[50.2643345,25.6179274],[50.2643096,25.6177954],[50.2643667,25.6175384],[50.264356,25.6173028],[50.2643667,25.6172172],[50.2643988,25.6171351],[50.2644488,25.6170637],[50.2645951,25.6169209],[50.2646451,25.6168174],[50.2648985,25.6165426],[50.2649306,25.6164462],[50.2649056,25.6163392],[50.2649163,25.6162999],[50.2649877,25.6162107],[50.2649591,25.6160358],[50.2648735,25.6159073],[50.2648378,25.6158073],[50.2648485,25.6157395],[50.264902,25.615611],[50.2648699,25.6154504],[50.2648235,25.6153398],[50.26477,25.6150578],[50.2647807,25.6150186],[50.2648307,25.614965],[50.2648521,25.6149115],[50.2648985,25.6147294],[50.2648771,25.6144296],[50.2648378,25.6142191],[50.2648378,25.6139906],[50.2648842,25.6138015],[50.2648842,25.6136837],[50.2649377,25.6134909],[50.2649127,25.6132875],[50.2648592,25.6130662],[50.264795,25.6128949],[50.2647521,25.6124095],[50.2646379,25.612074],[50.2647057,25.6121382],[50.2647486,25.612206],[50.2647807,25.6124023],[50.2648092,25.6124809],[50.2649056,25.6126272],[50.264927,25.6127878],[50.2649806,25.6129841],[50.265209,25.6134552],[50.2652982,25.6137443],[50.2657515,25.6147937],[50.2657979,25.615147],[50.265905,25.6155432],[50.2659514,25.6158359],[50.2659657,25.6163177],[50.2659835,25.6164212],[50.2659478,25.6168852],[50.2659728,25.6171458],[50.2659978,25.6172564],[50.2659692,25.6181023],[50.2659871,25.6185235],[50.2660192,25.619041],[50.2660656,25.6191695],[50.2660906,25.6195264],[50.2661977,25.6196763],[50.2662262,25.6197656],[50.2662441,25.6199262],[50.2663154,25.6201118],[50.2664439,25.6202867],[50.2664725,25.6203759],[50.2664832,25.620533],[50.2665867,25.6207507],[50.2667937,25.6210826],[50.2668187,25.621154],[50.2668223,25.6214003],[50.2668758,25.621543],[50.2669508,25.6218928],[50.2670685,25.6221998],[50.2670543,25.6223318],[50.267065,25.6224746],[50.2671292,25.6226138],[50.2671792,25.6227673],[50.2671899,25.6228601],[50.2672756,25.6230778],[50.2673505,25.6231313],[50.2673969,25.6231849],[50.267504,25.6237488],[50.2676003,25.6238701],[50.267686,25.6240807],[50.267686,25.6242449],[50.2677217,25.6243948],[50.2677788,25.6245197],[50.2678966,25.6246125],[50.2683356,25.6252193],[50.2684355,25.6253192],[50.2685319,25.6254691],[50.2686818,25.6256583],[50.2687425,25.6259082],[50.2689602,25.6264114],[50.2690137,25.6265756],[50.2690709,25.6267862],[50.2690923,25.6270824],[50.2690744,25.6271966],[50.269078,25.627343],[50.2690459,25.62745],[50.2688103,25.6276749],[50.2685819,25.6280925],[50.2684712,25.6282388],[50.2682285,25.628503],[50.2680394,25.6288278],[50.267943,25.628942],[50.2678288,25.6291311],[50.2675361,25.6294488],[50.2672256,25.6297522],[50.2670721,25.6298807],[50.2667116,25.6301269],[50.2664261,25.6303768],[50.2660513,25.630648],[50.2657872,25.6308658],[50.2650627,25.6315368],[50.2644737,25.6319365],[50.2641382,25.6322113],[50.2638634,25.6324826],[50.2633423,25.6331215],[50.2629354,25.6337247],[50.2627355,25.6340852],[50.2625499,25.6345278],[50.2623643,25.6350381],[50.2621038,25.6359804],[50.2619717,25.6366657],[50.2620003,25.6371511],[50.2619717,25.6375937],[50.2620146,25.6381077],[50.2619396,25.639439],[50.2619503,25.639546],[50.262011,25.6397495],[50.2621395,25.6399958],[50.2622287,25.6401278],[50.2622466,25.6402099],[50.2623144,25.6403027],[50.2623608,25.6406632],[50.2623608,25.6408274],[50.2623822,25.640913],[50.2624679,25.641038],[50.2625035,25.64112],[50.2625606,25.6415091],[50.2626249,25.641709],[50.2627427,25.6426013],[50.2628069,25.6428404],[50.2628319,25.6430117],[50.2628676,25.6440825],[50.2629211,25.6444537],[50.2629711,25.6447285],[50.2630246,25.6448427],[50.2630461,25.6450926],[50.2631353,25.6454209],[50.263171,25.6457172],[50.2632138,25.6458028],[50.2632352,25.6459028],[50.2632888,25.6461776],[50.263303,25.6464274],[50.2633673,25.6467165],[50.2633923,25.6467915],[50.2635029,25.6469628],[50.2635279,25.6472269],[50.2637135,25.6477266],[50.263767,25.6482727],[50.263867,25.6487224],[50.2638634,25.6489187],[50.2639312,25.6497254],[50.2640633,25.650093],[50.2641025,25.6505391],[50.2641668,25.6508818],[50.2641775,25.6510281],[50.2642275,25.6511281],[50.2644095,25.6516706],[50.2644238,25.6518383],[50.2644666,25.6519347],[50.2644773,25.6520346],[50.2645665,25.6522345],[50.2646022,25.6523594],[50.2646593,25.6524094],[50.2646879,25.6524665],[50.2647486,25.6527092],[50.264795,25.6530269],[50.2648699,25.6531946],[50.2649484,25.6534266],[50.2650198,25.654119],[50.2651305,25.6545188],[50.2652054,25.6550506],[50.2652554,25.6552184],[50.2652732,25.655511],[50.2653018,25.6556931],[50.2653018,25.6557787],[50.2652518,25.6559715],[50.2652768,25.6561356],[50.2653054,25.6562106],[50.265391,25.6563498],[50.2654481,25.6565354],[50.2655231,25.656696],[50.265673,25.6568031],[50.2657051,25.6569316],[50.265723,25.657135],[50.2657479,25.6572028],[50.2657622,25.6573991],[50.2657479,25.6575633],[50.2656266,25.6582379],[50.2654303,25.6586983],[50.2652911,25.658966],[50.2648199,25.6601617],[50.2646807,25.6604294],[50.264563,25.6607506],[50.2643167,25.6618071],[50.2642917,25.661982],[50.2642739,25.6623282],[50.2642132,25.6625388],[50.2641739,25.6628029],[50.2640383,25.6632241],[50.2639955,25.6634096],[50.2638777,25.6636416],[50.2637028,25.6639308],[50.2635993,25.6642091],[50.2635672,25.6643626],[50.2635707,25.664484],[50.2635029,25.6647695],[50.263403,25.6657475],[50.2633494,25.6659973],[50.2630603,25.6666184],[50.2626998,25.6674821],[50.262657,25.6677105],[50.2626749,25.6678105],[50.2626178,25.6679961],[50.2625785,25.6682174],[50.2625678,25.6684029],[50.2625749,25.6686064],[50.2625999,25.6687599],[50.2626035,25.669231],[50.2626784,25.6695665],[50.262732,25.6696343],[50.2628034,25.6698235],[50.262914,25.6703267],[50.2630068,25.6705409],[50.2631317,25.6709228],[50.2631995,25.6713154],[50.2631353,25.671733],[50.262939,25.6721577],[50.2627284,25.6723612],[50.2623786,25.6726503],[50.2622037,25.6727074],[50.2617968,25.6728751],[50.2614649,25.6729465],[50.2604405,25.6733641],[50.2600015,25.6735926],[50.2594447,25.6739173],[50.2592235,25.6740173],[50.2590022,25.6741458],[50.2587309,25.6743349],[50.2583347,25.6746526],[50.2578101,25.675113],[50.257164,25.6755128],[50.2569535,25.6756127],[50.2562325,25.6760125],[50.25569,25.6762123],[50.2552117,25.6762766],[50.2547798,25.6763551],[50.2543051,25.6764907],[50.2538804,25.6765871],[50.2533878,25.6767441],[50.2530844,25.6768726],[50.2526169,25.6771225],[50.2520922,25.6773581],[50.2518352,25.6774366],[50.2514069,25.6776257],[50.2509965,25.6778684],[50.250354,25.6783467],[50.2498258,25.6785859],[50.2493725,25.6788678],[50.248059,25.6799314],[50.2473702,25.6804133],[50.2466563,25.6808416],[50.2453821,25.6817267],[50.2441436,25.6825084],[50.2432228,25.6832686],[50.2429337,25.6835435],[50.2426553,25.6838504],[50.242384,25.6841003],[50.2418451,25.6846499],[50.2409492,25.6854851],[50.2404816,25.6858634],[50.2402282,25.6860919],[50.2400105,25.6863381],[50.2395643,25.6869592],[50.2392467,25.6873518],[50.2385828,25.6882334],[50.2383365,25.6885724],[50.2381581,25.6888794],[50.2374621,25.6898324],[50.2371409,25.6903606],[50.236477,25.6915813],[50.2354134,25.693116],[50.2351421,25.6935479],[50.2344854,25.6947614],[50.2342355,25.6953004],[50.2341071,25.695618],[50.2339643,25.6958786],[50.2337894,25.6963176],[50.2337466,25.6965317],[50.2337216,25.6967138],[50.2337644,25.6968922],[50.2337608,25.6969957],[50.2337144,25.6972099],[50.2336466,25.6973241],[50.2336074,25.697549],[50.2336216,25.6977524],[50.2336074,25.6978059],[50.233486,25.6980379],[50.2333789,25.6982878],[50.2333111,25.6985055],[50.2332433,25.6988624],[50.2331862,25.699023],[50.2331898,25.6991765],[50.2331541,25.6992836],[50.2331327,25.6994763],[50.2329578,25.6999403],[50.2326829,25.7005185],[50.2326187,25.7006256],[50.2326187,25.7008005],[50.2323153,25.7013359],[50.2321761,25.7015358],[50.2321154,25.7016821],[50.2319941,25.7018891],[50.231937,25.7020426],[50.2314159,25.7029492],[50.2313552,25.7031169],[50.2313445,25.7032168],[50.2313588,25.7033275],[50.2311518,25.703945],[50.2310376,25.704152],[50.2310019,25.7042769],[50.2304808,25.7050942],[50.2301809,25.7056153],[50.2298918,25.7061507],[50.2296848,25.7066361],[50.2294171,25.7076533],[50.2293922,25.7078282],[50.2293707,25.708203],[50.2293101,25.7085599],[50.2293029,25.7086848],[50.2293136,25.7088811],[50.2292922,25.7090489],[50.2293101,25.7093559],[50.229228,25.7100626],[50.229228,25.7103017],[50.2295778,25.711326],[50.2296277,25.7115438],[50.2296206,25.7120256],[50.2295778,25.7127966],[50.2295421,25.7131677],[50.2295492,25.7134247],[50.2294564,25.7140244],[50.2293672,25.7149024],[50.2293922,25.7149702],[50.2293672,25.7150523],[50.2293493,25.7152165],[50.2293707,25.7152807],[50.229435,25.7153735],[50.2294707,25.7158197],[50.2293136,25.7165942],[50.2292744,25.7168547],[50.2292672,25.7170475],[50.2293458,25.7175043],[50.2293101,25.717954],[50.2290031,25.7193674],[50.228871,25.7197922],[50.2287818,25.7203739],[50.2287069,25.7207309],[50.2284249,25.721616],[50.2280644,25.7225654],[50.2278003,25.7236255],[50.2276754,25.7239253],[50.2272685,25.7252423],[50.2270401,25.7257884],[50.2265975,25.7266593],[50.2264047,25.7271019],[50.2261977,25.7274552],[50.225566,25.7286723],[50.2255196,25.7288508],[50.2251912,25.7295575],[50.225027,25.7299715],[50.224588,25.7307817],[50.224356,25.7311172],[50.2240419,25.7316847],[50.2236029,25.7324271],[50.2235851,25.7325056],[50.2236029,25.7325734],[50.2235958,25.7326734],[50.223428,25.7329625],[50.2233317,25.7332159],[50.2230675,25.733737],[50.2229355,25.7341617],[50.2228141,25.7344259],[50.2226499,25.7346793],[50.2217148,25.7358071],[50.2215114,25.7361248],[50.2213401,25.7364353],[50.2213401,25.7365495],[50.2209189,25.7371027],[50.2206726,25.737374],[50.2203657,25.7377845],[50.2198481,25.7384947],[50.2195198,25.739023],[50.2186739,25.7400723],[50.2183955,25.740365],[50.2183491,25.7404257],[50.2183241,25.7404935],[50.2181242,25.7407826],[50.2174711,25.7415999],[50.2173747,25.7417391],[50.2172676,25.7419461],[50.2169714,25.7423744],[50.2167858,25.7427064],[50.2165431,25.7430455],[50.2161826,25.7433881],[50.2158863,25.7437129],[50.2154081,25.7443089],[50.2150833,25.7446337],[50.2139911,25.7455939],[50.2137876,25.7457473],[50.2131523,25.7459865],[50.2130131,25.746065],[50.2127347,25.7461364],[50.2116854,25.7463434],[50.2101149,25.7467645],[50.2089907,25.7470822],[50.205293,25.7479959],[50.2031372,25.7485634],[50.2013454,25.749056],[50.2009243,25.7492166],[50.2003925,25.7494557],[50.1994609,25.7497805],[50.1992932,25.7498269],[50.1989577,25.7500304],[50.1982295,25.7503302],[50.1978798,25.7504051],[50.197505,25.7504265],[50.1973337,25.7504622],[50.1972016,25.7505193],[50.1970945,25.7506014],[50.1969589,25.7506657],[50.1967733,25.7507085],[50.1964735,25.7508406],[50.1961451,25.7509012],[50.195213,25.7512471],[50.194876,25.7513575],[50.1943316,25.7516012],[50.1935017,25.7519076],[50.1924395,25.7523816],[50.191994,25.7526843],[50.1915619,25.7529375],[50.190751,25.7535161],[50.1904788,25.7537636],[50.1903931,25.7539197],[50.1903855,25.7539844],[50.1904122,25.754072],[50.1903874,25.7541691],[50.190416,25.7543366],[50.1904103,25.7546202],[50.1903322,25.7547896],[50.1903322,25.7548734],[50.190317,25.7549115],[50.1902237,25.7550104],[50.1898849,25.7551818],[50.1897364,25.7552941],[50.1896298,25.7553531],[50.1894357,25.7553264],[50.1893652,25.7553341],[50.1892815,25.7553931],[50.1892015,25.7557566],[50.1891749,25.7558271],[50.1891273,25.7558499],[50.1890987,25.7558937],[50.189093,25.7559584],[50.1891159,25.7560117],[50.1891844,25.7560574],[50.1893214,25.7560993],[50.1893881,25.7560803],[50.1894128,25.7560384],[50.1894395,25.7558766],[50.1894947,25.7558023],[50.1895194,25.755711],[50.1895422,25.7556919],[50.1895727,25.7557129],[50.1896336,25.7558594],[50.1896317,25.7558994],[50.1896241,25.7559356],[50.1894147,25.7561164],[50.1893614,25.756223],[50.1893386,25.7562763],[50.1893405,25.7563239],[50.1893843,25.7564438],[50.1893652,25.7565124],[50.1891958,25.7568379],[50.1891501,25.7568569],[50.1890911,25.7568455],[50.1889712,25.7567789],[50.188796,25.7568112],[50.1883259,25.7571101],[50.1876463,25.757605],[50.1860187,25.7588956],[50.1859102,25.7590098],[50.1858512,25.7590403],[50.1857599,25.7591183],[50.1856418,25.7592592],[50.1854572,25.7594153],[50.1853563,25.7595562],[50.1851793,25.7597351],[50.1847814,25.7600378],[50.1843455,25.7604128],[50.1841571,25.7605841],[50.1838182,25.7609058],[50.1834642,25.7612751],[50.1829921,25.7618043],[50.1827713,25.7620708],[50.1825333,25.7623868],[50.1822478,25.7628189],[50.1821773,25.7629464],[50.1819851,25.763251],[50.1816786,25.7637288],[50.1812979,25.7643189],[50.1809667,25.7648081],[50.1807535,25.7651412],[50.1806431,25.7653145],[50.1805365,25.7655048],[50.1802928,25.7658874],[50.1800187,25.7662739],[50.1794971,25.7669877],[50.1791392,25.7675017],[50.1788537,25.7679452],[50.1785701,25.7683411],[50.1782331,25.7687713],[50.1779895,25.7691197],[50.1777782,25.7695309],[50.1776259,25.7698526],[50.1775897,25.769982],[50.1775859,25.7701134],[50.1775916,25.7702047],[50.1776126,25.7702695],[50.1776468,25.7703399],[50.1776963,25.7704008],[50.1777496,25.7704446],[50.1778201,25.7704808],[50.177921,25.7704979],[50.177999,25.7705302],[50.1780523,25.770555],[50.1781227,25.770595],[50.1781532,25.7706235],[50.1781837,25.7706559],[50.178216,25.770692],[50.1782903,25.7707415],[50.1793182,25.7712022],[50.1797807,25.7713983],[50.1798131,25.7714173],[50.1798588,25.7714478],[50.1799578,25.7714992],[50.1801291,25.7715943],[50.1802357,25.7716476],[50.1802528,25.7716743],[50.180249,25.7717067],[50.1802262,25.7717295],[50.1801729,25.7717105],[50.1800511,25.7716838],[50.1799235,25.7716667],[50.1798588,25.7716362],[50.1797655,25.7715867],[50.1795504,25.7714649],[50.1793791,25.7713792],[50.1791507,25.7712764],[50.1787128,25.7710823],[50.1783283,25.7709091],[50.1779286,25.7707282],[50.1777173,25.7706502],[50.1776735,25.7706368],[50.1775974,25.7706692],[50.1774927,25.7707358],[50.1773975,25.7708462],[50.1772395,25.7710214],[50.1770206,25.7713145],[50.1767427,25.7717504],[50.1763981,25.7723691],[50.1760688,25.7729916],[50.1758632,25.7733951],[50.1757566,25.7736331],[50.175709,25.7737644],[50.1756176,25.7739662],[50.1754882,25.7742003],[50.1753473,25.7744592],[50.175197,25.7746876],[50.1750161,25.7749465],[50.1746906,25.7753329],[50.1743251,25.7757917],[50.1739749,25.7762524],[50.1738207,25.7764637],[50.1737084,25.7766578],[50.1735732,25.7769224],[50.1733981,25.777305],[50.1732306,25.7776724],[50.1731773,25.7778514],[50.1731068,25.7780665],[50.172966,25.7783863],[50.1728327,25.7787289],[50.172669,25.7790773],[50.1724463,25.779437],[50.1722141,25.7798006],[50.1720408,25.7800595],[50.1717724,25.7804345],[50.1715097,25.780781],[50.1712204,25.7810951],[50.1708682,25.7815024],[50.1705561,25.781885],[50.1701696,25.7824161],[50.1696538,25.7831071],[50.1695186,25.7832956],[50.1690123,25.7840304],[50.1688923,25.7842588],[50.1688657,25.7843254],[50.1688428,25.7843939],[50.1688238,25.7844625],[50.16882,25.7845139],[50.1688276,25.7846128],[50.1688295,25.7846547],[50.1687972,25.7846928],[50.1687591,25.7847271],[50.1687134,25.7847651],[50.1686791,25.7848051],[50.1686011,25.7849003],[50.1684507,25.7850925],[50.1682051,25.7854104],[50.1680472,25.7856122],[50.1678892,25.785795],[50.1676626,25.7860519],[50.1673752,25.7863641],[50.1671391,25.786644],[50.1669583,25.7869028],[50.1668974,25.7870094],[50.1667775,25.7871598],[50.1666633,25.7873311],[50.16653,25.7874891],[50.1662997,25.787748],[50.1658923,25.7881916],[50.1655249,25.7885494],[50.1652965,25.7887721],[50.1652013,25.7888883],[50.1651404,25.7889949],[50.1651138,25.7890577],[50.1650776,25.7891015],[50.1650376,25.7891319],[50.1649938,25.7891814],[50.1649748,25.7892157],[50.1649558,25.7892633],[50.1648625,25.7894194],[50.164754,25.7895735],[50.1644475,25.7900856],[50.1641239,25.7906262],[50.1638231,25.791125],[50.1636499,25.7914524],[50.1634595,25.7918464],[50.1632368,25.7923699],[50.1631931,25.7925431],[50.1631302,25.7927068],[50.1630503,25.7930019],[50.1629494,25.7933084],[50.1627781,25.7937652],[50.1626981,25.7939727],[50.1626315,25.7942963],[50.1625839,25.7945038],[50.1625002,25.7947227],[50.1624202,25.7949016],[50.1623802,25.7950139],[50.1623783,25.795073],[50.1623231,25.7952443],[50.1622527,25.7954365],[50.1622279,25.7955869],[50.162207,25.7956954],[50.1621956,25.7957335],[50.1620604,25.79596],[50.1618853,25.7962417],[50.161752,25.7964549],[50.1615674,25.796691],[50.1612666,25.7970336],[50.1607298,25.7976218],[50.1605452,25.7978255],[50.1602025,25.7982348],[50.160016,25.798448],[50.1598846,25.7986079],[50.1596391,25.7988268],[50.1594697,25.7989924],[50.1589481,25.7994816],[50.1583447,25.8000451],[50.1579525,25.8004353],[50.1575851,25.8008465],[50.1573015,25.8011967],[50.1569512,25.8016231],[50.1567323,25.8018744],[50.1565572,25.8020876],[50.1563802,25.8023693],[50.1560927,25.8028357],[50.1559081,25.8031346],[50.1557729,25.803323],[50.1556892,25.8034791],[50.1555635,25.8036809],[50.1553751,25.8039017],[50.1552799,25.8040559],[50.1551981,25.8042253],[50.1551162,25.8044062],[50.1549963,25.8045718],[50.1547869,25.8048554],[50.1545813,25.8051409],[50.1544347,25.8053484],[50.1540769,25.8058681],[50.153896,25.8061879],[50.153719,25.8064582],[50.1534887,25.8067913],[50.1531479,25.8072177],[50.1528833,25.8075128],[50.1526834,25.8077317],[50.1525159,25.8079163],[50.1524131,25.8080724],[50.1522475,25.8083066],[50.1521752,25.8084436],[50.1520534,25.8086264],[50.1518554,25.80887],[50.1516631,25.8091213],[50.1514537,25.809443],[50.1513586,25.8096257],[50.151271,25.8098028],[50.1511968,25.8100026],[50.1511339,25.8102235],[50.1510692,25.8104633],[50.1510235,25.8106442],[50.151014,25.8107165],[50.1509836,25.8108174],[50.1509455,25.8109354],[50.1508922,25.811061],[50.1508008,25.8112076],[50.1507266,25.8113313],[50.1505914,25.8115312],[50.150441,25.8117273],[50.1501917,25.812049],[50.1499785,25.8123478],[50.1497082,25.8128085],[50.1494207,25.8132444],[50.149316,25.81341],[50.1491104,25.8136899],[50.1490286,25.8138117],[50.1489125,25.8139545],[50.1488116,25.8141086],[50.1486917,25.8142876],[50.1486365,25.8144113],[50.148566,25.8145369],[50.1484937,25.8146988],[50.1484309,25.8148625],[50.1483547,25.8150414],[50.14829,25.8152241],[50.1481587,25.8154811],[50.1480273,25.8157362],[50.1479112,25.815976],[50.1478274,25.8161835],[50.1477856,25.8163149],[50.1477532,25.8164101],[50.147717,25.8165014],[50.1476485,25.8166328],[50.1475743,25.8167318],[50.1475019,25.8168307],[50.1474315,25.816924],[50.1473439,25.8170649],[50.1471783,25.8172762],[50.147007,25.8174818],[50.1468909,25.8176341],[50.1468071,25.8177483],[50.1467576,25.8178396],[50.1467253,25.8178872],[50.1466872,25.8179291],[50.1466263,25.817971],[50.1465901,25.81799],[50.1465521,25.8180091],[50.1464988,25.81803],[50.1464569,25.8180509],[50.1464207,25.8180814],[50.1463864,25.8181214],[50.1463312,25.8181785],[50.1460457,25.8184754],[50.1459886,25.8185344],[50.1459429,25.8185554],[50.1458439,25.8185573],[50.145783,25.8185573],[50.1457145,25.8185573],[50.1456555,25.8185725],[50.1456022,25.8185896],[50.1455336,25.8186144],[50.1454575,25.8186582],[50.1453814,25.8187077],[50.1453128,25.8187591],[50.145231,25.8188295],[50.1451853,25.8188828],[50.1451548,25.8189171],[50.145113,25.8189418],[50.1450673,25.8189608],[50.1450444,25.8189951],[50.1450292,25.8190332],[50.145014,25.8190922],[50.1450006,25.8191436],[50.1449949,25.8191798],[50.1449949,25.8192159],[50.1450064,25.8192426],[50.145033,25.8192654],[50.1465121,25.8199507],[50.1468052,25.8200839],[50.1468852,25.8201106],[50.1469366,25.8201411],[50.1469861,25.8201791],[50.1470108,25.8202229],[50.1470279,25.8202914],[50.1470222,25.8203409],[50.1469689,25.8203961],[50.146908,25.8204209],[50.1468414,25.8204342],[50.14671,25.8204532],[50.1465197,25.8204818],[50.1464359,25.8204875],[50.1463541,25.8204951],[50.1463236,25.8205123],[50.1463008,25.8205332],[50.1462551,25.820556],[50.1461751,25.8205713],[50.1461466,25.8205541],[50.1460324,25.8205503],[50.1458572,25.820577],[50.1455108,25.8206417],[50.1451739,25.8207083],[50.1450635,25.8207369],[50.144974,25.8207197],[50.143948,25.8207064],[50.1417208,25.8206817],[50.1412963,25.8206741],[50.1410622,25.8206741],[50.140927,25.8206931],[50.1407747,25.8207255],[50.1405977,25.820794],[50.1404473,25.820872],[50.1402874,25.8209786],[50.1401294,25.821129],[50.1399981,25.8212946],[50.1397658,25.8216791],[50.1395469,25.8220446],[50.1399295,25.8222217],[50.1400266,25.8220522],[50.1400932,25.8218695],[50.1401484,25.8217667],[50.140295,25.8214888],[50.140413,25.821327],[50.140552,25.8211937],[50.1406313,25.821133],[50.1407284,25.8210835],[50.1408388,25.821036],[50.1409854,25.820996],[50.1411396,25.820975],[50.1413947,25.820975],[50.1417868,25.8209788],[50.142573,25.8209827],[50.1439759,25.8209922],[50.1446745,25.8209884],[50.1451371,25.8209941],[50.1452322,25.8210207],[50.1454359,25.8210683],[50.1458185,25.8211464],[50.1460355,25.8211882],[50.1461536,25.8211882],[50.1463515,25.8212396],[50.1465685,25.8212701],[50.1468998,25.8212777],[50.1470635,25.8212511],[50.1477316,25.8211768],[50.1483712,25.8210816],[50.1487672,25.8210112],[50.1488376,25.8209998],[50.1488776,25.8210055],[50.1489214,25.8210283],[50.1489689,25.8210588],[50.148988,25.8210874],[50.1489918,25.8211368],[50.148988,25.8211863],[50.1489651,25.8212206],[50.1489271,25.8212415],[50.1489004,25.8212549],[50.1488433,25.8212625],[50.1487557,25.8212815],[50.1486587,25.821291],[50.1485768,25.8212967],[50.1485121,25.8212948],[50.1484169,25.8213025],[50.1483008,25.8213177],[50.1479563,25.8213748],[50.1475698,25.8214281],[50.1473528,25.8214528],[50.1471282,25.8214738],[50.1469474,25.8214909],[50.1467646,25.8214985],[50.146521,25.8215061],[50.1463382,25.8215042],[50.1462507,25.8215061],[50.1461821,25.8215252],[50.1458223,25.8215366],[50.1450019,25.8215537],[50.1438693,25.8215823],[50.1430907,25.8216032],[50.1426282,25.8216165],[50.1424968,25.8216394],[50.1422988,25.8216851],[50.1421351,25.8217384],[50.1419505,25.8218145],[50.1417849,25.8219002],[50.1416269,25.8220163],[50.141467,25.8221457],[50.1413566,25.8222409],[50.1412747,25.8223285],[50.1411986,25.8224351],[50.1411243,25.8225493],[50.1410768,25.822635],[50.1403991,25.8238152],[50.1399898,25.8245404],[50.1396338,25.8251781],[50.1394416,25.8255208],[50.1393369,25.8256959],[50.1392836,25.8258139],[50.1392588,25.8259472],[50.1392531,25.8260842],[50.1392665,25.8261946],[50.1392817,25.8262936],[50.1393102,25.8263698],[50.1393464,25.8264383],[50.1394187,25.8265335],[50.1395025,25.8266267],[50.1395672,25.82672],[50.1396034,25.8268209],[50.1396281,25.8269161],[50.1396186,25.8270417],[50.139592,25.8271369],[50.1395501,25.8272397],[50.1394949,25.8273368],[50.1394987,25.8273615],[50.1395215,25.8273729],[50.1396167,25.8274281],[50.1398337,25.8275252],[50.1407627,25.8279783],[50.1409511,25.8280506],[50.1410082,25.828083],[50.141052,25.828121],[50.1411072,25.8281743],[50.1411548,25.8282657],[50.1411795,25.8283419],[50.1411776,25.8284465],[50.1411548,25.8284941],[50.1411396,25.8285341],[50.1411015,25.8286122],[50.1410863,25.8286674],[50.1410882,25.8287283],[50.1410844,25.828793],[50.1409016,25.8290995],[50.1404581,25.8298761],[50.1403743,25.8299884],[50.1403306,25.830076],[50.1402639,25.8301769],[50.1402011,25.8302664],[50.1401554,25.8303216],[50.1400793,25.8303501],[50.1399841,25.8303806],[50.1399137,25.8303901],[50.139828,25.830392],[50.1397309,25.8303615],[50.1396205,25.8303139],[50.1393578,25.8301826],[50.1390057,25.830017],[50.1386573,25.8298609],[50.1382442,25.8296934],[50.1381928,25.8296839],[50.1381757,25.8296858],[50.1381567,25.8296972],[50.1381357,25.8297219],[50.1380996,25.8297848],[50.1380577,25.8298666],[50.1380044,25.8299447],[50.1379587,25.8300056],[50.1378978,25.8300589],[50.1378121,25.8301027],[50.1377112,25.8301407],[50.137597,25.8301655],[50.1374999,25.8301598],[50.1373439,25.830156],[50.1371878,25.8301674],[50.1370774,25.8301978],[50.1369327,25.830253],[50.1368166,25.8303216],[50.1367024,25.8304053],[50.1366129,25.8304891],[50.136493,25.8306966],[50.1362874,25.8310716],[50.1360628,25.8314865],[50.1359409,25.8317226],[50.1358191,25.8320062],[50.1357525,25.832189],[50.1356954,25.8323793],[50.1356497,25.832524],[50.1355735,25.8327143],[50.1354936,25.8328952],[50.1354365,25.8330532],[50.1354251,25.8331522],[50.1354232,25.8332188],[50.1354193,25.8333045],[50.1354079,25.833373],[50.1353851,25.8334644],[50.135368,25.8335995],[50.1353603,25.8337156],[50.1353641,25.833866],[50.1353756,25.8340088],[50.1353889,25.834163],[50.1353984,25.8343286],[50.1354003,25.8344276],[50.1353946,25.8345265],[50.1353851,25.8345837],[50.1353508,25.8346693],[50.1353089,25.8347702],[50.1352366,25.8348711],[50.1351909,25.8349434],[50.1351548,25.8349796],[50.1351091,25.8350177],[50.1350691,25.8350614],[50.1350558,25.8351338],[50.1350501,25.8351852],[50.135012,25.8352328],[50.1349758,25.8352689],[50.1349225,25.8353318],[50.1348863,25.835366],[50.1348388,25.8354041],[50.1347493,25.8354764],[50.1346598,25.8355526],[50.1345266,25.835663],[50.1343667,25.8358362],[50.1343838,25.8358648],[50.1343705,25.8358781],[50.1343267,25.8359276],[50.1342391,25.8360494],[50.1341535,25.8361922],[50.1340945,25.8363273],[50.1340659,25.8364149],[50.1340815,25.8364966],[50.134072,25.836586],[50.1340796,25.8366241],[50.1340853,25.8366546],[50.1340871,25.8366716],[50.1340909,25.8367002],[50.1341081,25.8367364],[50.1341214,25.8367687],[50.1341275,25.836781],[50.1341377,25.8368368],[50.1341376,25.8368649],[50.1341376,25.8369068],[50.1341414,25.8369429],[50.1341528,25.8369772],[50.1341604,25.836994],[50.1341633,25.8370169],[50.1341684,25.8370491],[50.1341799,25.8370902],[50.1341946,25.8371225],[50.1342027,25.837149],[50.1342,25.8371952],[50.1309081,25.8339487],[50.1300799,25.8337399],[50.1288999,25.8328499],[50.1288999,25.8298899],[50.1306799,25.8278199],[50.1300799,25.8254499],[50.1297899,25.8227899],[50.1291899,25.8219],[50.12653,25.8236899],[50.12564,25.8254499],[50.12416,25.8257499],[50.12179,25.8245499],[50.1215,25.8213099],[50.12179,25.8177499],[50.12209,25.8168599],[50.12268,25.8141999],[50.12357,25.8112399],[50.12831,25.8088699],[50.12594,25.8070799],[50.1259399,25.8070799],[50.12416,25.8070799],[50.12179,25.8061999],[50.11942,25.8056099],[50.11794,25.8053099],[50.11794,25.80531],[50.11557,25.8070799],[50.11113,25.8097599],[50.10758,25.8124199],[50.10373,25.8177499],[50.10165,25.8207099],[50.09721,25.8233799],[50.0965824,25.8236649],[50.09395,25.8248599],[50.08981,25.8281199],[50.08744,25.8301899],[50.08359,25.8334499],[50.08003,25.8358199],[50.07706,25.8396699],[50.07677,25.8426299],[50.075,25.8452899],[50.07233,25.8479599],[50.06908,25.8518099],[50.067,25.8544799],[50.06582,25.8574399],[50.06523,25.8603999],[50.06315,25.8645499],[50.06049,25.8680899],[50.05841,25.8725399],[50.05841,25.8737299],[50.05575,25.8761099],[50.05366,25.8764999],[50.0536599,25.8764999],[50.0535499,25.8753399],[50.0525799,25.8739499],[50.0508999,25.8735299],[50.0486699,25.8725499],[50.0454599,25.8704599],[50.0415499,25.8682299],[50.0380599,25.8659899],[50.0354099,25.8641799],[50.0327599,25.8622199],[50.0315099,25.8615299],[50.0299699,25.8610999],[50.0288499,25.8608299],[50.0229999,25.8570599],[50.0203399,25.8545599],[50.0182499,25.8531599],[50.0167199,25.8520399],[50.0141999,25.8512099],[50.0118299,25.8502199],[50.0098799,25.8491099],[50.0084799,25.8478499],[50.0068099,25.8457599],[50.0067199,25.8456099],[50.00662,25.8456199],[49.99664,25.8311499],[49.9692,25.8056999],[49.95123,25.7887299],[49.9331091,25.7768477],[49.92079,25.7687699],[49.88837,25.7488099],[49.88037,25.7438199],[49.88033,25.7433399],[49.8803299,25.7433399],[49.87871,25.7433399],[49.87704,25.7420799],[49.87606,25.7404099],[49.87508,25.7387299],[49.87439,25.7363599],[49.87369,25.7342699],[49.87313,25.7321799],[49.87257,25.7307799],[49.87173,25.7295199],[49.87062,25.7284099],[49.86839,25.7271399],[49.86615,25.7263099],[49.8642,25.7257599],[49.86155,25.7253399],[49.8615499,25.7253399],[49.85876,25.7253399],[49.8587599,25.7253399],[49.8554436,25.7250075],[49.85457,25.7249199],[49.84941,25.7242199],[49.8494099,25.7242199],[49.84536,25.7239499],[49.8453599,25.7239499],[49.84313,25.7236599],[49.84132,25.7232499],[49.83908,25.7229699],[49.8390799,25.7229699],[49.83727,25.7228299],[49.8372699,25.7228299],[49.81913,25.7219899],[49.8191299,25.7219899],[49.81648,25.7218499],[49.8164799,25.7218499],[49.81327,25.7217099],[49.8132699,25.7217099],[49.80853,25.7214299],[49.8085299,25.7214299],[49.80169,25.7210099],[49.79904,25.7205999],[49.7990399,25.7205999],[49.79708,25.7204599],[49.79471,25.7200399],[49.79234,25.7197599],[49.7923399,25.7197599],[49.78271,25.7194799],[49.7827099,25.7194799],[49.77866,25.7190599],[49.7786599,25.7190599],[49.77629,25.7189199],[49.7762899,25.7189199],[49.77211,25.7186399],[49.7721099,25.7186399],[49.76721,25.7187799],[49.7672099,25.7187799],[49.75732,25.7186399],[49.75369,25.7182199],[49.7536899,25.7182199],[49.75061,25.7179399],[49.7506099,25.7179399],[49.74742,25.7175199],[49.74462,25.7171099],[49.74266,25.7166899],[49.74127,25.7164099],[49.7412699,25.7164099],[49.73959,25.7162699],[49.7395899,25.7162699],[49.73485,25.7158499],[49.7348499,25.7158499],[49.73053,25.7152899],[49.7305299,25.7152899],[49.72787,25.7151499],[49.7278699,25.7151499],[49.72355,25.7148699],[49.7235499,25.7148699],[49.72006,25.7147299],[49.7200599,25.7147299],[49.71728,25.7145899],[49.7172799,25.7145899],[49.71518,25.7144499],[49.7128,25.7140499],[49.71058,25.7137599],[49.70806,25.7131999],[49.70583,25.7127799],[49.70359,25.7122199],[49.7035899,25.7122199],[49.7008,25.7119399],[49.69801,25.7115199],[49.69578,25.7112399],[49.6957799,25.7112399],[49.69369,25.7112399],[49.6936899,25.7112399],[49.68922,25.7109699],[49.6892199,25.7109699],[49.68685,25.7106999],[49.6868499,25.7106999],[49.68434,25.7105399],[49.68155,25.7101299],[49.67876,25.7097099],[49.6787599,25.7097099],[49.67457,25.7097099],[49.6745699,25.7097099],[49.66983,25.7095699],[49.66843,25.7091499],[49.6684299,25.7091499],[49.6669,25.7090099],[49.65559,25.7062199],[49.64931,25.7046899],[49.64317,25.7032899],[49.63522,25.7009199],[49.61708,25.6969999],[49.61332,25.6958999],[49.61024,25.6951999],[49.60634,25.6947799],[49.60369,25.6942199],[49.60005,25.6935199],[49.59252,25.6905899],[49.59113,25.6901799],[49.5911299,25.6901799],[49.59042,25.6902399],[49.58995,25.6896199],[49.5899499,25.6896199],[49.57817,25.6891499],[49.56496,25.6914999],[49.55461,25.6938599],[49.54424,25.6966799],[49.5442399,25.6966799],[49.53901,25.6969999],[49.53952,25.6985299],[49.53851,25.7000999],[49.5375,25.7015599],[49.53694,25.7033499],[49.53638,25.7055899],[49.53571,25.7063799],[49.53515,25.7079499],[49.53571,25.7101899],[49.53638,25.7111999],[49.53671,25.7129899],[49.53761,25.7144499],[49.53896,25.7161299],[49.54008,25.7182699],[49.54086,25.7193799],[49.5412,25.7213999],[49.54165,25.7229699],[49.54187,25.7238599],[49.54198,25.7255399],[49.53952,25.7318199],[49.53503,25.7419099],[49.5350299,25.7419099],[49.53278,25.7406799],[49.53111,25.7386599],[49.53111,25.73866],[49.52943,25.7400999],[49.5294299,25.7400999],[49.52786,25.7400999],[49.52528,25.7336099],[49.52102,25.7229699],[49.51986,25.7197799],[49.50758,25.7079499],[49.50433,25.7036899],[49.50702,25.6969699],[49.50633,25.6926999],[49.50466,25.6914999],[49.50136,25.6877299],[49.49806,25.6801899],[49.48911,25.6669999],[49.41749,25.6377799],[49.36707,25.6179899],[49.35528,25.6151799],[49.35528,25.61518],[49.35341,25.6175199],[49.34822,25.6212799],[49.34493,25.6274199],[49.33739,25.6354299],[49.32655,25.6467399],[49.32089,25.6500399],[49.31571,25.6533299],[49.31548,25.6539199],[49.3154799,25.6539199],[49.31377,25.6537899],[49.30584,25.6580699],[49.2979,25.6605099],[49.29057,25.6653999],[49.2863,25.6672299],[49.28203,25.6684499],[49.28141,25.6720999],[49.27897,25.6745499],[49.27226,25.6763899],[49.26127,25.6849299],[49.25516,25.6892099],[49.25394,25.6953099],[49.25211,25.7044699],[49.25394,25.7111899],[49.25272,25.7166799],[49.25028,25.7215699],[49.25028,25.7459899],[49.2515,25.7612499],[49.25455,25.7740799],[49.25943,25.7905599],[49.26004,25.7966699],[49.25943,25.8052199],[49.25821,25.8125399],[49.2576,25.8174299],[49.25821,25.8235299],[49.25699,25.8296399],[49.2515,25.8369599],[49.24784,25.8424599],[49.24722,25.8497899],[49.246,25.8668799],[49.24478,25.8717699],[49.24112,25.8778699],[49.2403,25.8809199],[49.23995,25.8811699],[49.23117,25.8907799],[49.22574,25.8962199],[49.21528,25.9112699],[49.2019,25.9263199],[49.17807,25.9509899],[49.16386,25.9723099],[49.1638599,25.9723099],[49.1644509,25.9714232],[49.163497,25.9724483],[49.1190668,26.0106462],[49.11904,26.0106399],[49.1190399,26.0106399],[49.11232,26.0106799],[49.10198,26.0094399],[49.1019799,26.0094399],[49.08674,26.0094399],[49.0867399,26.0094399],[49.08325,26.0094399],[49.0832499,26.0094399],[49.07944,26.0092799],[49.07611,26.0086499],[49.0761099,26.0086499],[49.07357,26.0084899],[49.0735699,26.0084899],[49.07071,26.0081799],[49.0707099,26.0081799],[49.065,26.0080099],[49.0649999,26.0080099],[49.05691,26.0081799],[49.0569099,26.0081799],[49.0431,26.0083299],[49.0430999,26.0083299],[49.04072,26.0084899],[49.03787,26.0089599],[49.03374,26.0094399],[49.03072,26.0097599],[49.0307199,26.0097599],[49.02739,26.0099099],[49.0273899,26.0099099],[49.02406,26.0102299],[49.0240599,26.0102299],[49.02168,26.0100699],[49.0216799,26.0100699],[49.01834,26.0103899],[49.01485,26.0110299],[49.01184,26.0116599],[49.00834,26.0124499],[49.00343,26.0135699],[48.99898,26.0143599],[48.9955,26.0151499],[48.99247,26.0159499],[48.9924699,26.0159499],[48.98914,26.0162599],[48.98597,26.0167399],[48.98327,26.0170599],[48.98073,26.0176899],[48.97788,26.0183299],[48.97486,26.0186399],[48.9748599,26.0186399],[48.97153,26.0188099],[48.9715299,26.0188099],[48.96788,26.0188099],[48.9678799,26.0188099],[48.96216,26.0188099],[48.95422,26.0207699],[48.93191,26.0321899],[48.92266,26.0414499],[48.9192,26.0439799],[48.92162,26.0485099],[48.92415,26.0538199],[48.92415,26.0591199],[48.92338,26.0641699],[48.92313,26.0674499],[48.92439,26.0717399],[48.92616,26.0755299],[48.92894,26.0813399],[48.93045,26.0833599],[48.93222,26.0868899],[48.935,26.0896699],[48.93601,26.0929499],[48.93424,26.1005299],[48.93424,26.1033099],[48.93424,26.1055899],[48.93449,26.1096199],[48.93399,26.1159299],[48.93424,26.1189599],[48.93601,26.1212299],[48.93551,26.1257799],[48.93348,26.1267899],[48.93121,26.1300699],[48.93071,26.1341099],[48.92919,26.1378999],[48.92919,26.1424399],[48.92869,26.1464799],[48.92792,26.1520399],[48.92792,26.1550699],[48.92667,26.1560799],[48.9266699,26.1560799],[48.92415,26.1563299],[48.92263,26.1560799],[48.92086,26.1527999],[48.91933,26.1502699],[48.91884,26.1487599],[48.9188399,26.14876],[48.91758,26.1495099],[48.9175799,26.1495099],[48.9148,26.1497699],[48.91278,26.1479999],[48.91202,26.1452199],[48.91354,26.1431999],[48.91176,26.1409299],[48.91051,26.1353699],[48.90874,26.1320899],[48.90823,26.1288099],[48.90773,26.1242599],[48.90799,26.1212299],[48.90722,26.1181999],[48.90697,26.1144199],[48.90799,26.1116399],[48.9095,26.1093599],[48.9095,26.1060799],[48.90924,26.1025499],[48.90748,26.1000199],[48.90596,26.0959799],[48.9059599,26.0959799],[48.90167,26.0964899],[48.89914,26.0969999],[48.8991399,26.0969999],[48.89637,26.0969999],[48.8946,26.0949699],[48.8945999,26.09497],[48.88778,26.0992699],[48.88424,26.0974999],[48.88424,26.0975],[48.88021,26.0995199],[48.87238,26.1030499],[48.87061,26.1038099],[48.86354,26.1053299],[48.86253,26.1040599],[48.86102,26.1017899],[48.85773,26.1012899],[48.85622,26.0990099],[48.85496,26.0979999],[48.8549599,26.098],[48.8489,26.0990099],[48.8488999,26.0990099],[48.84839,26.0990099],[48.84486,26.0985099],[48.84359,26.0982599],[48.8435899,26.0982599],[48.84132,26.0982599],[48.83939,26.0964199],[48.8393899,26.0964199],[48.82143,26.0985999],[48.80674,26.1002299],[48.78824,26.1040399],[48.77681,26.1078499],[48.7768099,26.1078499],[48.75287,26.1100199],[48.7528699,26.1100199],[48.74144,26.1111099],[48.7414399,26.1111099],[48.71858,26.1116599],[48.69736,26.1143799],[48.6794,26.1209099],[48.67016,26.1264099],[48.66968,26.1281599],[48.66937,26.1302099],[48.66905,26.1322699],[48.66825,26.1333799],[48.66778,26.1352799],[48.66746,26.1376699],[48.66714,26.1397299],[48.66667,26.1417899],[48.66555,26.1440299],[48.6646,26.1459099],[48.6646,26.1481399],[48.66508,26.1502099],[48.66571,26.1521099],[48.66603,26.1541699],[48.66635,26.1568699],[48.66619,26.1600499],[48.66619,26.1627399],[48.66619,26.1649599],[48.66651,26.1665499],[48.6673,26.1679799],[48.66841,26.1697299],[48.66857,26.1714699],[48.6689,26.1733799],[48.66905,26.1751199],[48.66968,26.1770199],[48.66984,26.1790899],[48.66905,26.1809899],[48.66778,26.1825799],[48.66635,26.1838499],[48.66492,26.1846399],[48.66254,26.1854399],[48.66032,26.1870199],[48.65921,26.1884499],[48.65857,26.1901999],[48.65794,26.1920999],[48.65699,26.1936899],[48.65603,26.1952699],[48.65524,26.1968599],[48.65334,26.1989299],[48.6527,26.2005099],[48.65207,26.2020999],[48.65143,26.2035299],[48.65064,26.2047999],[48.65,26.2062299],[48.64905,26.2074999],[48.64477,26.2105099],[48.64318,26.2116199],[48.64127,26.2124199],[48.63889,26.2128899],[48.63651,26.2135299],[48.63477,26.2143199],[48.63286,26.2154299],[48.63175,26.2168599],[48.63096,26.2186099],[48.63064,26.2201899],[48.63096,26.2219399],[48.63223,26.2236799],[48.63318,26.2246399],[48.63461,26.2262199],[48.63509,26.2276499],[48.63541,26.2295599],[48.63541,26.2314599],[48.63525,26.2332099],[48.63572,26.2341599],[48.64223,26.2405099],[48.64318,26.2419299],[48.64445,26.2439999],[48.64492,26.2455799],[48.64492,26.2476499],[48.64461,26.2493899],[48.64413,26.2516099],[48.64302,26.2538399],[48.64191,26.2560599],[48.64112,26.2581199],[48.63985,26.2600299],[48.63889,26.2616099],[48.63667,26.2638299],[48.63365,26.2666899],[48.62937,26.2711299],[48.62413,26.2762099],[48.62127,26.2787499],[48.61922,26.2800299],[48.61461,26.2838299],[48.61287,26.2849399],[48.61049,26.2876399],[48.60271,26.2962099],[48.60144,26.2974799],[48.60128,26.2990599],[48.6016,26.3006499],[48.60239,26.3019199],[48.60699,26.3073199],[48.60891,26.3092199],[48.61049,26.3111299],[48.61271,26.3138199],[48.61398,26.3155699],[48.61603,26.3182699],[48.61954,26.3220799],[48.62922,26.3322299],[48.6335,26.3363599],[48.63493,26.3373099],[48.63714,26.3393699],[48.63953,26.3412799],[48.6408,26.3428599],[48.6427,26.3442899],[48.64397,26.3455599],[48.65746,26.3576199],[48.65905,26.3588899],[48.66127,26.3603199],[48.66302,26.3619099],[48.66778,26.3658799],[48.67032,26.3671499],[48.67317,26.3690499],[48.67602,26.3712699],[48.67809,26.3731799],[48.68079,26.3752399],[48.68317,26.3772999],[48.68587,26.3788799],[48.68825,26.3803199],[48.69127,26.3823899],[48.69444,26.3841399],[48.69715,26.3860299],[48.69952,26.3876199],[48.7011,26.3895099],[48.70222,26.3909499],[48.70269,26.3926999],[48.70237,26.3944399],[48.70142,26.3957099],[48.69999,26.3964999],[48.69809,26.3974599],[48.68936,26.4007899],[48.68492,26.4020599],[48.68222,26.4030099],[48.67873,26.4036499],[48.67414,26.4049199],[48.6741399,26.4049199],[48.67191,26.4049199],[48.6719099,26.4049199],[48.66953,26.4050799],[48.66571,26.4061899],[48.65873,26.4087299],[48.65699,26.4099899],[48.65492,26.4109499],[48.6535,26.4120599],[48.65223,26.4131699],[48.6508,26.4145999],[48.64905,26.4160299],[48.64477,26.4199899],[48.64143,26.4231699],[48.63937,26.4253899],[48.63763,26.4265099],[48.63461,26.4288799],[48.63286,26.4306299],[48.62207,26.4382399],[48.62049,26.4387199],[48.61906,26.4393499],[48.61382,26.4422099],[48.61208,26.4431599],[48.61033,26.4439599],[48.60891,26.4450699],[48.60668,26.4471299],[48.6054,26.4483999],[48.60303,26.4506199],[48.60112,26.4512499],[48.59906,26.4522099],[48.59335,26.4569699],[48.59192,26.4579199],[48.59018,26.4585599],[48.58891,26.4599999],[48.58747,26.4614099],[48.58525,26.4644299],[48.58383,26.4653899],[48.58129,26.4688699],[48.57986,26.4702999],[48.57668,26.4734699],[48.56986,26.4777499],[48.5678,26.4785499],[48.56621,26.4790299],[48.5643,26.4798199],[48.56224,26.4802999],[48.5622399,26.4802999],[48.56018,26.4804599],[48.55828,26.4807699],[48.55701,26.4815699],[48.55685,26.4833099],[48.55732,26.4850599],[48.5578,26.4874399],[48.55891,26.4898199],[48.56002,26.4918899],[48.56097,26.4937899],[48.56192,26.4953699],[48.56208,26.4969599],[48.56224,26.4990299],[48.5624,26.5007699],[48.56303,26.5025199],[48.56557,26.5063199],[48.56701,26.5082299],[48.56764,26.5101299],[48.56748,26.5121999],[48.56669,26.5174299],[48.56637,26.5191799],[48.56652,26.5212399],[48.56669,26.5233099],[48.56732,26.5252099],[48.56843,26.5263199],[48.56954,26.5280699],[48.57018,26.5294999],[48.5705,26.5313999],[48.57113,26.5340999],[48.57191,26.5369499],[48.57272,26.5386999],[48.57351,26.5404499],[48.57478,26.5417199],[48.57668,26.5425099],[48.57843,26.5431299],[48.57986,26.5439399],[48.58081,26.5455199],[48.58081,26.5496499],[48.58113,26.5517099],[48.5816,26.5529799],[48.58287,26.5540899],[48.5843,26.5547299],[48.58621,26.5551999],[48.58795,26.5556799],[48.59033,26.5564699],[48.5924,26.5575799],[48.59382,26.5580599],[48.59557,26.5588499],[48.59779,26.5599699],[48.60335,26.5613899],[48.60477,26.5625099],[48.60668,26.5634599],[48.60811,26.5647299],[48.60938,26.5663099],[48.61057,26.5672099],[48.61348,26.5709699],[48.61549,26.5743299],[48.61594,26.5770099],[48.61572,26.5796999],[48.61438,26.5817099],[48.6123,26.5820999],[48.61112,26.5817099],[48.60652,26.5805999],[48.60382,26.5791699],[48.60176,26.5786899],[48.60001,26.5783799],[48.59811,26.5766199],[48.59573,26.5755199],[48.5957299,26.5755199],[48.59382,26.5756799],[48.59192,26.5764699],[48.58953,26.5782099],[48.5878,26.5796399],[48.5843,26.5828199],[48.58033,26.5864699],[48.57859,26.5883699],[48.577,26.5902799],[48.57557,26.5917099],[48.57288,26.5936099],[48.56669,26.5989999],[48.56557,26.5999599],[48.56446,26.6004299],[48.5644599,26.6004299],[48.56288,26.6004299],[48.5628799,26.6004299],[48.56034,26.6005899],[48.5603399,26.6005899],[48.55637,26.6002799],[48.5563699,26.6002799],[48.54828,26.5993199],[48.5482799,26.5993199],[48.54066,26.5989999],[48.5406599,26.5989999],[48.53749,26.5986899],[48.53478,26.5982099],[48.53193,26.5977299],[48.5319299,26.5977299],[48.52828,26.5975799],[48.5282799,26.5975799],[48.52574,26.5975799],[48.52368,26.5967799],[48.52177,26.5959999],[48.52019,26.5948799],[48.51891,26.5932899],[48.51765,26.5915499],[48.51716,26.5896399],[48.5167,26.5869399],[48.5167,26.5847199],[48.51622,26.5824999],[48.51527,26.5805999],[48.51543,26.5783799],[48.51511,26.5758299],[48.51527,26.5728199],[48.51511,26.5701199],[48.51479,26.5680599],[48.51448,26.5650399],[48.51448,26.5602799],[48.51336,26.5494899],[48.51209,26.5475899],[48.51051,26.5463199],[48.5085999,26.5458399],[48.50638,26.5459999],[48.5063799,26.5459999],[48.49146,26.5466199],[48.48956,26.5469499],[48.48766,26.5478999],[48.48607,26.5485399],[48.4860699,26.5485399],[48.48384,26.5483699],[48.4838399,26.5483699],[48.4821,26.5483699],[48.48035,26.5490099],[48.4783,26.5496499],[48.4782999,26.5496499],[48.47528,26.5498099],[48.4752799,26.5498099],[48.47226,26.5501299],[48.4722599,26.5501299],[48.47004,26.5504399],[48.46767,26.5517099],[48.46496,26.5525099],[48.46258,26.5531399],[48.45972,26.5537799],[48.45782,26.5544099],[48.4578199,26.5544099],[48.4556,26.5545699],[48.4555999,26.5545699],[48.4529,26.5544099],[48.44941,26.5539299],[48.44592,26.5534599],[48.4459199,26.5534599],[48.44353,26.5532999],[48.4435299,26.5532999],[48.43909,26.5529799],[48.43591,26.5523499],[48.4359099,26.5523499],[48.4329,26.5523499],[48.4328999,26.5523499],[48.42941,26.5526699],[48.42783,26.5531399],[48.42592,26.5537799],[48.42418,26.5548899],[48.42227,26.5559999],[48.42068,26.5572699],[48.41846,26.5596499],[48.41719,26.5607599],[48.41624,26.5623499],[48.41529,26.5637699],[48.41354,26.5683799],[48.41243,26.5693299],[48.41085,26.5694999],[48.40941,26.5688499],[48.40831,26.5672599],[48.40735,26.5658399],[48.40482,26.5628199],[48.39942,26.5572699],[48.39735,26.5558399],[48.39497,26.5539299],[48.39275,26.5526699],[48.39085,26.5513999],[48.38799,26.5498099],[48.38625,26.5493299],[48.38403,26.5488599],[48.38212,26.5483699],[48.38021,26.5480599],[48.37895,26.5475899],[48.37514,26.5447299],[48.37387,26.5442499],[48.37212,26.5439399],[48.36974,26.5434599],[48.36831,26.5423499],[48.36752,26.5412499],[48.36529,26.5401299],[48.36387,26.5396499],[48.36213,26.5388599],[48.36022,26.5380599],[48.35689,26.5360099],[48.3553,26.5353699],[48.34975,26.5323499],[48.34467,26.5294999],[48.34134,26.5272699],[48.33768,26.5255299],[48.3361,26.5248899],[48.33435,26.5242599],[48.33261,26.5236299],[48.33038,26.5218699],[48.32848,26.5210799],[48.3284799,26.5210799],[48.32689,26.5209299],[48.32547,26.5210799],[48.3254699,26.5210799],[48.32372,26.5212399],[48.32229,26.5220399],[48.32086,26.5228299],[48.31991,26.5236299],[48.3188,26.5244199],[48.31768,26.5255299],[48.31674,26.5264799],[48.3167399,26.5264799],[48.31515,26.5266399],[48.3151499,26.5266399],[48.31293,26.5266399],[48.3129299,26.5266399],[48.30975,26.5266399],[48.3097499,26.5266399],[48.30769,26.5266399],[48.3061,26.5272699],[48.3060999,26.5272699],[48.30468,26.5272699],[48.30277,26.5277499],[48.3027699,26.5277499],[48.29818,26.5275899],[48.2981799,26.5275899],[48.28674,26.5275899],[48.28531,26.5272699],[48.28404,26.5264799],[48.28182,26.5237799],[48.27944,26.5223499],[48.27722,26.5209299],[48.275,26.5201199],[48.27214,26.5194999],[48.2721399,26.5194999],[48.2704,26.5194999],[48.26849,26.5191799],[48.2684899,26.5191799],[48.26548,26.5191799],[48.26373,26.5186999],[48.2637299,26.5186999],[48.255,26.5183899],[48.2549999,26.5183899],[48.25294,26.5185499],[48.25151,26.5190199],[48.24659,26.5223499],[48.24485,26.5229899],[48.24294,26.5236299],[48.2412,26.5242599],[48.23882,26.5252099],[48.2358,26.5256899],[48.23389,26.5267999],[48.23215,26.5277499],[48.2321499,26.5277499],[48.23009,26.5279099],[48.22802,26.5283799],[48.22628,26.5290199],[48.2239,26.5294999],[48.2238999,26.5294999],[48.22184,26.5296499],[48.2218399,26.5296499],[48.21357,26.5299699],[48.21057,26.5304499],[48.20914,26.5309199],[48.20723,26.5315599],[48.20565,26.5321899],[48.2056499,26.5321899],[48.2039,26.5323499],[48.20152,26.5331499],[48.19994,26.5342599],[48.19851,26.5356799],[48.19247,26.5401299],[48.1924699,26.5401299],[48.18994,26.5402899],[48.18851,26.5410799],[48.18724,26.5421899],[48.18613,26.5426699],[48.18532,26.5415599],[48.18519,26.5394899],[48.1847,26.5286999],[48.18519,26.5279099],[48.18565,26.5269599],[48.18613,26.5248899],[48.18676,26.5213999],[48.18756,26.5183899],[48.18851,26.5145799],[48.18898,26.5121999],[48.18962,26.5096599],[48.19041,26.5074399],[48.19136,26.5052099],[48.19231,26.5028299],[48.19279,26.5012499],[48.19279,26.4994999],[48.19327,26.4980699],[48.19422,26.4963299],[48.19502,26.4940999],[48.19565,26.4912499],[48.19692,26.4874399],[48.19787,26.4853799],[48.19867,26.4828399],[48.19962,26.4807699],[48.20041,26.4791899],[48.20106,26.4769599],[48.20136,26.4750599],[48.20136,26.4729999],[48.20073,26.4709399],[48.20009,26.4690299],[48.19946,26.4674399],[48.19867,26.4660099],[48.19771,26.4645899],[48.19676,26.4633199],[48.19549,26.4623699],[48.19422,26.4615699],[48.19374,26.4602999],[48.19359,26.4588699],[48.19295,26.4568099],[48.19216,26.4549099],[48.19089,26.4533199],[48.1893,26.4507799],[48.18819,26.4488799],[48.18756,26.4471299],[48.18438,26.4425299],[48.1828,26.4395099],[48.18184,26.4376099],[48.18137,26.4355399],[48.18089,26.4333199],[48.18057,26.4314199],[48.18042,26.4287199],[48.18057,26.4250699],[48.18057,26.4229999],[48.18121,26.4198299],[48.18137,26.4177599],[48.18121,26.4155499],[48.18042,26.4139599],[48.17946,26.4123699],[48.17804,26.4101499],[48.17708,26.4082499],[48.17629,26.4063499],[48.17613,26.4047599],[48.17597,26.4026899],[48.1755,26.4007899],[48.17486,26.3990399],[48.17454,26.3966599],[48.17438,26.3944399],[48.17407,26.3931699],[48.17296,26.3930199],[48.17296,26.39302],[48.17073,26.3934899],[48.16819,26.3941199],[48.16613,26.3949199],[48.16375,26.3963499],[48.16137,26.3979299],[48.15915,26.3995199],[48.15756,26.4011099],[48.15614,26.4028499],[48.15455,26.4041199],[48.15343,26.4057099],[48.15248,26.4076099],[48.15137,26.4091999],[48.15026,26.4114199],[48.14836,26.4137999],[48.14502,26.4163399],[48.14312,26.4177599],[48.14107,26.4188799],[48.13915,26.4193599],[48.13725,26.4199899],[48.13519,26.4203099],[48.1351899,26.4203099],[48.13249,26.4204699],[48.12424,26.4193599],[48.11694,26.4185599],[48.1169399,26.4185599],[48.11312,26.4184099],[48.1131199,26.4184099],[48.11027,26.4182499],[48.1102699,26.4182499],[48.10582,26.4184099],[48.1058199,26.4184099],[48.09551,26.4174499],[48.09329,26.4169799],[48.09107,26.4163399],[48.0910699,26.4163399],[48.08456,26.4160299],[48.0845599,26.4160299],[48.07933,26.4155499],[48.0793299,26.4155499],[48.07377,26.4150699],[48.0737699,26.4150699],[48.06726,26.4149199],[48.0672599,26.4149199],[48.05933,26.4149199],[48.0593299,26.4149199],[48.05425,26.4144399],[48.05235,26.4139599],[48.04932,26.4130099],[48.04663,26.4122199],[48.0466299,26.4122199],[48.04441,26.4120599],[48.04298,26.4123699],[48.04044,26.4128499],[48.0404399,26.4128499],[48.0379,26.4130099],[48.0378999,26.4130099],[48.036,26.4128499],[48.03378,26.4120599],[48.02997,26.4114199],[48.0279,26.4109499],[48.0278999,26.4109499],[48.02378,26.4106399],[48.0237799,26.4106399],[48.01949,26.4106399],[48.0194899,26.4106399],[48.01521,26.4104699],[48.0152099,26.4104699],[48.01061,26.4103099],[48.0106099,26.4103099],[48.00616,26.4104699],[48.0061599,26.4104699],[48.00235,26.4106399],[47.99994,26.4100299],[47.99546,26.4093599],[47.99012,26.4086999],[47.98412,26.4080299],[47.97979,26.4071999],[47.97446,26.4056999],[47.97163,26.4046999],[47.96913,26.4033699],[47.96563,26.4015299],[47.96079,26.3998699],[47.96047,26.3956999],[47.9598,26.3908699],[47.95897,26.3868799],[47.95747,26.3843799],[47.95547,26.3817099],[47.95314,26.3798799],[47.95114,26.3788799],[47.94914,26.3782199],[47.9491399,26.3782199],[47.94614,26.3783799],[47.94415,26.3790499],[47.9423,26.3800599],[47.93982,26.3803799],[47.93715,26.3807099],[47.9371499,26.3807099],[47.93399,26.3807099],[47.93115,26.3800599],[47.92717,26.3792199],[47.92299,26.3782199],[47.91883,26.3773799],[47.91666,26.3763799],[47.914,26.3748799],[47.91216,26.3732199],[47.91034,26.3705499],[47.909,26.3673799],[47.90834,26.3645599],[47.90767,26.3615699],[47.90717,26.3582299],[47.90667,26.3550599],[47.906,26.3510599],[47.905,26.3473999],[47.90417,26.3437399],[47.9015,26.3320799],[47.90084,26.3292499],[47.89967,26.3279099],[47.8996699,26.3279099],[47.89834,26.3279099],[47.89701,26.3292499],[47.89584,26.3305799],[47.89218,26.3342399],[47.88802,26.3380699],[47.88585,26.3407299],[47.88302,26.3433999],[47.88118,26.3450699],[47.88018,26.3465699],[47.87885,26.3480699],[47.87569,26.3500699],[47.87386,26.3510599],[47.87168,26.3520599],[47.86903,26.3538999],[47.8672,26.3543999],[47.8671999,26.3543999],[47.86553,26.3543999],[47.8642,26.3550599],[47.86287,26.3563999],[47.86121,26.3570599],[47.8612099,26.3570599],[47.85953,26.3569099],[47.85787,26.3563999],[47.8562,26.3560599],[47.8561999,26.3560599],[47.8537,26.3562299],[47.8522,26.3567299],[47.85104,26.3572299],[47.84987,26.3583899],[47.84438,26.3660599],[47.84321,26.3668899],[47.8432099,26.3668899],[47.84204,26.3665599],[47.84138,26.3657199],[47.84055,26.3637199],[47.83971,26.3612299],[47.83855,26.3583899],[47.83655,26.3545599],[47.83555,26.3518999],[47.83488,26.3493999],[47.83288,26.3448999],[47.82705,26.3279099],[47.82572,26.3259099],[47.82372,26.3244199],[47.82172,26.3225799],[47.82039,26.3205899],[47.81789,26.3169199],[47.81573,26.3134199],[47.81473,26.3115899],[47.81356,26.3082599],[47.8109,26.3017599],[47.8094,26.2989299],[47.80706,26.2947699],[47.8049,26.2924399],[47.80307,26.2902699],[47.80106,26.2884399],[47.79974,26.2879399],[47.79974,26.28794],[47.79724,26.2890999],[47.79374,26.2902699],[47.79141,26.2917699],[47.78574,26.2954299],[47.78373,26.2965999],[47.78075,26.2969299],[47.77942,26.2977699],[47.77692,26.2985999],[47.77375,26.3000999],[47.7737499,26.3000999],[47.77159,26.3000999],[47.77009,26.3007599],[47.76592,26.3024299],[47.76076,26.3039299],[47.7591342,26.3045389],[47.75809,26.3049299],[47.75426,26.3059299],[47.75093,26.3070899],[47.7481,26.3089299],[47.74361,26.3119199],[47.74161,26.3129199],[47.73944,26.3142499],[47.73711,26.3152499],[47.73378,26.3164299],[47.72795,26.3187599],[47.72279,26.3202499],[47.71729,26.3220799],[47.71296,26.3242499],[47.71062,26.3257499],[47.70381,26.3279099],[47.69897,26.3300799],[47.68747,26.3342399],[47.68348,26.3357399],[47.67881,26.3369099],[47.6788099,26.3369099],[47.67682,26.3369099],[47.6768199,26.3369099],[47.67432,26.3370699],[47.67165,26.3375699],[47.66748,26.3389099],[47.66049,26.3397399],[47.65533,26.3404099],[47.65183,26.3409099],[47.6465,26.3415699],[47.6464999,26.3415699],[47.643,26.3415699],[47.6429999,26.3415699],[47.6385,26.3415699],[47.6384999,26.3415699],[47.63401,26.3414099],[47.63168,26.3410699],[47.62835,26.3405699],[47.62535,26.3400699],[47.6253499,26.3400699],[47.61985,26.3397399],[47.6198499,26.3397399],[47.61602,26.3392399],[47.6160199,26.3392399],[47.61036,26.3387399],[47.6103599,26.3387399],[47.60569,26.3380699],[47.60053,26.3364099],[47.59586,26.3345799],[47.59237,26.3327399],[47.5877,26.3314099],[47.58271,26.3297499],[47.57788,26.3280799],[47.57371,26.3255799],[47.57005,26.3230799],[47.56588,26.3197499],[47.56205,26.3157499],[47.55756,26.3100899],[47.55456,26.3050899],[47.55239,26.3014199],[47.55155,26.2972999],[47.55414,26.2920999],[47.55609,26.2755799],[47.55706,26.2700699],[47.55836,26.2651999],[47.5603,26.2613099],[47.5629,26.2535299],[47.56549,26.2470499],[47.56841,26.2405699],[47.57068,26.2340799],[47.57489,26.2259699],[47.58462,26.2084599],[47.59078,26.1971099],[47.59402,26.1915999],[47.59629,26.1857699],[47.59824,26.1802599],[47.59856,26.1757199],[47.59921,26.1689099],[47.60019,26.1640499],[47.60181,26.1598299],[47.60505,26.1530199],[47.60797,26.1455599],[47.60991,26.1400499],[47.61088,26.1345399],[47.61088,26.1274099],[47.61023,26.1209199],[47.60797,26.1115199],[47.6057,26.1024399],[47.6044,26.0982299],[47.60199,26.0955999],[47.59856,26.0936899],[47.59597,26.0923899],[47.59143,26.0914199],[47.58689,26.0907699],[47.58268,26.0901199],[47.57943,26.0891499],[47.57554,26.0865499],[47.57262,26.0833099],[47.57003,26.0797399],[47.56971,26.0755299],[47.57035,26.0713199],[47.57198,26.0661299],[47.58916,26.0379199],[47.595,26.0272199],[47.59792,26.0229999],[47.60181,26.0191099],[47.60472,26.0155499],[47.60797,26.0116599],[47.61153,26.0054999],[47.61445,25.9999799],[47.61654,25.9972599],[47.6186,25.9933399],[47.62028,25.9901599],[47.62196,25.9867999],[47.62269,25.9830699],[47.62289,25.9798999],[47.62326,25.9772899],[47.62457,25.9744899],[47.62587,25.9696399],[47.627,25.9608699],[47.62756,25.9552699],[47.62774,25.9494799],[47.62737,25.9429499],[47.627,25.9386599],[47.62681,25.9345499],[47.62569,25.9304499],[47.62326,25.9257799],[47.62084,25.9207399],[47.61972,25.9171999],[47.61953,25.9114099],[47.61953,25.9046999],[47.62028,25.8996599],[47.62084,25.8955499],[47.62177,25.8914499],[47.62269,25.8878899],[47.62382,25.8847299],[47.62494,25.8815599],[47.627,25.8787599],[47.62942,25.8759499],[47.63315,25.8725999],[47.638,25.8683099],[47.64342,25.8636399],[47.64995,25.8585999],[47.65741,25.8531899],[47.66488,25.8479699],[47.67141,25.8442299],[47.68727,25.8347199],[47.69324,25.8298599],[47.69865,25.8251999],[47.70127,25.8227699],[47.70238,25.8203499],[47.70276,25.8173599],[47.70295,25.8134399],[47.70295,25.8089599],[47.70257,25.8046699],[47.70164,25.8007499],[47.70052,25.7958999],[47.69957,25.7917899],[47.69697,25.7878799],[47.69418,25.7854499],[47.69063,25.7817199],[47.68447,25.7759199],[47.68204,25.7733199],[47.68074,25.7708999],[47.67943,25.7684699],[47.67887,25.7658599],[47.67925,25.7632399],[47.67999,25.7613799],[47.68111,25.7593199],[47.68354,25.7574599],[47.68801,25.7540999],[47.69529,25.7483199],[47.70406,25.7425299],[47.70798,25.7402899],[47.71134,25.7387899],[47.71563,25.7361899],[47.71862,25.7330199],[47.7201,25.7307799],[47.72067,25.7289099],[47.72049,25.7264799],[47.71881,25.7236799],[47.71544,25.7208799],[47.71209,25.7186499],[47.70798,25.7162199],[47.70369,25.7145399],[47.69716,25.7130499],[47.69231,25.7115499],[47.68522,25.7080099],[47.68018,25.7046499],[47.67719,25.7022199],[47.67533,25.6997999],[47.67384,25.6973699],[47.67271,25.6949499],[47.67197,25.6915899],[47.67141,25.6876699],[47.67029,25.6829999],[47.66935,25.6779699],[47.66786,25.6738599],[47.666,25.6678899],[47.66357,25.6602399],[47.66301,25.6551999],[47.66208,25.6507199],[47.66152,25.6479199],[47.66113,25.6441899],[47.66021,25.6400799],[47.65891,25.6350399],[47.65778,25.6283299],[47.65685,25.6204899],[47.65629,25.6169399],[47.65499,25.6085499],[47.65387,25.6044399],[47.65275,25.6014499],[47.65107,25.5979099],[47.64957,25.5930599],[47.64696,25.5859699],[47.64398,25.5766399],[47.64191,25.5674899],[47.6423,25.5646899],[47.64304,25.5618899],[47.64453,25.5587199],[47.64696,25.5547999],[47.65685,25.5385699],[47.66152,25.5307299],[47.66413,25.5268099],[47.66768,25.5232599],[47.67178,25.5182299],[47.67495,25.5131899],[47.67925,25.5057199],[47.68858,25.4928499],[47.69175,25.4885599],[47.69567,25.4835199],[47.70219,25.4743799],[47.7035,25.4715699],[47.70537,25.4680299],[47.71041,25.4571999],[47.71452,25.4489899],[47.7175,25.4435799],[47.72067,25.4381699],[47.7244,25.4329499],[47.72832,25.4279099],[47.73094,25.4245499],[47.73262,25.4208199],[47.73616,25.4152199],[47.73967,25.4103399],[47.74045,25.4092499],[47.73946,25.4094899],[47.73837,25.4049099],[47.73923,25.4001899],[47.7388,25.3958799],[47.73579,25.3915899],[47.73536,25.3881499],[47.73407,25.3864299],[47.72977,25.3842799],[47.7297699,25.3842799],[47.72504,25.3847099],[47.72289,25.3855699],[47.71988,25.3842799],[47.71859,25.3838499],[47.72203,25.3782599],[47.72633,25.3718199],[47.72633,25.3670899],[47.72805,25.3602199],[47.73149,25.3567699],[47.73277,25.3524699],[47.7259,25.3477499],[47.72504,25.3395799],[47.72504,25.3335599],[47.7259,25.3292599],[47.72891,25.3249599],[47.73407,25.3223799],[47.73708,25.3215199],[47.74138,25.3197999],[47.74138,25.3159299],[47.74052,25.3124999],[47.74052,25.3064899],[47.74567,25.3017499],[47.7503899,25.3017499],[47.75039,25.3017499],[47.75427,25.2965899],[47.75427,25.29229],[47.75427,25.2922899],[47.7577099,25.2935799],[47.75771,25.2935799],[47.76072,25.2879999],[47.76846,25.2802599],[47.77448,25.2755299],[47.77963,25.2682199],[47.77577,25.2664999],[47.76287,25.2553199],[47.72977,25.2299599],[47.71085,25.2149099],[47.68721,25.1977099],[47.67001,25.1839599],[47.65927,25.1792299],[47.64551,25.1697799],[47.63735,25.1620499],[47.62832,25.1560199],[47.62273,25.1534399],[47.62144,25.1482799],[47.63004,25.1353999],[47.63331,25.1237899],[47.62961,25.1216799],[47.62793,25.1201899],[47.62718,25.1185099],[47.62737,25.1160799],[47.62811,25.1142199],[47.63017,25.1123499],[47.63334,25.1086199],[47.63689,25.1043199],[47.6395,25.1005999],[47.64062,25.0944299],[47.63913,25.0914499],[47.63707,25.0890199],[47.63633,25.0862199],[47.63594,25.0813799],[47.63483,25.0716699],[47.63315,25.0653199],[47.6311,25.0580399],[47.62662,25.0483399],[47.62382,25.0440499],[47.62196,25.0414399],[47.61953,25.0358399],[47.61486,25.0309999],[47.60944,25.0268799],[47.60684,25.0237199],[47.60647,25.0199799],[47.60684,25.0177499],[47.60908,25.0149399],[47.61599,25.0097099],[47.61992,25.0053099],[47.62359,25.0004099],[47.62604,24.9964999],[47.63069,24.9908699],[47.63803,24.9830299],[47.64342,24.9786299],[47.6515,24.9761799],[47.6581,24.9744699],[47.66398,24.9737299],[47.66985,24.9715299],[47.67597,24.9671199],[47.68258,24.9595299],[47.68821,24.9524299],[47.69311,24.9465599],[47.69703,24.9421499],[47.69923,24.9392199],[47.70143,24.9350499],[47.70119,24.9306499],[47.70119,24.9257499],[47.70217,24.9215899],[47.70486,24.9147399],[47.70608,24.9098399],[47.70731,24.9059299],[47.71024,24.9000499],[47.71514,24.8931999],[47.72077,24.8868299],[47.7264,24.8787499],[47.73056,24.8709199],[47.73325,24.8660099],[47.74084,24.8528099],[47.7428,24.8493799],[47.7428,24.8466899],[47.74182,24.8415499],[47.74109,24.8378699],[47.74109,24.8354299],[47.74133,24.8317499],[47.74133,24.8280799],[47.7406,24.8236799],[47.73913,24.8209799],[47.7379,24.8163299],[47.73766,24.8121699],[47.73717,24.8092399],[47.7379,24.8053199],[47.73864,24.8011599],[47.73963,24.7989499],[47.73937,24.7957699],[47.73913,24.7918499],[47.73643,24.7867099],[47.73546,24.7842699],[47.73497,24.7798599],[47.73497,24.7774099],[47.73448,24.7756999],[47.73301,24.7722699],[47.72958,24.7661499],[47.72934,24.7644399],[47.72934,24.7595399],[47.73105,24.7504799],[47.73301,24.7404499],[47.73399,24.7375099],[47.7357,24.7333499],[47.73619,24.7299199],[47.73693,24.7240599],[47.73717,24.7198899],[47.73864,24.7081399],[47.73864,24.7015299],[47.73815,24.6980999],[47.73888,24.6934499],[47.73888,24.6892899],[47.73888,24.6834099],[47.73815,24.6765599],[47.73766,24.6719099],[47.73766,24.6687299],[47.73815,24.6655399],[47.73937,24.6626099],[47.74231,24.6569799],[47.7428,24.6540399],[47.74305,24.6459599],[47.74305,24.6415499],[47.7428,24.6359199],[47.74256,24.6302899],[47.74207,24.6244199],[47.7406,24.6185399],[47.73937,24.6109599],[47.7379,24.6045899],[47.7357,24.5992099],[47.73351,24.5950499],[47.73032,24.5928399],[47.72395,24.5876999],[47.72199,24.5857399],[47.72102,24.5825599],[47.72102,24.5786399],[47.72272,24.5730099],[47.72469,24.5693399],[47.7242,24.5671399],[47.72444,24.5622399],[47.72493,24.5590599],[47.72591,24.5553899],[47.72665,24.5502499],[47.72811,24.5453499],[47.73056,24.5399699],[47.73154,24.5360499],[47.73301,24.5318899],[47.73301,24.5264999],[47.73252,24.5218499],[47.73007,24.5186699],[47.72762,24.5157299],[47.72591,24.5127999],[47.72738,24.5105799],[47.73007,24.5093699],[47.7332499,24.5091199],[47.73325,24.5091199],[47.7369299,24.5091199],[47.73693,24.5091199],[47.73986,24.5096099],[47.74305,24.5113299],[47.74623,24.5137699],[47.74941,24.5157299],[47.75357,24.5176899],[47.75749,24.5194099],[47.76165,24.5208699],[47.76802,24.5223399],[47.77487,24.5242999],[47.78319,24.5264999],[47.79078,24.5279699],[47.79959,24.5294399],[47.8076699,24.5299299],[47.80767,24.5299299],[47.81428,24.5316399],[47.83337,24.5360499],[47.83656,24.5370299],[47.8402299,24.5372799],[47.84023,24.5372799],[47.8439,24.5377599],[47.8683799,24.5382499],[47.86838,24.5382499],[47.8744999,24.5384999],[47.8745,24.5384999],[47.87988,24.5392299],[47.88649,24.5411899],[47.89237,24.5431499],[47.90216,24.5465799],[47.91024,24.5502499],[47.91734,24.5531899],[47.9259,24.5563699],[47.92957,24.5580799],[47.93472,24.5607699],[47.93863,24.5644499],[47.94377,24.5688499],[47.94891,24.5727699],[47.95332,24.5754599],[47.95895,24.5783999],[47.9658,24.5825599],[47.96947,24.5840299],[47.9719199,24.5840299],[47.97192,24.5840299],[47.97412,24.5823199],[47.97511,24.5796199],[47.97584,24.5766799],[47.97706,24.5703199],[47.9778,24.5661599],[47.97829,24.5612699],[47.98147,24.5546499],[47.98367,24.5480499],[47.98808,24.5340899],[47.98906,24.5287099],[47.98955,24.5250399],[47.99053,24.5208699],[47.9942,24.5091199],[47.99591,24.5034899],[47.99762,24.4956599],[47.9986,24.4912499],[47.99983,24.4865999],[48.00325,24.4792599],[48.0052,24.4748499],[48.00442,24.4662899],[48.0053,24.4623199],[48.00927,24.4556899],[48.01544,24.4442399],[48.01787,24.4373999],[48.02536,24.4250599],[48.03154,24.4171199],[48.03505,24.4127099],[48.03771,24.4091799],[48.03992,24.4074199],[48.04212,24.4060999],[48.04411,24.4043299],[48.04631,24.4010299],[48.04763,24.3974999],[48.04829,24.3937499],[48.05028,24.3891199],[48.05226,24.3853599],[48.05645,24.3800799],[48.05888,24.3758899],[48.06086,24.3712599],[48.06461,24.3653099],[48.07012,24.3575899],[48.07431,24.3518599],[48.07872,24.3476699],[48.08269,24.3443599],[48.08688,24.3410499],[48.09085,24.3368699],[48.09305,24.3331199],[48.09481,24.3298099],[48.09702,24.3242999],[48.09879,24.3143799],[48.10077,24.2991599],[48.10187,24.2927699],[48.10297,24.2892399],[48.10474,24.2859299],[48.1065,24.2815199],[48.1065,24.2788799],[48.10584,24.2764599],[48.10474,24.2742499],[48.09879,24.2674099],[48.09746,24.2649899],[48.09658,24.2625599],[48.09658,24.2601499],[48.09702,24.2574899],[48.09746,24.2548499],[48.09746,24.2515399],[48.0979,24.2466899],[48.09989,24.2416199],[48.10606,24.2270699],[48.10738,24.2195699],[48.10738,24.2158199],[48.1065,24.2122999],[48.10518,24.2096499],[48.10452,24.2058999],[48.10474,24.2019299],[48.10628,24.1975199],[48.11157,24.1873799],[48.11686,24.1792199],[48.12656,24.1706199],[48.13406,24.1604799],[48.142,24.1423999],[48.1442,24.1357999],[48.14442,24.1322599],[48.14442,24.1289599],[48.14442,24.1245399],[48.1442,24.1172701],[48.14464,24.1141801],[48.14553,24.1119801],[48.14707,24.1088901],[48.14905,24.0994101],[48.15258,24.0848601],[48.15413,24.0654601],[48.1539,24.0608301],[48.1528,24.0579601],[48.14995,24.0526701],[48.14486,24.0431801],[48.14001,24.0312801],[48.13935,24.0257701],[48.13781,24.0171701],[48.13604,24.0094501],[48.13604,24.0072501],[48.1359796,24.0071134],[48.13516,24.0052601],[48.13362,24.0037201],[48.12789,23.9999701],[48.12369,23.9964901],[48.12046,23.9920701],[48.11781,23.9879701],[48.11546,23.9826801],[48.11487,23.9806201],[48.1137,23.9779801],[48.11282,23.9741601],[48.11253,23.9697501],[48.11253,23.9659301],[48.11339,23.9618101],[48.1137,23.9588701],[48.11517,23.9535801],[48.11517,23.9491701],[48.11517,23.9450601],[48.11428,23.9421201],[48.11399,23.9388901],[48.1137,23.9356501],[48.11458,23.9315401],[48.11575,23.9280201],[48.11781,23.9241901],[48.11899,23.9203701],[48.11899,23.9153701],[48.11958,23.9095001],[48.12046,23.9053801],[48.12193,23.9009701],[48.12516,23.8956801],[48.12897,23.8915701],[48.13251,23.8859901],[48.13398,23.8821701],[48.13456,23.8780501],[48.13456,23.8733501],[48.13456,23.8695301],[48.13456,23.8665901],[48.13427,23.8621801],[48.13339,23.8577701],[48.13192,23.8527801],[48.13133,23.8469001],[48.13192,23.8433701],[48.13368,23.8395501],[48.13574,23.8366101],[48.13691,23.8325001],[48.1375,23.8283801],[48.1378,23.8242701],[48.13633,23.8201501],[48.13251,23.8163201],[48.12663,23.8110401],[48.12457,23.8075201],[48.12193,23.8025201],[48.12104,23.7975201],[48.12046,23.7919401],[48.11928,23.7863501],[48.11899,23.7813601],[48.11899,23.7754801],[48.11928,23.7699001],[48.12075,23.7660801],[48.12399,23.7631401],[48.12811,23.7602001],[48.13163,23.7566701],[48.13368,23.7516701],[48.13368,23.7472701],[48.13251,23.7431501],[48.13221,23.7384501],[48.13192,23.7337501],[48.13251,23.7278701],[48.1328,23.7237501],[48.13398,23.7190501],[48.13515,23.7134701],[48.13691,23.7070001],[48.13809,23.7011201],[48.13809,23.6978901],[48.1378,23.6934801],[48.1378,23.6890801],[48.13868,23.6846701],[48.13985,23.6811401],[48.13956,23.6782001],[48.1378,23.6755601],[48.13662,23.6720401],[48.13633,23.6629201],[48.13544,23.6588001],[48.13456,23.6549801],[48.13427,23.6488101],[48.13398,23.6397001],[48.13309,23.6347001],[48.13221,23.6288301],[48.13074,23.6223601],[48.13015,23.6161901],[48.12986,23.6117801],[48.12957,23.6062001],[48.12868,23.6020801],[48.12722,23.5956201],[48.12604,23.5891501],[48.12516,23.5823901],[48.12428,23.5768101],[48.12369,23.5715201],[48.12222,23.5662301],[48.11869,23.5550601],[48.11752,23.5497701],[48.11605,23.5447801],[48.11517,23.5406601],[48.11487,23.5377201],[48.11428,23.5344801],[48.11224,23.5292001],[48.11105,23.5253801],[48.10988,23.5224401],[48.10782,23.5177301],[48.10576,23.5139101],[48.10429,23.5092101],[48.10371,23.5048001],[48.10429,23.5006901],[48.10488,23.4968601],[48.10517,23.4933401],[48.10459,23.4889301],[48.104,23.4842301],[48.10312,23.4792301],[48.10223,23.4748201],[48.10135,23.4698301],[48.10018,23.4639501],[48.09871,23.4595401],[48.09724,23.4560101],[48.09606,23.4524901],[48.09547,23.4472001],[48.0943,23.4422001],[48.09371,23.4380901],[48.09283,23.4327901],[48.09254,23.4286801],[48.09195,23.4236901],[48.09195,23.4184001],[48.09254,23.4134001],[48.09342,23.4089901],[48.09518,23.4048801],[48.09783,23.4001901],[48.09988,23.3957701],[48.10165,23.3907701],[48.10253,23.3863601],[48.10253,23.3787201],[48.10282,23.3713701],[48.10282,23.3675501],[48.10312,23.3631401],[48.10341,23.3560901],[48.10429,23.3508001],[48.10517,23.3446301],[48.10606,23.3390401],[48.10664,23.3325801],[48.10664,23.3267001],[48.10694,23.3143601],[48.10782,23.3046701],[48.10841,23.2964301],[48.10929,23.2882001],[48.10929,23.2820301],[48.10988,23.2770301],[48.10958,23.2708601],[48.10958,23.2635101],[48.10929,23.2588101],[48.10929,23.2520501],[48.10899,23.2450001],[48.10841,23.2397101],[48.10723,23.2335401],[48.10429,23.2211901],[48.10282,23.2144301],[48.10165,23.2097201],[48.10106,23.2059101],[48.10018,23.2029701],[48.09842,23.1991501],[48.09637,23.1935701],[48.09547,23.1897401],[48.09518,23.1862201],[48.09547,23.1821001],[48.09547,23.1777001],[48.09401,23.1721101],[48.09283,23.1671201],[48.09166,23.1632901],[48.09166,23.1591801],[48.09107,23.1544801],[48.09077,23.1497701],[48.08989,23.1427201],[48.08989,23.1368401],[48.0896,23.1300901],[48.0893,23.1265601],[48.08783,23.1230301],[48.08372,23.1145101],[48.08225,23.1098101],[48.08194,23.1051001],[48.08372,23.0895301],[48.08476,23.0862701],[48.08574,23.0833501],[48.08751,23.0783601],[48.08839,23.0704201],[48.08927,23.0642501],[48.09015,23.0572001],[48.08986,23.0530801],[48.08957,23.0469101],[48.08868,23.0404501],[48.08574,23.0304501],[48.08456,23.0222201],[48.0831,23.0154601],[48.08251,23.0110601],[48.08251,23.0069401],[48.0817,22.9999101],[48.08137,22.9965701],[48.08087,22.9939101],[48.08019,22.9912501],[48.07904,22.9885801],[48.0782,22.9857501],[48.0772,22.9829201],[48.07671,22.9802401],[48.07671,22.9777501],[48.07737,22.9752501],[48.0782,22.9729201],[48.0822,22.9659301],[48.08536,22.9594301],[48.08636,22.9559401],[48.08653,22.9539301],[48.08803,22.9501001],[48.08903,22.9469401],[48.08903,22.9409401],[48.08869,22.9349501],[48.08786,22.9312801],[48.08586,22.9227901],[48.0837,22.9176201],[48.0837,22.9149601],[48.08403,22.9131301],[48.08485,22.9109601],[48.08986,22.9036301],[48.09052,22.9014801],[48.09036,22.8991501],[48.09019,22.8961401],[48.08403,22.8743201],[48.0817,22.8686501],[48.07987,22.8636601],[48.0782,22.8560001],[48.07737,22.8508301],[48.07703,22.8453301],[48.07671,22.8413301],[48.0747,22.8361801],[48.07237,22.8305101],[48.07137,22.8258501],[48.0707,22.8203501],[48.0707,22.8148601],[48.07087,22.8101901],[48.0707,22.7990301],[48.07004,22.7948701],[48.06887,22.7903801],[48.06671,22.7832101],[48.06537,22.7772101],[48.06188,22.7627201],[48.06121,22.7572301],[48.06188,22.7537301],[48.06304,22.7464101],[48.06388,22.7352401],[48.06321,22.7285801],[48.06254,22.7254101],[48.06138,22.7215801],[48.05971,22.7162501],[48.05855,22.7109201],[48.05738,22.7072601],[48.05671,22.7037601],[48.05621,22.6997601],[48.05605,22.6952601],[48.05589,22.6906001],[48.05471,22.6854401],[48.05138,22.6777701],[48.04805,22.6696101],[48.04622,22.6626201],[48.04539,22.6602901],[48.04106,22.6491401],[48.04039,22.6462901],[48.04006,22.6428001],[48.03922,22.6384701],[48.03839,22.6338001],[48.03756,22.6301401],[48.03623,22.6268101],[48.03289,22.6181401],[48.03156,22.6129801],[48.03056,22.6083201],[48.03023,22.6039901],[48.03056,22.5979901],[48.03156,22.5873301],[48.03272,22.5780001],[48.03289,22.5736701],[48.03206,22.5715101],[48.02506,22.5546901],[48.01724,22.5342001],[48.01407,22.5263701],[48.01541,22.5228701],[48.0174,22.5168701],[48.02122,22.5073801],[48.02273,22.4977201],[48.02273,22.4912201],[48.02173,22.4862301],[48.02007,22.4812301],[48.01674,22.4735701],[48.01174,22.4614101],[48.00609,22.4517501],[47.99979,22.4452401],[47.99655,22.4413601],[47.99245,22.4348701],[47.99029,22.4292601],[47.98942,22.4223501],[47.98921,22.4147901],[47.98899,22.4061501],[47.98856,22.4016201],[47.98683,22.3955701],[47.9838,22.3895301],[47.98165,22.3832601],[47.9769,22.3748401],[47.97323,22.3675001],[47.97021,22.3625301],[47.96632,22.3582201],[47.962,22.3541101],[47.95768,22.3506601],[47.95401,22.3480701],[47.95207,22.3461301],[47.95012,22.3433201],[47.94646,22.3357601],[47.94473,22.3310101],[47.93955,22.3238801],[47.93501,22.3165401],[47.93155,22.3104901],[47.92961,22.3061701],[47.9279,22.3031501],[47.92551,22.3003401],[47.92313,22.2975401],[47.92011,22.2943001],[47.91665,22.2908401],[47.91471,22.2884701],[47.91298,22.2856601],[47.91104,22.2826301],[47.90953,22.2798301],[47.90845,22.2770201],[47.90779,22.2740001],[47.90672,22.2709801],[47.90521,22.2679501],[47.90391,22.2642801],[47.90219,22.2595301],[47.8996,22.2565101],[47.89701,22.2519701],[47.89355,22.2467901],[47.89053,22.2413901],[47.88923,22.2379301],[47.88685,22.2344801],[47.88448,22.2314601],[47.8821,22.2280101],[47.88038,22.2228201],[47.87887,22.2187101],[47.87736,22.2131101],[47.87605,22.2059801],[47.87498,22.2001501],[47.87412,22.1958301],[47.87325,22.1908601],[47.87282,22.1856801],[47.87282,22.1785601],[47.87196,22.1735901],[47.87088,22.1681801],[47.8698,22.1634401],[47.8672,22.1573901],[47.86505,22.1513501],[47.86202,22.1459501],[47.85749,22.1377401],[47.85554,22.1336401],[47.85403,22.1304001],[47.85209,22.1273801],[47.84971,22.1237101],[47.84648,22.1183101],[47.84302,22.1133401],[47.83957,22.1083801],[47.83741,22.1038401],[47.83503,22.0997401],[47.83201,22.0954201],[47.82963,22.0902401],[47.82769,22.0859301],[47.82596,22.0811701],[47.82488,22.0759901],[47.82337,22.0686501],[47.82186,22.0643301],[47.82013,22.0595801],[47.81884,22.0559001],[47.81819,22.0505101],[47.81711,22.0438101],[47.81624,22.0362501],[47.81538,22.0302101],[47.81279,22.0200601],[47.81214,22.0168201],[47.81042,22.0118501],[47.8089,22.0073201],[47.80739,22.0030001],[47.8063,21.9999801],[47.80844,21.9937701],[47.8147,21.9837101],[47.82231,21.9744601],[47.82829,21.9687501],[47.83618,21.9646701],[47.84108,21.9614101],[47.84706,21.9565101],[47.85168,21.9532501],[47.85657,21.9491701],[47.86229,21.9459001],[47.86664,21.9426501],[47.86882,21.9412801],[47.8748,21.9385601],[47.87915,21.9363901],[47.88296,21.9336701],[47.89057,21.9279601],[47.89412,21.9255101],[47.89737,21.9222501],[47.89927,21.9203401],[47.90227,21.9176201],[47.90553,21.9143601],[47.9096,21.9121901],[47.91314,21.9100101],[47.9194,21.9037601],[47.9232,21.8999501],[47.93136,21.8945101],[47.93518,21.8928801],[47.93762,21.8915201],[47.94088,21.8890701],[47.94359,21.8877101],[47.9468599,21.8874401],[47.94686,21.8874401],[47.9525699,21.8874501],[47.95257,21.8874501],[47.95773,21.8885301],[47.96155,21.8901601],[47.96481,21.8923301],[47.96889,21.8942401],[47.97244,21.8956001],[47.9764999,21.8953101],[47.9765,21.8953101],[47.97974,21.8942501],[47.9798,21.8942401],[47.9841199,21.8942401],[47.98412,21.8942401],[47.9895599,21.8947901],[47.98956,21.8947901],[47.99554,21.8958701],[47.9998699,21.89649],[47.99987,21.8964901],[48.00218,21.8951501],[48.00503,21.8947701],[48.0076999,21.8947701],[48.0077,21.8947701],[48.01052,21.8951501],[48.01058,21.8951601],[48.01378,21.8963001],[48.01684,21.8972401],[48.0219699,21.8976201],[48.02197,21.8976201],[48.0259699,21.8972401],[48.02597,21.8972401],[48.03035,21.8961001],[48.03663,21.8932401],[48.04615,21.8894301],[48.05034,21.8873401],[48.05376,21.8864001],[48.06119,21.8839101],[48.06652,21.8820101],[48.07108,21.8804801],[48.07489,21.8795501],[48.0811699,21.8791501],[48.08117,21.8791501],[48.0895499,21.8797301],[48.08955,21.8797301],[48.0969799,21.8801101],[48.09698,21.8801101],[48.1078199,21.8814401],[48.10782,21.8814401],[48.1196299,21.8823901],[48.11963,21.8823901],[48.1259099,21.8827901],[48.12591,21.8827901],[48.13047,21.8839201],[48.1339,21.8848201],[48.13409,21.8848801],[48.13733,21.8858201],[48.1411399,21.8862001],[48.14114,21.8862001],[48.1458999,21.8865701],[48.1459,21.8865701],[48.1510399,21.8863901],[48.15104,21.8863901],[48.1575099,21.8856301],[48.15751,21.8856301],[48.1634099,21.8852501],[48.16341,21.8852501],[48.1706399,21.8848701],[48.17064,21.8848701],[48.1759699,21.8850601],[48.17597,21.8850601],[48.1776299,21.8851201],[48.17763,21.8851201],[48.1809199,21.8852501],[48.18092,21.8852501],[48.1843,21.8856201],[48.18437,21.8856401],[48.18682,21.8869601],[48.19063,21.8877201],[48.1932999,21.8877201],[48.1933,21.8877201],[48.19749,21.8871601],[48.2028099,21.8867801],[48.20281,21.8867801],[48.2107999,21.8869601],[48.2108,21.8869601],[48.2172999,21.8873801],[48.2173,21.8873801],[48.2197599,21.8875401],[48.21976,21.8875401],[48.2252799,21.8881001],[48.22528,21.8881001],[48.2317899,21.8882501],[48.23179,21.8882501],[48.2340299,21.8883001],[48.23403,21.8883001],[48.2416499,21.8884701],[48.24165,21.8884701],[48.2503999,21.8884701],[48.2504,21.8884701],[48.2581999,21.8881201],[48.2582,21.8881201],[48.25532,21.8871501],[48.24961,21.8848701],[48.24523,21.8825801],[48.24199,21.8806801],[48.23876,21.8784001],[48.2357,21.8753501],[48.23,21.8728801],[48.22201,21.8677301],[48.21687,21.8633601],[48.21115,21.8593601],[48.20697,21.8572701],[48.2005,21.8534601],[48.19783,21.8509801],[48.19536,21.8481301],[48.19326,21.8447001],[48.18965,21.8408901],[48.1866,21.8372801],[48.18051,21.8336601],[48.1748,21.8304301],[48.16528,21.8270001],[48.15825,21.8243301],[48.15367,21.8224301],[48.14568,21.8197701],[48.14034,21.8184301],[48.13463,21.8157701],[48.12892,21.8136701],[48.12511,21.8115801],[48.12112,21.8087201],[48.10855,21.8022501],[48.09561,21.7950201],[48.08476,21.7872101],[48.07961,21.7837901],[48.07353,21.7790301],[48.06687,21.7735101],[48.06097,21.7683701],[48.05716,21.7643701],[48.05088,21.7598001],[48.03869,21.7499001],[48.02575,21.7398201],[48.01947,21.7337201],[48.01623,21.7310601],[48.01337,21.7291501],[48.01052,21.7266801],[48.00519,21.7215401],[48.00138,21.7169701],[47.99985,21.7146101],[47.99485,21.7144401],[47.98557,21.7140901],[47.9779,21.7140901],[47.96898,21.7126601],[47.95631,21.7096201],[47.95238,21.7085501],[47.9481,21.7071301],[47.94417,21.7049801],[47.94167,21.7028401],[47.939,21.6996301],[47.93703,21.6962401],[47.9315,21.6841001],[47.93043,21.6812501],[47.92936,21.6778601],[47.92865,21.6748201],[47.92774,21.6719701],[47.92651,21.6701901],[47.92383,21.6676901],[47.92133,21.6641201],[47.919,21.6589401],[47.91669,21.6534101],[47.91455,21.6485901],[47.9133,21.6448401],[47.91259,21.6405601],[47.9108,21.6357401],[47.90937,21.6318101],[47.9067,21.6278901],[47.90295,21.6221801],[47.89795,21.6141601],[47.89438,21.6079001],[47.89063,21.6030901],[47.87886,21.5886301],[47.87548,21.5834501],[47.87189,21.5777401],[47.86922,21.5727501],[47.86583,21.5661401],[47.86172,21.5552601],[47.85905,21.5491901],[47.85814,21.5447301],[47.8569,21.5392001],[47.85637,21.5342001],[47.85619,21.5304501],[47.85566,21.5274201],[47.85458,21.5242001],[47.85369,21.5199201],[47.85335,21.5158201],[47.85316,21.5126101],[47.85191,21.5076101],[47.84923,21.4988601],[47.84745,21.4917301],[47.84655,21.4840501],[47.84547,21.4776301],[47.84495,21.4728101],[47.84513,21.4696001],[47.84495,21.4667401],[47.84406,21.4635301],[47.84281,21.4601401],[47.84066,21.4555001],[47.8396,21.4517501],[47.83817,21.4467501],[47.83603,21.4419301],[47.83317,21.4371201],[47.83174,21.4337301],[47.82996,21.4294401],[47.82853,21.4251601],[47.82727,21.4210501],[47.8255,21.4167701],[47.82389,21.4137401],[47.81907,21.4058901],[47.81782,21.4030301],[47.81747,21.4000001],[47.81818,21.3962501],[47.81979,21.3939301],[47.82246,21.3912501],[47.82567,21.3894701],[47.82871,21.3887401],[47.83371,21.3878601],[47.83656,21.3867901],[47.83906,21.3848301],[47.84102,21.3837601],[47.84477,21.3821501],[47.84709,21.3819701],[47.84923,21.3817901],[47.85209,21.3814401],[47.85637,21.3805401],[47.86672,21.3780501],[47.88492,21.3741201],[47.8917,21.3719801],[47.8942,21.3700201],[47.89581,21.3676901],[47.89742,21.3641301],[47.89866,21.3605601],[47.8992,21.3568101],[47.89938,21.3528801],[47.8992,21.3480601],[47.89813,21.3309301],[47.89634,21.3163001],[47.89402,21.2934601],[47.89384,21.2841801],[47.8942,21.2806101],[47.89492,21.2774001],[47.89581,21.2741801],[47.8967,21.2711501],[47.8967,21.2674001],[47.89634,21.2572301],[47.89545,21.2479401],[47.89492,21.2445601],[47.8942,21.2411701],[47.89331,21.2361701],[47.89188,21.2310001],[47.89135,21.2256401],[47.89046,21.2019101],[47.88903,21.1860201],[47.88867,21.1806801],[47.88813,21.1755001],[47.88742,21.1692501],[47.88724,21.1644301],[47.88582,21.1330201],[47.8851,21.1298101],[47.88385,21.1276801],[47.88278,21.1244501],[47.88225,21.1219601],[47.88225,21.1194601],[47.88278,21.1167801],[47.88332,21.1133901],[47.8835,21.1108901],[47.88278,21.1028601],[47.88225,21.0992901],[47.8812037,21.0947528],[47.88118,21.0946501],[47.88082,21.0900101],[47.87975,21.0741301],[47.87975,21.0691301],[47.87939,21.0607501],[47.8795458,21.0547265],[47.8803808,21.0538804],[47.8876645,21.0464998],[47.9000003,21.034]]],[[[49.5829725,25.0446259],[49.5802259,25.0427985],[49.5803976,25.0417098],[49.5823288,25.0385993],[49.5840025,25.0356831],[49.5863199,25.0341666],[49.5878648,25.0320669],[49.5870924,25.029656],[49.5863199,25.0257674],[49.588809,25.0237842],[49.5910406,25.0188844],[49.5921135,25.0136343],[49.5932722,25.0124287],[49.596405,25.0102119],[49.5982074,25.0077617],[49.6005248,25.0052727],[49.6028422,25.004417],[49.6063613,25.0042614],[49.6075629,25.0036392],[49.6073913,25.0014611],[49.6099662,24.9995942],[49.6104812,24.9964826],[49.6124553,24.9951601],[49.6159743,24.9946156],[49.6183776,24.9938376],[49.620695,24.9925929],[49.6215533,24.989559],[49.6183776,24.9855135],[49.6188926,24.9840353],[49.6239566,24.9815457],[49.6269607,24.9795229],[49.6279048,24.9762552],[49.6274757,24.9736098],[49.6260165,24.97112],[49.625759,24.9680855],[49.6263599,24.965829],[49.6311664,24.9632612],[49.6332263,24.9603043],[49.6324538,24.9556354],[49.630823,24.9518223],[49.6306514,24.9480869],[49.6329688,24.9441957],[49.6326255,24.9408492],[49.633913,24.9367244],[49.6351146,24.9301087],[49.6343421,24.9273845],[49.6344279,24.9227144],[49.6358012,24.9178105],[49.6350288,24.914074],[49.6359729,24.9100261],[49.6357154,24.9059781],[49.6366595,24.9001393],[49.6378612,24.8951567],[49.6380328,24.8938331],[49.6382045,24.8901738],[49.6401786,24.8869037],[49.6396636,24.8858137],[49.6394061,24.8832442],[49.6409511,24.8811419],[49.6403503,24.8785724],[49.6402644,24.8762364],[49.6423244,24.8724987],[49.6432685,24.8683716],[49.643526,24.8654902],[49.643526,24.8635434],[49.6449851,24.8617522],[49.6485042,24.8580141],[49.6473884,24.8563787],[49.64859,24.8544316],[49.6509074,24.8524067],[49.6491908,24.8492914],[49.6515082,24.8470327],[49.6498775,24.8440731],[49.6516799,24.8422816],[49.6545982,24.8401007],[49.6558856,24.8369851],[49.6542548,24.8350378],[49.6503066,24.8320778],[49.6503066,24.8288841],[49.6508216,24.8255345],[49.6515941,24.8220289],[49.6537398,24.8210941],[49.6569156,24.8233533],[49.6614646,24.823587],[49.6648978,24.8229638],[49.6668719,24.8235091],[49.6685886,24.8214057],[49.6683311,24.8185233],[49.6684169,24.8156409],[49.6699618,24.8160304],[49.6730517,24.817199],[49.6727084,24.8137711],[49.6689319,24.8087071],[49.6682452,24.8054349],[49.669876,24.8029416],[49.6716785,24.7968643],[49.669361,24.790397],[49.6675586,24.7872801],[49.6665286,24.7854878],[49.6668719,24.7812019],[49.6696185,24.7792537],[49.6723651,24.7794875],[49.6745109,24.77902],[49.676485,24.7783186],[49.6756267,24.7753573],[49.6724509,24.7733311],[49.6725368,24.7716165],[49.671421,24.7691227],[49.6715068,24.766317],[49.67494,24.7674081],[49.6803474,24.7660832],[49.6824073,24.7652259],[49.6836089,24.7628877],[49.682064,24.7614848],[49.6788882,24.761251],[49.6776866,24.758601],[49.6756267,24.7563407],[49.6722793,24.7518979],[49.6724509,24.7495595],[49.6719359,24.7469093],[49.6710776,24.7455062],[49.6691035,24.747455],[49.6679019,24.7494816],[49.6660995,24.7510405],[49.6642112,24.7480006],[49.6627521,24.7444929],[49.6617221,24.7406733],[49.659233,24.7370095],[49.6550273,24.7331117],[49.6545123,24.7308509],[49.6560573,24.7283562],[49.6589755,24.7304611],[49.6619796,24.7336574],[49.665842,24.7364638],[49.668846,24.7377111],[49.671421,24.7370874],[49.6719359,24.7341251],[49.6691894,24.7317084],[49.6667861,24.7298374],[49.665327,24.7278884],[49.6613788,24.7238344],[49.6580314,24.7184549],[49.6545123,24.7114377],[49.6548556,24.7066814],[49.6549415,24.7005993],[49.6516799,24.6924114],[49.6521091,24.6891361],[49.6547698,24.6856267],[49.6569156,24.6852368],[49.6600055,24.6846909],[49.6659278,24.6843009],[49.6691894,24.6827412],[49.6728801,24.6805575],[49.67494,24.6773598],[49.6752833,24.6742401],[49.6751117,24.6708863],[49.6782016,24.6664405],[49.6789741,24.6630085],[49.6801757,24.6602004],[49.680519,24.6561442],[49.6791457,24.654194],[49.6772575,24.653258],[49.6742534,24.6489675],[49.6745967,24.6462371],[49.6771716,24.6472513],[49.6782874,24.6481874],[49.680004,24.6499036],[49.6819781,24.6510737],[49.6836948,24.6499036],[49.6829223,24.6484214],[49.6806907,24.645691],[49.6776866,24.6433507],[49.6746825,24.6407762],[49.6726226,24.6389818],[49.6730517,24.6348469],[49.6712493,24.6318042],[49.6718501,24.6303218],[49.6753692,24.6325844],[49.6779441,24.6343788],[49.6802615,24.6346909],[49.681034,24.6333646],[49.6798324,24.631258],[49.6763133,24.6289954],[49.6727943,24.6260305],[49.6726226,24.6232216],[49.6740817,24.6230656],[49.6776866,24.6262646],[49.6817206,24.6291514],[49.6830939,24.6272009],[49.6806048,24.6236117],[49.6747684,24.6190862],[49.675455,24.6147165],[49.6775149,24.6132339],[49.6834373,24.6154188],[49.6865272,24.6155748],[49.6864413,24.6133119],[49.6842956,24.6114392],[49.6801757,24.6080056],[49.679489,24.6051963],[49.6811198,24.6009823],[49.6792316,24.5981728],[49.6766566,24.5908367],[49.6762275,24.5856075],[49.6799182,24.5820172],[49.6813774,24.5785438],[49.6804761,24.5764753],[49.6795535,24.5741922],[49.6789527,24.5735677],[49.6773433,24.5733531],[49.6765709,24.5726896],[49.675262,24.5713236],[49.674468,24.569938],[49.6745324,24.5685915],[49.6748972,24.567284],[49.6756267,24.5680256],[49.6754551,24.569177],[49.675498,24.5702503],[49.6757769,24.5710114],[49.6762919,24.5708162],[49.6766782,24.5698014],[49.6768069,24.5683573],[49.6766352,24.5671279],[49.6758413,24.5661131],[49.6750688,24.5652349],[49.6744895,24.5641615],[49.6751547,24.5640835],[49.6763563,24.5640444],[49.6762919,24.5633614],[49.6756267,24.5624637],[49.6755624,24.5607658],[49.6754551,24.5590483],[49.6752405,24.5579944],[49.6745431,24.556677],[49.6744841,24.5564819],[49.6739953,24.5539941],[49.7378533,24.648266],[49.7611999,24.6714323],[49.7612857,24.6742011],[49.7629165,24.6777108],[49.7668218,24.6824682],[49.7671222,24.6850028],[49.7647619,24.6852367],[49.7629165,24.6856657],[49.7645473,24.6870304],[49.7659206,24.6890581],[49.7661352,24.6912806],[49.7650623,24.6925673],[49.7647619,24.6956476],[49.765706,24.6989617],[49.7659635,24.7011061],[49.7673368,24.7021588],[49.7683668,24.7009891],[49.7685813,24.6982599],[49.7685384,24.6965834],[49.7706842,24.6944389],[49.7716283,24.6974801],[49.7714996,24.701379],[49.7711563,24.7055897],[49.7710275,24.7070322],[49.7692251,24.7045371],[49.7678947,24.7036403],[49.7649335,24.7017299],[49.761672,24.6986498],[49.7585821,24.6972852],[49.7571659,24.6993126],[49.7584533,24.7021978],[49.7618436,24.7043031],[49.7626161,24.7107749],[49.7624874,24.7135039],[49.7648048,24.7143615],[49.7660923,24.7133089],[49.7667789,24.7102291],[49.7679376,24.7103071],[49.7697401,24.7122953],[49.7701263,24.7149463],[49.7691392,24.7168175],[49.7694826,24.7193904],[49.7690105,24.7221192],[49.7679376,24.7233276],[49.7687101,24.7251987],[49.7681522,24.7267969],[49.7670364,24.7268359],[49.7674655,24.7288239],[49.7688388,24.7313186],[49.7674226,24.7338522],[49.7663068,24.7357622],[49.7676372,24.7402835],[49.7690963,24.7402055],[49.7703838,24.7384516],[49.7697401,24.7363078],[49.7709417,24.7358791],[49.7721862,24.7373992],[49.7728729,24.7403614],[49.7725296,24.7422713],[49.7696542,24.7434405],[49.7686243,24.7449606],[49.7672081,24.7432457],[49.7650194,24.7428559],[49.764204,24.7441421],[49.7637319,24.7470652],[49.766221,24.754509],[49.7663927,24.7569642],[49.7678518,24.7601988],[49.7688818,24.7661611],[49.7674655,24.7667066],[49.7663497,24.7668625],[49.7653198,24.764992],[49.7644615,24.7629267],[49.7622299,24.7615238],[49.7593975,24.7622642],[49.7572946,24.7673691],[49.7572517,24.7687719],[49.7593116,24.7700189],[49.7641611,24.7717334],[49.7639036,24.7744221],[49.7616291,24.77563],[49.7602987,24.7766431],[49.762187,24.7799161],[49.7640752,24.7819032],[49.7647619,24.7854099],[49.7642469,24.7887606],[49.7653198,24.7904749],[49.7669935,24.7932021],[49.767723,24.7958513],[49.7666502,24.7968253],[49.7638177,24.7962409],[49.7624445,24.7977603],[49.7604274,24.798033],[49.7581529,24.7969811],[49.7563934,24.7945267],[49.7548055,24.793241],[49.7537326,24.7941761],[49.7534751,24.7967473],[49.7544622,24.801695],[49.755578,24.8058633],[49.7587108,24.8100315],[49.7592687,24.8127193],[49.7585821,24.8141996],[49.7564363,24.8128362],[49.7542047,24.8117845],[49.7524023,24.8129141],[49.7524023,24.8145502],[49.7550201,24.816342],[49.7567367,24.8181727],[49.756608,24.8196139],[49.7545051,24.8196529],[49.7532177,24.820354],[49.7519302,24.8225353],[49.7505569,24.8265471],[49.7503423,24.8297019],[49.7511148,24.832662],[49.7519302,24.8355051],[49.7510719,24.8375692],[49.7496128,24.8385039],[49.749012,24.8421648],[49.7492694,24.8438783],[49.7487974,24.8474611],[49.7466945,24.8498366],[49.7472524,24.8527961],[49.7485399,24.856768],[49.7477674,24.8595716],[49.74545,24.8616354],[49.74545,24.8654902],[49.7461795,24.8689166],[49.7455358,24.8755745],[49.7456646,24.8806747],[49.7465658,24.8835167],[49.7472095,24.8852297],[49.7447204,24.8845289],[49.7430896,24.8843343],[49.7433471,24.8861251],[49.7447633,24.8888502],[49.7452783,24.8909134],[49.7450637,24.892782],[49.7426176,24.8928988],[49.7414159,24.892782],[49.7407293,24.8941445],[49.7424888,24.8989326],[49.7406864,24.8979594],[49.7398281,24.8987768],[49.7406864,24.9010735],[49.7411155,24.9044989],[49.7420597,24.9078853],[49.741373,24.9095979],[49.7389268,24.9103764],[49.738841,24.9142686],[49.7377681,24.9154363],[49.7356653,24.9164093],[49.734292,24.9179272],[49.7365236,24.9215078],[49.7367382,24.9233759],[49.7353649,24.9254775],[49.7339057,24.9253997],[49.7333908,24.9233759],[49.732747,24.9211965],[49.7328758,24.9174601],[49.7331333,24.9150081],[49.7329616,24.9104154],[49.7315024,24.9052774],[49.7292708,24.900295],[49.7269534,24.895001],[49.7229194,24.8908746],[49.7189712,24.8893174],[49.7148513,24.8900181],[49.7112464,24.8949231],[49.7106456,24.9027084],[49.7111606,24.9076129],[49.7121905,24.912595],[49.7085857,24.9100261],[49.7074699,24.9139962],[49.7077273,24.9200678],[49.7056674,24.9317432],[49.70232,24.9389814],[49.7005176,24.9438066],[49.70129,24.9604599],[49.7020625,24.9766442],[49.6999168,24.9845021],[49.7043799,24.9936821],[49.7066974,25.0002165],[49.7077273,25.0062061],[49.709444,25.0117287],[49.7084998,25.0147622],[49.7053241,25.0148399],[49.7010326,25.0111065],[49.6984576,25.0107175],[49.6960544,25.0138288],[49.6965694,25.0188844],[49.6960544,25.0233176],[49.6913337,25.0199733],[49.6899604,25.0219954],[49.6910762,25.0258841],[49.6954536,25.0356053],[49.6951102,25.0423708],[49.6956252,25.0477363],[49.6935653,25.0577668],[49.6909045,25.0647643],[49.6861838,25.0693513],[49.6859264,25.0742492],[49.6896171,25.07938],[49.6920203,25.0857544],[49.6940803,25.0920508],[49.6919345,25.1012227],[49.6877288,25.1138134],[49.6840381,25.1239939],[49.6819781,25.1291227],[49.6803474,25.1306768],[49.6788882,25.1284233],[49.6745967,25.1292004],[49.6737384,25.132464],[49.6730517,25.1377479],[49.6738242,25.1399235],[49.6772575,25.1398458],[49.6787166,25.1407005],[49.6799182,25.1435753],[49.6832656,25.1493249],[49.6842097,25.1531318],[49.6849822,25.1596577],[49.6832656,25.1622991],[49.6818065,25.1663387],[49.6808623,25.1695237],[49.6830081,25.173097],[49.686098,25.1762818],[49.6848964,25.1786897],[49.6839522,25.1822628],[49.6841239,25.1844376],[49.6854972,25.1845929],[49.6873855,25.1808646],[49.6884154,25.1775246],[49.6902179,25.1706112],[49.691162,25.1689022],[49.6931361,25.1713103],[49.692192,25.1786897],[49.6902179,25.1831948],[49.6894454,25.1860687],[49.6910762,25.1858357],[49.692707,25.1824181],[49.6945953,25.178379],[49.6963977,25.1823404],[49.6980285,25.185525],[49.698286,25.1897191],[49.6985864,25.1910006],[49.6981573,25.1928258],[49.6973848,25.193719],[49.6952481,25.1934698],[49.6959257,25.1905346],[49.6945953,25.190923],[49.693222,25.1914666],[49.691205,25.1901463],[49.6895742,25.1889813],[49.6884155,25.1882046],[49.6872568,25.1874279],[49.685626,25.1889036],[49.6844673,25.1889036],[49.6848106,25.1876997],[49.684081,25.1871172],[49.6809053,25.1882046],[49.680047,25.1874667],[49.6783304,25.186224],[49.6761417,25.1857968],[49.6743822,25.1862628],[49.6733522,25.1878162],[49.6716785,25.1889036],[49.6706485,25.1879716],[49.6685457,25.1875444],[49.6672153,25.187389],[49.6659278,25.1858745],[49.6690177,25.181253],[49.6683311,25.1758934],[49.6681594,25.1717764],[49.6673869,25.16797],[49.6660136,25.1650181],[49.6615504,25.1610561],[49.6570014,25.1609784],[49.6545982,25.1636974],[49.64756,25.1643966],[49.6439551,25.1635421],[49.6395778,25.1622991],[49.6350288,25.1595801],[49.6304797,25.157094],[49.6250724,25.1531318],[49.6192359,25.1532872],[49.6152877,25.1554625],[49.6144294,25.159347],[49.6150302,25.1636974],[49.6118116,25.1645519],[49.61061,25.1630759],[49.6083784,25.1627652],[49.6064472,25.1614445],[49.6031427,25.1601238],[49.600439,25.1601238],[49.5978641,25.1612115],[49.5950317,25.1603957],[49.5958042,25.1577155],[49.5967912,25.1557344],[49.5964908,25.1526656],[49.59589,25.1503348],[49.597392,25.1482371],[49.5982933,25.1456731],[49.598422,25.1430314],[49.5970487,25.1406616],[49.5919418,25.1396904],[49.589281,25.1383694],[49.5870065,25.1366989],[49.5870924,25.1328137],[49.5868349,25.1304437],[49.5889377,25.1288118],[49.5901393,25.1270245],[49.5922422,25.1265194],[49.5939588,25.1258201],[49.5947742,25.1243436],[49.5937872,25.1227894],[49.5950746,25.1210408],[49.5966196,25.1199917],[49.597907,25.1178157],[49.5973491,25.1153677],[49.5960617,25.1143963],[49.5960187,25.1154066],[49.5955038,25.1169997],[49.5943021,25.1175049],[49.5947313,25.1154454],[49.5951604,25.1114041],[49.5955896,25.1057694],[49.5954608,25.1039041],[49.5959329,25.1014558],[49.5963192,25.098852],[49.5959758,25.0971809],[49.5945596,25.0968311],[49.5925426,25.0970643],[49.5914697,25.0960538],[49.591856,25.0940717],[49.5944309,25.093411],[49.5936584,25.0917787],[49.5937013,25.0900686],[49.5935297,25.0882808],[49.5975637,25.08762],[49.6015548,25.0840054],[49.6017694,25.0828005],[49.6001386,25.0792634],[49.5990657,25.0772422],[49.5965337,25.0768923],[49.5948171,25.0766591],[49.5921993,25.0777863],[49.5905256,25.0796132],[49.588809,25.0784471],[49.5883798,25.0766591],[49.5905685,25.0753764],[49.5925426,25.0748711],[49.5963192,25.0738604],[49.5971775,25.0723444],[49.5962762,25.0713338],[49.5962333,25.0693902],[49.5931434,25.0687293],[49.5896244,25.0677186],[49.5890235,25.0651141],[49.5912551,25.0631315],[49.5965766,25.0612267],[49.5976924,25.059555],[49.5993661,25.0559007],[49.598422,25.0544233],[49.5961046,25.0541901],[49.592843,25.0549287],[49.5907402,25.0549287],[49.5898819,25.0534903],[49.589281,25.0524406],[49.5884227,25.0518185],[49.5904827,25.0502634],[49.5905685,25.0486305],[49.5877361,25.0479695],[49.5856762,25.048475],[49.5850753,25.0469976],[49.5832729,25.0462977],[49.5829725,25.0446259]]]]},"id":"0","properties":{}}]}